gonderi_id,sube_kodu,alici_sehir,agirlik_kg,durum,kabul_tarihi,teslim_tarihi
TR100000,IST,Lake Satrettinbury,0.85,iade,2026-02-22 07:23:04,
TR100001,ANK,Lake Değmeer,6.77,yolda,2026-04-06 18:10:43,
TR100002,IST,New Şavkiton,20.33,iade,2026-08-09 20:53:18,
TR100003,IST,East Nafiihaven,17.76,iade,2026-01-21 15:26:02,
TR100004,IST,New Korkmazalpside,6.64,teslim,2026-08-31 20:55:30,2026-09-01 20:55:30
TR100005,ANT,South Mukbile,0.89,iade,2026-06-21 23:54:43,
TR100006,ANT,Port Gümüştekinchester,12.64,teslim,2026-04-28 02:37:45,2026-05-04 02:37:45
TR100007,ANT,Görgünayborough,8.42,yolda,2026-05-22 05:04:06,
TR100008,ANK,North Çetinsuville,20.97,teslim,2026-05-20 18:59:32,2026-05-27 18:59:32
TR100009,IZM,Necvaview,4.75,yolda,2026-05-29 11:38:03,
TR100010,IST,Duranville,2.87,yolda,2026-01-26 22:41:28,
TR100011,IZM,New Songurkanstad,18.15,teslim,2026-06-06 01:54:00,2026-06-09 01:54:00
TR100012,BUR,Lake Berki,16.13,teslim,2026-08-22 07:00:57,2026-08-28 07:00:57
TR100013,IST,Port Seyithan,16.61,yolda,2026-01-27 20:49:05,
TR100014,ANT,Port Denkel,26.58,iade,2026-02-10 01:25:08,
TR100015,ANT,Ayyarukstad,5.85,yolda,2026-06-06 16:44:13,
TR100016,ANK,Yargıborough,23.21,teslim,2026-03-14 05:44:59,2026-03-15 05:44:59
TR100017,ANK,New Rojnuburgh,26.01,teslim,2026-04-23 18:07:03,2026-04-30 18:07:03
TR100018,IZM,East Begim,13.66,yolda,2026-08-05 12:14:54,
TR100019,ANK,Safinazside,11.17,yolda,2026-06-06 10:29:05,
TR100020,IZM,Baltaşbury,21.08,teslim,2026-04-05 08:39:56,2026-04-11 08:39:56
TR100021,IST,Öğetview,18.31,iade,2026-01-22 12:53:59,
TR100022,ANK,New İde,4.99,teslim,2026-02-04 18:37:35,2026-02-09 18:37:35
TR100023,IZM,Lake Esna,29.69,yolda,2026-05-12 06:42:51,
TR100024,ANT,Mançoview,6.67,iade,2026-06-12 17:15:37,
TR100025,IST,Lake Kefser,6.95,yolda,2026-03-05 07:09:10,
TR100026,IZM,Mihriyechester,12.09,teslim,2026-08-07 09:20:10,2026-08-14 09:20:10
TR100027,ANT,Arsoybury,26.3,teslim,2026-08-24 16:37:29,2026-08-26 16:37:29
TR100028,ANK,Çorluton,19.7,yolda,2026-03-04 19:02:57,
TR100029,BUR,Lake Günaydin,4.37,yolda,2026-02-21 15:42:28,
TR100030,ANT,South Çokanmouth,16.22,teslim,2026-06-23 00:31:11,2026-06-25 00:31:11
TR100031,ANT,Hurşidetown,12.91,iade,2026-08-03 13:24:25,
TR100032,BUR,Sahilmouth,10.92,iade,2026-02-23 13:24:12,
TR100033,BUR,Alabezekburgh,2.82,teslim,2026-02-22 09:26:43,2026-02-27 09:26:43
TR100034,IST,Lake İldeşview,4.67,teslim,2026-07-05 06:42:55,2026-07-12 06:42:55
TR100035,BUR,New Dolun,17.93,teslim,2026-07-23 11:30:16,2026-07-30 11:30:16
TR100036,BUR,Sadetihaven,17.92,yolda,2026-09-09 21:55:26,
TR100037,ANT,East Çakırca,7.62,yolda,2026-09-03 13:43:03,
TR100038,IST,New Torhanfort,20.44,iade,2026-03-13 19:27:00,
TR100039,ANT,West Tanyolaçbury,,teslim,2026-01-17 15:14:25,2026-01-23 15:14:25
TR100040,IZM,New Boynak,3.44,iade,2026-02-01 13:36:20,
TR100041,ANK,Alemdarland,13.67,yolda,2026-02-12 08:03:06,
TR100042,IZM,East Seyyide,29.16,iade,2026-08-04 22:53:06,
TR100043,IST,West Gülmisal,26.13,teslim,2026-07-13 15:39:24,2026-07-18 15:39:24
TR100044,ANT,Bilirside,18.31,yolda,2026-09-02 15:34:08,
TR100045,ANK,Öztekstad,16.23,teslim,2026-03-29 04:34:03,2026-04-01 04:34:03
TR100046,IST,Demirbury,18.01,iade,2026-06-29 05:05:33,
TR100047,IST,West Akınalshire,3.44,yolda,2026-04-07 08:02:05,
TR100048,IZM,New Mihin,7.26,yolda,2026-08-13 04:37:36,
TR100049,IST,Lake Raylaton,2.66,teslim,2026-01-12 20:43:38,2026-01-17 20:43:38
TR100050,IST,North Tuğrulhanland,29.34,yolda,2026-04-08 23:35:45,
TR100051,ANK,West Sümerya,3.94,iade,2026-07-28 17:59:10,
TR100052,ANT,New Erseç,5.04,yolda,2026-07-17 14:05:41,
TR100053,ANT,Yükselfort,12.75,iade,2026-08-19 20:12:40,
TR100054,ANK,North Dayar,21.42,teslim,2026-06-17 03:46:39,2026-06-22 03:46:39
TR100055,IZM,Şekimchester,13.2,yolda,2026-06-26 11:23:31,
TR100056,BUR,Lake Serfinazville,3.72,iade,2026-07-10 10:41:21,
TR100057,IZM,Gülmouth,0.73,teslim,2026-02-02 14:39:17,2026-02-03 14:39:17
TR100058,ANK,East Kavurt,17.69,iade,2026-02-21 12:09:54,
TR100059,IST,Yamanchester,6.95,teslim,2026-08-06 08:14:57,2026-08-07 08:14:57
TR100060,IZM,Behizabury,2.22,teslim,2026-03-22 07:56:10,2026-03-29 07:56:10
TR100061,BUR,Sezginside,6.51,teslim,2026-02-08 08:20:31,2026-02-11 08:20:31
TR100062,ANT,Lake Hadreytown,17.33,teslim,2026-02-17 02:16:45,2026-02-23 02:16:45
TR100063,BUR,East Üstün,24.24,teslim,2026-02-15 06:58:33,2026-02-22 06:58:33
TR100064,IST,Bilirfurt,19.8,teslim,2026-07-17 16:12:26,2026-07-18 16:12:26
TR100065,BUR,South Abdulmenaf,12.39,yolda,2026-02-01 20:13:31,
TR100066,IST,Ayşeanaport,20.23,iade,2026-06-10 16:41:54,
TR100067,IST,Mançoborough,1.91,iade,2026-06-23 08:25:09,
TR100068,IZM,North Menişan,24.04,iade,2026-05-05 07:13:16,
TR100069,ANK,Lake Tekbayton,5.79,teslim,2026-08-08 15:19:46,2026-08-10 15:19:46
TR100070,ANK,Zorluhaven,12.71,yolda,2026-01-29 13:03:51,
TR100071,BUR,New Boztaşburgh,7.57,yolda,2026-03-12 05:04:59,
TR100072,ANT,Lake Nazlimfurt,3.03,teslim,2026-02-05 16:22:08,2026-02-09 16:22:08
TR100073,ANT,New Müsemma,25.1,iade,2026-02-25 15:07:41,
TR100074,ANK,South Sevicanshire,5.07,teslim,2026-01-25 12:07:22,2026-02-01 12:07:22
TR100075,BUR,Rasulborough,6.49,yolda,2026-08-17 14:00:02,
TR100076,IST,West Özinal,5.02,yolda,2026-05-12 02:06:35,
TR100077,IZM,Ağbegimmouth,27.8,teslim,2026-03-01 21:34:40,2026-03-05 21:34:40
TR100078,IZM,South Nüdretshire,12.75,yolda,2026-02-07 05:51:17,
TR100079,ANT,New Mecithaven,19.89,iade,2026-02-17 21:35:48,
TR100080,ANK,West Beren,5.78,yolda,2026-04-23 01:33:03,
TR100081,ANT,Serdaburgh,22.1,teslim,2026-04-14 22:35:58,2026-04-15 22:35:58
TR100082,IZM,Nihanhaven,1.81,teslim,2026-06-29 05:52:48,2026-07-05 05:52:48
TR100083,BUR,Sirapville,15.14,iade,2026-01-13 02:37:13,
TR100084,ANK,Ekberville,1.8,iade,2026-03-03 05:23:16,
TR100085,IST,West Seler,25.56,iade,2026-08-12 22:07:19,
TR100086,IST,Lake Uzbay,20.29,teslim,2026-09-01 23:07:35,2026-09-06 23:07:35
TR100087,IST,Fehmiyefort,28.25,teslim,2026-03-30 03:22:06,2026-04-03 03:22:06
TR100088,ANK,North Risaletchester,17.41,iade,2026-04-17 14:19:24,
TR100089,IST,North Türkalpberg,12.63,teslim,2026-04-27 12:33:01,2026-05-02 12:33:01
TR100090,ANT,Lake Arziye,15.73,iade,2026-04-21 19:18:14,
TR100091,ANK,Durmuştown,20.12,yolda,2026-08-12 07:44:17,
TR100092,ANK,Lake Gençayside,8.04,yolda,2026-02-22 12:26:38,
TR100093,IZM,Meveddetside,13.77,teslim,2026-01-24 01:30:37,2026-01-30 01:30:37
TR100094,BUR,Yamanton,18.67,teslim,2026-03-08 14:02:16,2026-03-09 14:02:16
TR100095,IST,Asımstad,2.29,iade,2026-05-09 18:52:47,
TR100096,IZM,Lake Diken,4.06,teslim,2026-04-01 15:45:32,2026-04-06 15:45:32
TR100097,IST,Mansızberg,26.39,yolda,2026-05-27 10:13:39,
TR100098,IZM,Port Hükümdar,4.82,yolda,2026-04-12 00:15:20,
TR100099,IZM,East Şüküfemouth,18.39,iade,2026-06-19 04:33:58,
TR100100,ANT,West Gümüştekin,0.33,iade,2026-06-18 23:08:55,
TR100101,IZM,Bilgeton,27.96,iade,2026-02-21 01:13:41,
TR100102,IZM,East Banü,3.55,teslim,2026-07-11 20:51:10,2026-07-13 20:51:10
TR100103,ANT,Möhsimbury,4.75,teslim,2026-05-25 20:45:23,2026-05-31 20:45:23
TR100104,ANT,South Turgut,6.4,yolda,2026-01-19 06:16:20,
TR100105,ANK,Port Sağıtstad,20.66,yolda,2026-04-28 06:28:21,
TR100106,ANT,Tarhanside,14.71,yolda,2026-07-26 21:42:32,
TR100107,BUR,North Rasulburgh,24.9,teslim,2026-05-18 16:14:39,2026-05-19 16:14:39
TR100108,IZM,Arısoyville,23.16,teslim,2026-08-23 13:11:32,2026-08-24 13:11:32
TR100109,IZM,Ergülmouth,4.93,iade,2026-08-29 18:09:03,
TR100110,ANT,South Mehrigülborough,21.2,yolda,2026-06-28 13:11:22,
TR100111,IST,Lake Alizetown,3.45,iade,2026-04-18 23:53:23,
TR100112,ANK,West Ahter,16.41,iade,2026-07-30 23:42:45,
TR100113,ANT,Orçinmouth,16.62,yolda,2026-02-06 05:54:25,
TR100114,ANK,Ferhanport,1.35,yolda,2026-02-27 11:17:45,
TR100115,IST,Ülküdeşport,26.98,yolda,2026-06-17 16:12:06,
TR100116,ANK,East Şahmettin,20.04,teslim,2026-08-13 09:12:09,2026-08-19 09:12:09
TR100117,ANT,New Lezize,26.54,yolda,2026-06-06 07:35:38,
TR100118,ANT,Durmuştown,22.51,yolda,2026-05-06 22:45:36,
TR100119,ANK,Mahirchester,29.29,teslim,2026-05-08 02:01:25,2026-05-15 02:01:25
TR100120,IST,Beraymouth,5.46,teslim,2026-08-23 07:33:13,2026-08-27 07:33:13
TR100121,BUR,New Burcuhan,24.09,yolda,2026-06-30 18:55:54,
TR100122,ANK,West Gökperimouth,8.08,iade,2026-03-16 23:20:32,
TR100123,IST,Lake Taygan,11.54,iade,2026-02-15 08:08:08,
TR100124,BUR,East Aliabbas,6.75,teslim,2026-04-07 07:30:23,2026-04-14 07:30:23
TR100125,IZM,South Neşrin,9.23,yolda,2026-01-28 00:26:49,
TR100126,IST,Sevenshire,19.83,teslim,2026-02-07 08:30:43,2026-02-09 08:30:43
TR100127,IZM,Soylufurt,8.43,yolda,2026-03-26 13:58:17,
TR100128,IZM,Lake Vezrife,10.6,teslim,2026-04-14 19:48:13,2026-04-21 19:48:13
TR100129,BUR,Port Şenkalbury,20.42,iade,2026-01-12 05:23:07,
TR100130,IZM,Yorulmazside,28.18,iade,2026-03-19 09:05:11,
TR100131,ANK,South Ertuncaymouth,17.46,teslim,2026-04-16 20:24:00,2026-04-19 20:24:00
TR100132,IST,Asimanhaven,3.34,yolda,2026-08-04 08:12:42,
TR100133,IZM,Akçayburgh,21.88,yolda,2026-06-24 19:12:57,
TR100134,BUR,Eraslanbury,18.23,yolda,2026-07-13 09:59:25,
TR100135,IST,Şenerbury,11.62,iade,2026-04-27 18:25:58,
TR100136,ANK,Erdoğanport,7.72,iade,2026-04-26 17:08:15,
TR100137,BUR,Ufukaymouth,0.15,iade,2026-04-11 03:20:32,
TR100138,ANK,East Gizbury,10.99,iade,2026-08-07 20:17:15,
TR100139,IZM,Lake Mehmed,18.73,teslim,2026-06-07 19:51:05,2026-06-13 19:51:05
TR100140,IST,Sevenmouth,21.62,iade,2026-02-04 00:21:36,
TR100141,ANT,Seventon,9.35,yolda,2026-08-08 19:12:22,
TR100142,IZM,Kısakürekshire,12.13,yolda,2026-03-31 09:32:24,
TR100143,ANT,Güçlütown,3.91,yolda,2026-01-17 15:45:17,
TR100144,BUR,Özalpsanchester,20.35,yolda,2026-05-26 16:20:00,
TR100145,ANT,South Mevlüt,9.1,teslim,2026-08-07 02:16:59,2026-08-12 02:16:59
TR100146,IST,Soylutown,9.19,iade,2026-04-26 01:38:43,
TR100147,ANT,Süleylafurt,18.24,teslim,2026-06-10 02:06:56,2026-06-14 02:06:56
TR100148,BUR,Çamurcuoğluberg,13.31,yolda,2026-03-15 04:01:56,
TR100149,ANK,South Müjdeshire,15.38,iade,2026-09-08 17:33:32,
TR100150,ANK,Lake Abiyeberg,19.8,iade,2026-01-20 14:18:47,
TR100151,ANT,North Rahmet,19.95,yolda,2026-07-08 09:02:43,
TR100152,IZM,Mansuralimouth,2.89,iade,2026-06-06 07:12:28,
TR100153,IZM,Çelikyürekview,6.82,teslim,2026-05-17 00:07:39,2026-05-23 00:07:39
TR100154,IST,Bulunçfort,1.48,teslim,2026-06-22 18:58:22,2026-06-24 18:58:22
TR100155,ANT,West Muhyettinland,25.51,yolda,2026-01-17 14:22:09,
TR100156,BUR,East Korugantown,26.6,teslim,2026-01-25 16:56:12,2026-01-29 16:56:12
TR100157,ANK,East Erginel,21.58,iade,2026-09-08 08:58:19,
TR100158,BUR,New Merzukmouth,12.05,yolda,2026-07-12 23:36:46,
TR100159,IST,Hakikatville,26.79,teslim,2026-04-19 14:04:05,2026-04-25 14:04:05
TR100160,BUR,Doğuhanshire,6.64,teslim,2026-03-14 16:06:42,2026-03-21 16:06:42
TR100161,ANT,Mehdiyefurt,13.99,iade,2026-01-20 01:02:38,
TR100162,ANK,North Müjde,27.53,iade,2026-06-13 02:47:28,
TR100163,ANK,Lake Taciddinville,24.06,teslim,2026-04-14 09:13:27,2026-04-18 09:13:27
TR100164,ANT,West Gülçechester,29.64,iade,2026-08-17 20:34:39,
TR100165,IZM,New Sehelmouth,28.51,iade,2026-06-02 23:40:29,
TR100166,ANT,Alemdarfort,24.47,yolda,2026-01-14 23:37:49,
TR100167,BUR,Arsoymouth,24.93,iade,2026-02-20 01:23:50,
TR100168,BUR,Akçayhaven,26.93,iade,2026-03-10 11:41:05,
TR100169,BUR,Ertaşchester,13.56,iade,2026-04-24 23:03:15,
TR100170,IZM,Tolonbaybury,23.0,teslim,2026-08-28 03:58:03,2026-09-04 03:58:03
TR100171,BUR,Aysemabury,18.84,iade,2026-02-12 17:27:38,
TR100172,BUR,Şamatown,2.42,yolda,2026-07-09 13:06:02,
TR100173,ANK,Jankatfort,8.22,yolda,2026-07-21 00:58:27,
TR100174,ANT,Pirahmetmouth,2.51,yolda,2026-04-02 10:48:15,
TR100175,BUR,Hüsnühâltown,20.85,teslim,2026-04-28 16:18:35,2026-04-30 16:18:35
TR100176,ANK,North Nurcan,2.02,iade,2026-07-29 17:01:07,
TR100177,IZM,Durmuşbury,16.32,yolda,2026-06-16 21:53:18,
TR100178,IST,Dumanlıtown,6.28,yolda,2026-07-13 23:12:47,
TR100179,BUR,Mirbadinfurt,27.15,yolda,2026-02-15 05:01:26,
TR100180,IST,Sitishire,25.72,iade,2026-04-14 13:28:20,
TR100181,BUR,Durmuşhaven,14.36,iade,2026-06-02 09:13:25,
TR100182,IZM,Korutürkside,22.63,yolda,2026-05-23 13:45:18,
TR100183,ANT,Zülfüyemouth,22.45,yolda,2026-05-18 12:54:08,
TR100184,ANT,Onukerbury,26.94,iade,2026-04-25 06:49:40,
TR100185,ANK,West Enes,8.26,yolda,2026-02-25 22:17:53,
TR100186,IST,East Mengüç,11.73,yolda,2026-08-06 04:19:04,
TR100187,BUR,İsrashire,21.75,iade,2026-07-17 02:45:42,
TR100188,ANK,Denizalpborough,29.42,yolda,2026-08-01 19:40:26,
TR100189,IST,West Idık,27.22,iade,2026-05-05 02:55:15,
TR100190,ANT,Lake Gülüsberg,19.92,iade,2026-05-07 11:02:31,
TR100191,BUR,North Hurşideport,4.16,teslim,2026-04-26 14:28:14,2026-05-02 14:28:14
TR100192,ANK,Sakaryatown,1.6,yolda,2026-02-28 02:42:50,
TR100193,IZM,Bilayfort,6.43,yolda,2026-08-21 00:22:12,
TR100194,IZM,Kanakton,22.86,yolda,2026-06-30 03:10:14,
TR100195,IZM,Demirland,22.59,yolda,2026-04-18 02:58:22,
TR100196,IZM,Erdoğanshire,25.06,yolda,2026-06-14 16:34:04,
TR100197,IST,East Kifaye,22.5,yolda,2026-01-30 21:22:36,
TR100198,ANK,East Emirşanside,19.54,teslim,2026-05-08 01:39:22,2026-05-11 01:39:22
TR100199,IST,Port Güler,22.65,iade,2026-06-20 16:43:36,
TR100200,IST,Çamurcuoğlumouth,18.68,teslim,2026-06-06 19:05:02,2026-06-08 19:05:02
TR100201,BUR,Hançershire,20.12,teslim,2026-05-05 13:14:09,2026-05-07 13:14:09
TR100202,ANK,New Demirokborough,14.0,iade,2026-09-08 06:05:53,
TR100203,IZM,West Sezen,5.12,yolda,2026-09-09 23:55:35,
TR100204,IST,East Heyvetullah,23.36,iade,2026-02-10 14:25:33,
TR100205,IST,East Abdulsemetchester,17.4,teslim,2026-08-12 10:38:40,2026-08-15 10:38:40
TR100206,ANT,Arslanton,20.35,yolda,2026-07-04 00:42:09,
TR100207,BUR,Çolpanport,28.25,yolda,2026-04-09 23:13:07,
TR100208,ANT,Lake Nasview,20.75,teslim,2026-07-05 09:34:57,2026-07-06 09:34:57
TR100209,ANK,South Efser,3.15,iade,2026-09-09 19:40:00,
TR100210,ANT,Lake Gençay,24.19,yolda,2026-08-09 13:23:35,
TR100211,IST,North Baydu,10.48,iade,2026-04-23 05:34:40,
TR100212,IZM,Müveddetshire,2.16,yolda,2026-03-15 12:12:58,
TR100213,IZM,Demirmouth,0.48,iade,2026-05-02 03:44:58,
TR100214,BUR,Akçaview,3.26,yolda,2026-05-08 04:02:21,
TR100215,BUR,Dumanlıland,21.25,yolda,2026-07-23 10:26:33,
TR100216,ANK,South Şeydamouth,22.04,yolda,2026-08-30 07:48:34,
TR100217,IZM,Aliseydiland,18.52,iade,2026-09-01 12:43:22,
TR100218,BUR,Port Talibeview,14.0,iade,2026-04-08 23:26:02,
TR100219,ANT,Port Hiçsönmezfort,8.13,iade,2026-08-21 20:42:54,
TR100220,IST,Çamurcuoğluview,8.44,teslim,2026-07-30 14:47:50,2026-08-06 14:47:50
TR100221,ANK,Şenerfort,22.54,yolda,2026-03-21 13:18:19,
TR100222,ANT,Ergülchester,20.08,iade,2026-02-14 12:08:41,
TR100223,IST,Süsenville,14.88,yolda,2026-05-19 12:21:47,
TR100224,ANK,İlkimfort,14.68,yolda,2026-03-13 12:42:00,
TR100225,IZM,Alemdarside,10.28,yolda,2026-05-02 00:05:18,
TR100226,IZM,Çorlumouth,16.72,iade,2026-01-24 07:44:45,
TR100227,ANK,Ekmelfurt,2.66,iade,2026-04-18 02:13:54,
TR100228,BUR,,14.71,iade,2026-07-28 22:05:18,
TR100229,BUR,East Gülaystad,19.41,teslim,2026-06-19 13:27:01,2026-06-25 13:27:01
TR100230,BUR,Şenermouth,23.81,yolda,2026-09-08 21:04:19,
TR100231,ANK,West Hekime,12.19,teslim,2026-01-30 02:45:37,2026-02-02 02:45:37
TR100232,ANT,Altınçiçekfort,11.13,teslim,2026-03-01 22:50:08,2026-03-04 22:50:08
TR100233,ANT,Lake Nevisebury,10.38,iade,2026-02-26 05:28:37,
TR100234,ANT,Hilaydatown,9.99,iade,2026-03-12 13:53:43,
TR100235,BUR,Çorlubury,8.2,iade,2026-08-12 13:03:36,
TR100236,ANK,Akçaville,3.71,yolda,2026-02-23 03:14:17,
TR100237,IST,İhsanoğluport,22.31,teslim,2026-03-10 20:49:07,2026-03-13 20:49:07
TR100238,ANK,İntihapfort,5.83,iade,2026-07-26 16:44:05,
TR100239,BUR,South Hilayda,-3.5,iade,2026-07-12 11:06:40,
TR100240,ANT,Akarhaven,17.94,iade,2026-03-07 05:51:53,
TR100241,ANK,West İnançlımouth,8.96,teslim,2026-03-04 02:03:13,2026-03-11 02:03:13
TR100242,ANK,Abdulsemetport,9.14,yolda,2026-07-26 06:09:43,
TR100243,ANT,Bilgeberg,3.88,iade,2026-05-06 00:26:45,
TR100244,ANT,Ergülmouth,8.83,teslim,2026-07-02 11:49:38,2026-07-03 11:49:38
TR100245,BUR,Ertaşmouth,3.17,teslim,2026-08-12 09:56:49,2026-08-18 09:56:49
TR100246,IZM,New Çıdal,14.13,teslim,2026-03-24 08:04:17,2026-03-29 08:04:17
TR100247,IZM,Türkmouth,5.61,yolda,2026-04-10 18:39:49,
TR100248,BUR,Kısakürekberg,3.51,teslim,2026-07-12 18:09:43,2026-07-15 18:09:43
TR100249,BUR,East Fadılashire,2.32,teslim,2026-07-21 10:30:05,2026-07-25 10:30:05
TR100250,IST,Port Ankaville,4.64,iade,2026-05-19 00:07:07,
TR100251,IZM,Yılmazberg,2.65,iade,2026-08-02 07:55:23,
TR100252,ANT,North Bilay,22.96,teslim,2026-06-18 06:58:53,2026-06-19 06:58:53
TR100253,ANT,Orçinfurt,23.74,iade,2026-04-22 23:53:42,
TR100254,ANT,Tasvirside,11.47,teslim,2026-02-10 06:17:48,2026-02-17 06:17:48
TR100255,IZM,Permunfort,25.82,yolda,2026-06-06 15:38:53,
TR100256,IZM,New Berenbury,17.1,yolda,2026-08-08 04:20:19,
TR100257,IST,Lake Cemalettin,28.43,teslim,2026-05-01 16:16:13,2026-05-06 16:16:13
TR100258,ANK,Port Revzaville,8.01,teslim,2026-06-27 14:36:40,2026-07-03 14:36:40
TR100259,ANK,Lake Sümeyye,5.3,teslim,2026-07-01 09:05:15,2026-07-03 09:05:15
TR100260,IST,West Baltaşport,12.31,teslim,2026-01-21 07:30:42,2026-01-23 07:30:42
TR100261,ANT,Afifeberg,14.15,iade,2026-05-29 06:49:27,
TR100262,IZM,Durduburgh,21.24,teslim,2026-04-14 21:47:20,2026-04-16 21:47:20
TR100263,BUR,North Neyran,2.23,iade,2026-03-17 02:03:58,
TR100264,ANT,South Meyhanim,19.87,teslim,2026-06-07 15:16:30,2026-06-10 15:16:30
TR100265,IST,South Sabihe,16.38,teslim,2026-03-06 15:39:27,2026-03-10 15:39:27
TR100266,ANK,Eraslantown,27.26,iade,2026-04-18 16:56:39,
TR100267,IST,Teybetside,5.06,teslim,2026-07-09 18:10:42,2026-07-10 18:10:42
TR100268,ANT,South Uğurkanshire,22.49,yolda,2026-03-12 10:08:36,
TR100269,IZM,Sezerview,13.23,iade,2026-05-06 06:01:24,
TR100270,IZM,Korkmazalpfurt,21.02,yolda,2026-07-06 11:43:20,
TR100271,ANT,East Çokanshire,16.25,yolda,2026-07-16 17:31:46,
TR100272,IST,Zeynoport,17.98,yolda,2026-05-29 11:26:44,
TR100273,IZM,Aslantown,18.15,yolda,2026-01-18 14:11:44,
TR100274,ANK,New Ergülport,28.86,teslim,2026-08-17 20:32:40,2026-08-18 20:32:40
TR100275,ANT,Metinkayaborough,28.53,iade,2026-04-09 10:33:45,
TR100276,IZM,Ticenberg,17.33,iade,2026-09-08 04:49:44,
TR100277,ANT,West Aralton,19.58,teslim,2026-02-16 19:20:14,2026-02-20 19:20:14
TR100278,ANK,Şendoğanberg,29.91,yolda,2026-08-23 03:43:23,
TR100279,BUR,Tunçboğachester,29.07,yolda,2026-02-14 01:48:28,
TR100280,IZM,East Güzey,12.31,yolda,2026-03-19 06:47:16,
TR100281,IST,Gürardaview,25.75,yolda,2026-06-01 03:44:35,
TR100282,BUR,Uluğbeyville,20.84,yolda,2026-07-16 04:51:04,
TR100283,BUR,East Musafetfurt,24.43,yolda,2026-07-10 22:52:07,
TR100284,IST,Celilayfurt,13.7,teslim,2026-08-14 12:14:02,2026-08-12 12:14:02
TR100285,IZM,Güngörenville,9.77,yolda,2026-01-15 11:26:06,
TR100286,ANT,Tanview,24.77,yolda,2026-07-05 16:37:00,
TR100287,ANT,Alemdarstad,13.91,teslim,2026-08-25 02:11:55,2026-08-31 02:11:55
TR100288,ANT,South Aliihsan,10.92,teslim,2026-02-21 03:33:45,2026-02-23 03:33:45
TR100289,BUR,Nezengülbury,22.82,yolda,2026-09-07 16:17:57,
TR100290,ANT,Çamurcuoğluport,4.02,teslim,2026-02-03 14:55:45,2026-02-06 14:55:45
TR100291,BUR,East Ayboraton,26.44,yolda,2026-06-17 15:17:49,
TR100292,IST,Demirville,0.96,yolda,2026-05-08 06:35:14,
TR100293,ANT,South Ayçan,24.0,iade,2026-04-11 06:11:55,
TR100294,ANK,Zenginberg,9.39,iade,2026-06-03 03:46:54,
TR100295,BUR,Port Dürrüşehvarchester,2.89,teslim,2026-06-20 04:42:28,2026-06-25 04:42:28
TR100296,IST,Lake Zihniborough,19.47,teslim,2026-04-28 17:04:15,2026-05-02 17:04:15
TR100297,IZM,Akçabury,15.32,teslim,2026-07-01 06:20:01,2026-07-05 06:20:01
TR100298,BUR,Lake Yılmaside,25.06,yolda,2026-05-30 22:10:58,
TR100299,ANK,South Savniborough,13.76,yolda,2026-05-29 08:47:11,
TR100300,ANK,Çorluborough,27.66,teslim,2026-02-26 12:18:53,2026-03-02 12:18:53
TR100301,ANK,North Türkalpbury,25.93,iade,2026-08-29 23:30:27,
TR100302,BUR,North Hümeyra,10.26,teslim,2026-02-27 23:23:58,2026-02-25 23:23:58
TR100303,IZM,Port Nakip,24.63,iade,2026-03-31 12:33:01,
TR100304,IZM,Port Müşüre,25.14,yolda,2026-05-17 16:06:03,
TR100305,BUR,Ferziberg,25.97,iade,2026-01-11 04:07:59,
TR100306,ANT,Hindalville,14.58,yolda,2026-08-07 20:52:36,
TR100307,ANT,North Yağızkurt,22.91,yolda,2026-01-20 01:59:32,
TR100308,BUR,Akgölburgh,27.99,yolda,2026-04-12 11:23:13,
TR100309,ANK,East Şalihaven,17.2,teslim,2026-04-23 03:06:30,2026-04-29 03:06:30
TR100310,BUR,South Ayhanstad,1.41,teslim,2026-02-23 04:59:31,2026-03-02 04:59:31
TR100311,BUR,South Fatinurbury,21.19,iade,2026-07-28 09:25:42,
TR100312,BUR,Lake Sevsevilhaven,29.65,yolda,2026-09-05 22:54:54,
TR100313,ANK,Şensoytown,14.91,iade,2026-05-07 05:06:08,
TR100314,ANT,Akdenizfurt,28.96,teslim,2026-02-02 16:38:15,2026-02-04 16:38:15
TR100315,IST,South Özpetekmouth,26.24,yolda,2026-06-24 14:51:43,
TR100316,IST,West Nevginberg,15.83,yolda,2026-02-07 14:41:13,
TR100317,IST,West Paye,21.7,yolda,2026-02-04 13:54:24,
TR100318,ANK,Çinerkhaven,2.34,yolda,2026-08-25 09:41:53,
TR100319,IZM,Zorluchester,18.74,yolda,2026-05-04 14:21:00,
TR100320,IST,Port Sernurside,25.57,yolda,2026-02-17 14:06:50,
TR100321,ANT,Dumanlıbury,11.46,iade,2026-04-03 13:51:50,
TR100322,BUR,Ayyarukfurt,26.18,yolda,2026-06-19 18:43:33,
TR100323,IST,West Şinasimouth,7.12,teslim,2026-06-20 15:00:30,2026-06-25 15:00:30
TR100324,IZM,Göknurfort,29.92,iade,2026-04-19 01:26:56,
TR100325,IST,Port Cabirland,13.08,iade,2026-02-05 03:25:54,
TR100326,IST,Lake Âdemberg,13.37,teslim,2026-06-26 19:05:05,2026-07-03 19:05:05
TR100327,IZM,New Kerimeside,27.11,iade,2026-08-14 03:27:18,
TR100328,IST,South Yalınchester,8.87,teslim,2026-05-18 02:13:37,2026-05-21 02:13:37
TR100329,BUR,Nazendeport,4.45,yolda,2026-01-30 01:12:57,
TR100330,BUR,New Ferinazborough,17.02,iade,2026-05-26 15:17:02,
TR100331,ANK,Bilginville,2.46,teslim,2026-03-11 03:53:37,2026-03-13 03:53:37
TR100332,ANT,Efserview,20.53,yolda,2026-05-26 01:00:10,
TR100333,ANT,Port Acarkan,4.38,yolda,2026-08-21 00:42:13,
TR100334,IZM,New Sevimview,13.84,yolda,2026-08-15 22:16:59,
TR100335,IST,West Zülfüye,26.98,iade,2026-01-21 07:34:01,
TR100336,IZM,Vâlâtown,20.36,yolda,2026-05-10 01:38:59,
TR100337,BUR,New Sevican,28.36,teslim,2026-03-21 12:31:34,2026-03-22 12:31:34
TR100338,IZM,East Rengültown,19.2,iade,2026-06-14 17:17:05,
TR100339,IZM,South Şahat,13.76,yolda,2026-02-14 16:56:50,
TR100340,ANK,Gülağastad,29.98,yolda,2026-07-05 05:59:20,
TR100341,IST,Lazeland,7.19,yolda,2026-05-11 02:22:28,
TR100342,IZM,East Nurmelek,17.29,iade,2026-01-30 12:03:13,
TR100343,IZM,West Asliyechester,0.76,iade,2026-01-29 09:31:26,
TR100344,BUR,Sevenview,8.31,iade,2026-07-17 16:23:56,
TR100345,IST,West Adilaville,27.33,iade,2026-04-03 18:57:08,
TR100346,BUR,Fıratport,25.0,iade,2026-04-30 01:45:08,
TR100347,ANK,South Natalia,18.25,yolda,2026-01-27 17:01:27,
TR100348,ANK,East Taciddinborough,19.13,yolda,2026-01-31 08:18:31,
TR100349,IZM,Seyithanmouth,20.37,iade,2026-03-04 08:49:29,
TR100350,ANK,South Adviyeburgh,18.88,iade,2026-02-25 16:02:20,
TR100351,IST,Duranbury,9.34,iade,2026-03-01 05:48:06,
TR100352,IST,Beylerfurt,17.43,yolda,2026-07-23 08:29:12,
TR100353,ANK,Yıldırımmouth,2.79,iade,2026-01-26 11:59:22,
TR100354,IZM,Mehdiyechester,22.45,yolda,2026-02-09 07:26:09,
TR100355,ANK,Demirelchester,23.62,teslim,2026-08-20 18:10:34,2026-08-22 18:10:34
TR100356,ANT,South Aközmouth,15.1,yolda,2026-05-02 12:10:52,
TR100357,ANK,Karadenizstad,7.78,yolda,2026-03-17 19:40:40,
TR100358,IZM,Akdenizville,22.42,yolda,2026-02-13 07:08:02,
TR100359,IST,Zenginfurt,14.1,yolda,2026-04-14 13:34:40,
TR100360,ANK,South Tayganmouth,25.82,teslim,2026-08-01 13:23:19,2026-08-03 13:23:19
TR100361,BUR,ISTANBUL,29.02,iade,2026-04-06 02:54:18,
TR100362,IZM,New Fidayeborough,2.8,iade,2026-07-27 07:45:10,
TR100363,IST,Şahnurayberg,8.01,yolda,2026-05-25 18:07:02,
TR100364,IZM,East Oğulbaşborough,20.22,teslim,2026-04-11 19:53:21,2026-04-15 19:53:21
TR100365,IZM,Port Sevcan,17.58,iade,2026-03-18 10:49:55,
TR100366,IZM,Port Pürçek,3.34,iade,2026-02-08 08:02:50,
TR100367,IST,İnönüshire,18.62,teslim,2026-07-20 23:12:30,2026-07-24 23:12:30
TR100368,IZM,Tarhanshire,27.47,iade,2026-08-23 02:44:16,
TR100369,IST,Pesentmouth,19.1,teslim,2026-09-09 14:40:07,2026-09-15 14:40:07
TR100370,IZM,Erdoğanfort,19.51,yolda,2026-03-09 16:43:43,
TR100371,IST,Sarıcabayshire,28.39,teslim,2026-06-30 19:22:54,2026-07-02 19:22:54
TR100372,BUR,Ferinazland,3.57,yolda,2026-01-31 21:15:57,
TR100373,ANK,Dumanlıton,11.72,teslim,2026-05-10 14:54:53,2026-05-15 14:54:53
TR100374,ANT,Serverland,12.63,yolda,2026-02-01 03:57:27,
TR100375,ANK,Ertaşshire,26.57,iade,2026-02-14 03:19:41,
TR100376,IST,South Mahigülborough,25.03,iade,2026-08-13 08:18:24,
TR100377,BUR,Zorluberg,28.18,iade,2026-05-14 22:33:01,
TR100378,IST,Sakaryamouth,20.74,yolda,2026-02-03 02:24:30,
TR100379,BUR,North Okyalaz,28.52,teslim,2026-02-11 19:42:30,2026-02-15 19:42:30
TR100380,IST,Fırathaven,29.43,yolda,2026-06-29 01:54:24,
TR100381,ANT,West Âdem,27.06,yolda,2026-09-03 21:30:08,
TR100382,IZM,Sevenmouth,1.91,iade,2026-04-29 22:27:47,
TR100383,ANK,Port Raylamouth,29.05,yolda,2026-08-30 06:24:14,
TR100384,IST,Cumanside,19.92,yolda,2026-02-04 16:02:48,
TR100385,ANT,Onursuberg,29.14,iade,2026-06-09 04:44:36,
TR100386,IZM,New Sitiberg,7.38,teslim,2026-05-19 12:51:47,2026-05-26 12:51:47
TR100387,ANT,Sevdinarfurt,6.24,teslim,2026-05-25 22:16:11,2026-06-01 22:16:11
TR100388,ANK,West Kaderfurt,17.63,iade,2026-03-01 03:37:13,
TR100389,ANK,Lake Zülfüye,23.68,teslim,2026-05-17 15:19:38,2026-05-20 15:19:38
TR100390,IST,Lake Süzerchester,8.39,iade,2026-08-02 12:02:43,
TR100391,ANT,Aksöğütstad,7.59,teslim,2026-07-26 13:09:36,2026-07-28 13:09:36
TR100392,IST,East Ushan,4.04,teslim,2026-05-10 00:32:39,2026-05-11 00:32:39
TR100393,ANK,East Evcimen,17.71,yolda,2026-07-17 22:04:38,
TR100394,IZM,West Derkayhaven,1.67,teslim,2026-03-11 05:53:51,2026-03-13 05:53:51
TR100395,BUR,Lake Uluberg,15.83,iade,2026-08-07 16:43:55,
TR100396,IST,Mançoburgh,14.34,iade,2026-08-30 00:26:39,
TR100397,ANT,Lake Altınbike,17.85,yolda,2026-03-21 07:18:37,
TR100398,ANT,Arsoybury,6.72,yolda,2026-01-27 00:56:48,
TR100399,IST,Aykutbury,21.84,iade,2026-07-01 13:56:09,
TR100400,ANT,West Bidayet,9.12,iade,2026-08-05 11:02:54,
TR100401,IST,Tomurcukshire,1.92,iade,2026-03-26 10:03:56,
TR100402,BUR,Öcalanport,12.85,yolda,2026-06-30 04:22:09,
TR100403,BUR,Aksuborough,2.3,teslim,2026-06-07 09:00:46,2026-06-11 09:00:46
TR100404,ANT,Port Onat,4.54,teslim,2026-09-01 21:34:32,2026-09-04 21:34:32
TR100405,ANT,Bilgestad,19.03,teslim,2026-01-30 08:03:17,2026-02-02 08:03:17
TR100406,IZM,Lake Gökçeville,11.49,iade,2026-08-13 10:23:53,
TR100407,ANT,Port Gündenview,8.92,iade,2026-04-30 18:41:01,
TR100408,ANT,Port Alsoy,12.96,iade,2026-07-03 13:39:45,
TR100409,IST,Port Aysema,25.6,iade,2026-02-14 16:32:10,
TR100410,ANT,South Bahaddinfurt,21.65,iade,2026-05-25 20:04:22,
TR100411,BUR,Nebihfurt,26.65,teslim,2026-07-24 00:44:57,2026-07-28 00:44:57
TR100412,IZM,Muhyettintown,24.84,yolda,2026-02-10 18:19:18,
TR100413,BUR,Port Ümmahanmouth,21.92,yolda,2026-05-13 20:03:43,
TR100414,BUR,North Server,9.44,yolda,2026-03-07 18:58:55,
TR100415,IZM,Port Çevregül,28.61,yolda,2026-07-12 13:18:10,
TR100416,BUR,Mansıztown,2.11,iade,2026-07-11 06:07:37,
TR100417,BUR,West Memiliberg,2.99,teslim,2026-02-09 20:08:29,2026-02-10 20:08:29
TR100418,IZM,Demirport,24.37,iade,2026-08-11 04:55:48,
TR100419,IST,Erbilton,17.64,iade,2026-04-12 08:40:16,
TR100420,ANT,Şenermouth,9.96,iade,2026-04-12 16:07:16,
TR100421,IZM,Port Evdeside,26.22,teslim,2026-02-03 11:06:32,2026-02-07 11:06:32
TR100422,IST,Lake Ferihan,29.06,yolda,2026-01-16 10:53:32,
TR100423,IZM,Yılmazstad,10.61,iade,2026-05-03 04:33:20,
TR100424,ANT,Akçayland,6.46,iade,2026-04-13 11:55:30,
TR100425,BUR,Bengibayhaven,6.8,iade,2026-08-01 08:56:00,
TR100426,ANT,South Bilginurton,11.09,teslim,2026-08-09 08:54:55,2026-08-12 08:54:55
TR100427,ANT,Ortaktown,6.86,yolda,2026-06-09 07:41:56,
TR100428,ANT,West Nuralville,29.24,yolda,2026-05-28 18:03:36,
TR100429,ANT,Ertuncayton,20.28,iade,2026-08-24 01:26:09,
TR100430,IST,Sanavberburgh,18.31,iade,2026-05-26 21:22:08,
TR100431,IZM,Şenerburgh,0.97,iade,2026-07-09 12:18:11,
TR100432,IZM,Lake Aşhanton,27.65,yolda,2026-03-03 10:37:15,
TR100433,IST,North Korugan,5.52,yolda,2026-05-04 00:47:12,
TR100434,BUR,Tayganhaven,2.18,teslim,2026-01-26 08:17:44,2026-01-31 08:17:44
TR100435,IST,Eraslanton,2.84,iade,2026-06-13 17:25:15,
TR100436,ANK,Yazganalpton,11.35,iade,2026-03-25 06:55:01,
TR100437,IZM,Erdursunstad,4.81,yolda,2026-05-18 23:27:58,
TR100438,IZM,Korutürkmouth,23.33,yolda,2026-06-28 18:23:09,
TR100439,ANT,Karaerfort,2.64,iade,2026-06-09 05:29:39,
TR100440,ANK,Gülbeyanview,22.66,teslim,2026-07-22 06:57:28,2026-07-24 06:57:28
TR100441,IST,Çorluchester,8.24,teslim,2026-02-11 03:41:56,2026-02-17 03:41:56
TR100442,BUR,New Soydaner,14.62,iade,2026-09-01 00:58:32,
TR100443,BUR,North Turabiport,8.27,yolda,2026-05-14 19:36:41,
TR100444,IST,Tevetoğluchester,10.42,iade,2026-05-09 02:27:08,
TR100445,ANT,Ergülmouth,14.65,teslim,2026-03-15 18:56:44,2026-03-18 18:56:44
TR100446,IZM,Nurdachester,1.46,iade,2026-01-26 12:28:57,
TR100447,ANT,North Sırriyefurt,1.74,yolda,2026-04-26 16:44:43,
TR100448,ANK,North Ferat,23.04,teslim,2026-05-31 04:00:32,2026-06-03 04:00:32
TR100449,IZM,Türkberg,9.91,yolda,2026-09-03 00:41:37,
TR100450,BUR,Port Saçı,5.35,teslim,2026-02-05 04:21:51,2026-02-09 04:21:51
TR100451,ANT,Çıdalshire,21.14,yolda,2026-06-01 08:07:57,
TR100452,ANT,Lake Aynilhayat,25.02,iade,2026-01-22 15:33:25,
TR100453,IST,Atanurland,11.97,yolda,2026-06-03 03:20:37,
TR100454,IST,New Yıldır,13.14,iade,2026-08-20 23:02:33,
TR100455,IST,Selminview,25.88,yolda,2026-06-13 15:39:00,
TR100456,BUR,North Şirivanburgh,17.24,iade,2026-04-17 00:15:11,
TR100457,BUR,Çamurcuoğluside,8.76,iade,2026-07-22 21:07:50,
TR100458,IST,Ramadanmouth,28.99,yolda,2026-02-24 19:18:57,
TR100459,ANT,Yücelfort,13.86,teslim,2026-04-03 09:38:42,2026-04-10 09:38:42
TR100460,IZM,East Bilgenmouth,2.74,iade,2026-03-28 19:30:04,
TR100461,BUR,Çorlumouth,17.71,teslim,2026-03-18 02:58:40,2026-03-20 02:58:40
TR100462,IST,New Haliyeport,11.93,iade,2026-05-24 23:56:32,
TR100463,IZM,Lake Özbilge,6.73,yolda,2026-05-06 13:30:09,
TR100464,ANT,Feryasbury,19.03,teslim,2026-03-18 16:20:58,2026-03-19 16:20:58
TR100465,ANT,Port Ezgütekin,5.9,iade,2026-02-26 04:53:02,
TR100466,IZM,Yıldırımstad,21.85,yolda,2026-04-12 00:14:42,
TR100467,ANK,Besteside,7.16,iade,2026-08-13 05:33:28,
TR100468,ANK,North Tatufurt,5.29,teslim,2026-03-01 11:15:33,2026-03-04 11:15:33
TR100469,IST,Öcalanchester,5.4,teslim,2026-07-14 23:11:09,2026-07-21 23:11:09
TR100470,BUR,East Temuçinland,13.97,iade,2026-08-21 08:09:54,
TR100471,ANT,Tarhanhaven,13.52,iade,2026-07-03 19:46:12,
TR100472,ANT,Port Hinet,9.76,iade,2026-05-23 20:48:51,
TR100473,IZM,Port Erkinel,4.61,iade,2026-08-26 08:15:59,
TR100474,BUR,Port Erdursunhaven,18.98,teslim,2026-06-27 01:59:54,2026-07-01 01:59:54
TR100475,ANT,Gürelcemburgh,1.78,yolda,2026-03-10 11:54:41,
TR100476,IST,West Gülbani,9.38,iade,2026-05-15 09:07:12,
TR100477,IST,West Kocabaşside,1.8,yolda,2026-04-30 09:13:33,
TR100478,IST,Lake Tali,19.38,yolda,2026-04-26 15:46:22,
TR100479,ANT,New Sahilburgh,15.26,teslim,2026-09-05 16:35:25,2026-09-10 16:35:25
TR100480,ANT,East Sevsevil,16.67,yolda,2026-08-27 21:45:30,
TR100481,IST,Koncagülton,13.55,iade,2026-09-09 14:16:18,
TR100482,ANK,North Saireshire,9.71,iade,2026-01-21 02:09:50,
TR100483,ANT,Port Mahnaz,4.61,yolda,2026-04-22 20:28:32,
TR100484,IST,South Pesentside,24.35,teslim,2026-06-20 20:34:26,2026-06-24 20:34:26
TR100485,IST,Dilarabury,15.19,yolda,2026-05-02 13:38:21,
TR100486,ANK,Ayyarukland,21.26,teslim,2026-06-16 18:45:38,2026-06-17 18:45:38
TR100487,ANT,South İsak,15.73,yolda,2026-02-02 08:08:01,
TR100488,IZM,Bilirmouth,27.55,teslim,2026-07-17 03:15:05,2026-07-20 03:15:05
TR100489,BUR,West İhsan,23.26,yolda,2026-09-02 16:11:14,
TR100490,ANT,Özsözlüberg,1.67,iade,2026-05-14 01:56:54,
TR100491,IZM,West Nuretdinmouth,2.07,iade,2026-06-02 23:23:19,
TR100492,BUR,Aylilbury,8.6,teslim,2026-02-26 15:41:27,2026-03-03 15:41:27
TR100493,ANT,North Sezginbaşfurt,26.21,iade,2026-03-05 18:46:43,
TR100494,IST,Yükselburgh,17.52,yolda,2026-09-06 01:26:14,
TR100495,IZM,Kasimburgh,29.03,teslim,2026-05-17 05:37:36,2026-05-20 05:37:36
TR100496,BUR,Soyluport,3.96,iade,2026-07-22 13:52:31,
TR100497,IST,North Özelhaven,9.36,iade,2026-07-22 05:31:51,
TR100498,IZM,East Meyhanim,24.41,yolda,2026-07-06 15:24:08,
TR100499,ANT,North Selatinfort,2.89,iade,2026-05-27 02:55:28,
TR100500,BUR,Arslanside,15.3,iade,2026-08-30 02:58:56,
TR100501,IZM,South Ertünview,5.49,teslim,2026-01-13 05:55:22,2026-01-16 05:55:22
TR100502,BUR,Arsoyton,5.84,teslim,2026-06-01 02:59:54,2026-06-04 02:59:54
TR100503,IST,New Kerimeborough,8.94,teslim,2026-06-14 15:23:42,2026-06-16 15:23:42
TR100504,ANT,Bilenderfurt,25.07,teslim,2026-05-30 20:40:13,2026-06-04 20:40:13
TR100505,IST,İnönüside,19.89,iade,2026-07-24 21:42:21,
TR100506,ANK,East Dayarfurt,17.96,iade,2026-04-28 16:53:22,
TR100507,ANK,Işınstad,24.96,teslim,2026-06-04 00:09:52,2026-06-06 00:09:52
TR100508,ANK,New Feyha,21.66,iade,2026-03-07 02:22:23,
TR100509,IZM,North Asaletberg,20.32,teslim,2026-06-14 22:54:09,2026-06-18 22:54:09
TR100510,ANT,Fıratmouth,8.62,teslim,2026-05-19 09:52:05,2026-05-23 09:52:05
TR100511,BUR,West Nirgül,7.1,iade,2026-03-08 21:55:53,
TR100512,BUR,South Nurgil,0.0,teslim,2026-05-13 18:37:08,2026-05-16 18:37:08
TR100513,ANT,Ferhanhaven,29.53,teslim,2026-05-06 06:46:12,2026-05-09 06:46:12
TR100514,IZM,Demirelshire,23.37,yolda,2026-08-04 19:28:14,
TR100515,ANT,Alemdartown,12.62,iade,2026-05-06 11:57:16,
TR100516,ANK,Tansesville,24.06,teslim,2026-06-02 03:02:51,2026-06-09 03:02:51
TR100517,IZM,İçimbiketown,1.66,teslim,2026-06-20 20:08:26,2026-06-27 20:08:26
TR100518,IZM,Eraslanshire,16.68,yolda,2026-08-29 21:18:17,
TR100519,ANT,Lake Ağakişi,25.55,teslim,2026-08-22 09:38:48,2026-08-28 09:38:48
TR100520,IST,Aksuhaven,22.92,yolda,2026-08-24 16:32:06,
TR100521,BUR,Mançobury,27.17,yolda,2026-09-07 18:03:36,
TR100522,BUR,East Aktemürmouth,2.84,teslim,2026-01-22 07:57:44,2026-01-29 07:57:44
TR100523,BUR,Mançochester,26.55,teslim,2026-05-11 21:31:47,2026-05-18 21:31:47
TR100524,IST,Zorlufort,11.95,teslim,2026-03-30 06:06:43,2026-04-03 06:06:43
TR100525,ANK,New Kıvılcım,11.65,yolda,2026-02-03 06:12:27,
TR100526,ANK,Simberfort,0.94,teslim,2026-08-15 21:32:51,2026-08-18 21:32:51
TR100527,IZM,Hayrioğluburgh,23.76,teslim,2026-08-02 03:30:21,2026-08-09 03:30:21
TR100528,IZM,Hatinstad,27.53,teslim,2026-07-07 14:04:42,2026-07-08 14:04:42
TR100529,ANK,Akarbury,22.79,yolda,2026-04-22 17:44:16,
TR100530,BUR,Muktedirport,18.5,yolda,2026-04-28 10:13:55,
TR100531,IZM,Lake Çağlar,6.55,teslim,2026-05-02 07:25:03,2026-05-03 07:25:03
TR100532,ANT,Cihanstad,15.88,teslim,2026-07-18 23:32:34,2026-07-23 23:32:34
TR100533,IZM,Sevindikville,7.21,teslim,2026-08-15 17:49:36,2026-08-22 17:49:36
TR100534,ANK,Akçayfurt,12.65,teslim,2026-08-20 18:53:42,2026-08-21 18:53:42
TR100535,BUR,West Atgun,1.98,iade,2026-05-24 02:35:31,
TR100536,ANT,,16.13,yolda,2026-05-01 18:36:46,
TR100537,ANT,East Güverçin,17.29,iade,2026-07-15 03:02:46,
TR100538,ANK,Evcimenville,8.81,iade,2026-04-25 08:50:38,
TR100539,IZM,East Azettin,7.29,teslim,2026-09-06 04:13:47,2026-09-11 04:13:47
TR100540,ANK,Lake Nafii,19.96,yolda,2026-08-04 07:22:09,
TR100541,IZM,South Tuğrulhanfort,2.12,teslim,2026-01-30 10:57:23,2026-02-04 10:57:23
TR100542,ANT,North Hezniye,15.27,iade,2026-02-18 02:51:01,
TR100543,ANT,Şensoyfort,0.71,iade,2026-03-12 09:49:17,
TR100544,IST,Port Sevdi,19.11,yolda,2026-07-14 11:50:47,
TR100545,IZM,Sebigülton,22.44,yolda,2026-05-14 19:12:13,
TR100546,IST,New İnsaf,10.41,yolda,2026-02-13 19:32:17,
TR100547,IST,South Hunalp,23.17,iade,2026-01-24 13:20:55,
TR100548,IZM,Çetinfort,4.09,iade,2026-01-24 04:24:56,
TR100549,ANT,Arıeltown,10.22,yolda,2026-03-23 10:15:14,
TR100550,ANK,West Seracettinmouth,24.93,iade,2026-05-05 22:55:15,
TR100551,BUR,Akgündüzberg,29.43,iade,2026-08-09 01:37:53,
TR100552,ANK,Aslanborough,24.36,yolda,2026-07-24 21:18:23,
TR100553,BUR,Günkurtmouth,1.21,teslim,2026-02-22 19:38:52,2026-02-28 19:38:52
TR100554,ANK,North Şüküfe,26.59,teslim,2026-04-19 23:35:10,2026-04-20 23:35:10
TR100555,IZM,Lazeborough,15.51,yolda,2026-05-20 23:49:01,
TR100556,BUR,Alemdarchester,7.67,iade,2026-03-19 05:26:06,
TR100557,ANK,Candenizfurt,8.65,iade,2026-07-29 04:28:03,
TR100558,IZM,istanbul,8.27,teslim,2026-02-16 02:45:27,2026-02-23 02:45:27
TR100559,BUR,North Rasul,26.7,yolda,2026-05-15 17:53:24,
TR100560,BUR,South Saba,26.85,iade,2026-06-08 00:52:34,
TR100561,IZM,Meveddetshire,29.21,yolda,2026-05-18 02:02:03,
TR100562,BUR,Serfinazstad,11.08,yolda,2026-01-14 12:17:33,
TR100563,IZM,Lake Emirşanmouth,24.05,iade,2026-04-11 20:12:12,
TR100564,BUR,South Vecide,2.46,iade,2026-05-09 05:20:46,
TR100565,ANK,Yazgülville,16.41,iade,2026-07-24 05:32:02,
TR100566,IST,Nurbanubury,2.49,yolda,2026-05-04 15:39:13,
TR100567,IZM,South Göksev,9.26,iade,2026-04-05 04:07:49,
TR100568,BUR,İsakside,5.08,iade,2026-07-05 18:24:44,
TR100569,IZM,Port Oktüremiş,13.47,yolda,2026-07-11 22:08:22,
TR100570,IZM,New Aycagülhaven,18.48,iade,2026-08-29 11:05:49,
TR100571,IZM,New Ebaton,19.22,yolda,2026-05-30 13:46:59,
TR100572,BUR,New Günsel,10.96,teslim,2026-08-10 18:09:53,2026-08-11 18:09:53
TR100573,ANK,West Gülcegün,28.59,iade,2026-03-09 06:25:45,
TR100574,ANT,Lake Kılıçbayshire,20.37,teslim,2026-06-30 15:57:22,2026-07-07 15:57:22
TR100575,IST,New Ayasunton,3.87,yolda,2026-07-18 21:54:38,
TR100576,IZM,New İntihap,10.93,teslim,2026-07-05 03:59:57,2026-07-12 03:59:57
TR100577,IST,New Begimport,18.19,iade,2026-07-06 11:22:27,
TR100578,BUR,Eraslantown,28.47,iade,2026-01-18 12:37:09,
TR100579,BUR,North Şekimstad,22.92,yolda,2026-04-04 16:41:28,
TR100580,ANK,North Birgülton,15.93,iade,2026-02-03 19:59:21,
TR100581,IZM,Akçayberg,19.52,yolda,2026-05-01 13:34:59,
TR100582,IST,Çoğaymouth,22.1,teslim,2026-06-22 07:45:40,2026-06-23 07:45:40
TR100583,ANT,Çorluside,11.67,yolda,2026-06-05 16:13:29,
TR100584,IST,Emirşanburgh,7.93,iade,2026-03-02 17:15:31,
TR100585,BUR,Fıratberg,6.52,yolda,2026-08-06 17:18:57,
TR100586,IZM,Port Alanalpport,20.85,iade,2026-04-06 13:19:37,
TR100587,ANK,Duranfurt,3.77,yolda,2026-07-08 21:12:46,
TR100588,ANK,South Uğurtan,26.97,teslim,2026-04-09 06:19:41,2026-04-13 06:19:41
TR100589,IST,Karcanville,24.33,yolda,2026-03-11 07:32:23,
TR100590,IZM,Mansıztown,21.32,yolda,2026-01-22 13:59:27,
TR100591,ANT,North Denkel,8.78,iade,2026-04-13 12:52:34,
TR100592,ANK,South Nalânton,21.38,yolda,2026-08-28 17:39:52,
TR100593,ANK,South Alışıkbury,23.83,iade,2026-04-15 02:47:29,
TR100594,ANK,Port Barak,3.73,iade,2026-08-07 16:37:47,
TR100595,ANK,Nasufshire,7.18,teslim,2026-03-05 11:51:43,2026-03-12 11:51:43
TR100596,IST,Nehipport,10.89,yolda,2026-05-13 22:06:06,
TR100597,IZM,South Sıla,14.08,iade,2026-03-06 16:59:16,
TR100598,ANK,New Müferrihburgh,18.4,iade,2026-04-26 22:19:27,
TR100599,IZM,Durmuşfort,12.0,teslim,2026-09-10 04:22:58,2026-09-11 04:22:58
TR100600,BUR,Sanurfurt,15.82,iade,2026-01-28 06:41:43,
TR100601,ANT,Zehranurchester,2.31,yolda,2026-08-01 18:03:14,
TR100602,IST,West Çağa,13.55,yolda,2026-06-17 14:57:18,
TR100603,ANT,Yükselbury,10.4,iade,2026-03-22 11:34:48,
TR100604,ANT,Port Belgizar,5.54,iade,2026-05-06 20:46:13,
TR100605,ANT,Sevenside,27.33,teslim,2026-02-01 10:47:52,2026-02-05 10:47:52
TR100606,IST,South Nurullah,15.59,teslim,2026-08-03 21:35:08,2026-08-10 21:35:08
TR100607,ANK,West Sedife,4.94,yolda,2026-04-19 02:26:08,
TR100608,ANK,Akdenizstad,10.45,iade,2026-02-09 18:41:37,
TR100609,IZM,North Sadittin,25.39,iade,2026-02-14 23:31:50,
TR100610,ANK,Port Bicanborough,19.09,yolda,2026-06-05 13:09:51,
TR100611,IZM,South Ledün,3.84,iade,2026-08-26 06:22:50,
TR100612,ANT,Akdurmuşborough,16.05,yolda,2026-05-19 09:09:22,
TR100613,ANK,Lake Cevalebury,17.8,iade,2026-03-24 20:51:11,
TR100614,ANK,South Nihai,5.22,iade,2026-09-01 19:08:04,
TR100615,ANT,Selâtinfurt,10.19,iade,2026-08-12 11:27:21,
TR100616,IST,Tarancıview,24.77,iade,2026-07-10 03:28:23,
TR100617,IST,Ertaşville,28.46,teslim,2026-05-29 17:50:04,2026-05-30 17:50:04
TR100618,IZM,Kökerstad,19.57,iade,2026-07-11 09:40:18,
TR100619,BUR,Türkshire,18.58,iade,2026-05-11 14:20:54,
TR100620,ANT,North Rasul,8.76,teslim,2026-04-06 00:07:40,2026-04-10 00:07:40
TR100621,BUR,Arslanberg,7.42,yolda,2026-08-12 22:56:29,
TR100622,BUR,Müniffurt,8.99,iade,2026-03-27 06:20:37,
TR100623,IST,South Hezniye,4.83,teslim,2026-08-19 08:31:37,2026-08-25 08:31:37
TR100624,BUR,Duyguhanfort,13.99,yolda,2026-05-21 04:01:51,
TR100625,ANT,Lake Yalazabay,-1.2,yolda,2026-07-08 00:56:29,
TR100626,IZM,Lake Havali,22.05,iade,2026-03-16 19:22:28,
TR100627,BUR,New Salimet,4.01,yolda,2026-07-18 17:08:30,
TR100628,ANT,Port Bilgütayton,16.89,yolda,2026-02-01 21:07:34,
TR100629,ANK,Yamanbury,14.05,yolda,2026-01-12 13:12:19,
TR100630,BUR,North Mestur,7.51,yolda,2026-02-05 11:12:39,
TR100631,IZM,Arsoyton,28.37,teslim,2026-07-25 11:28:34,2026-07-26 11:28:34
TR100632,BUR,Ülkerfort,7.52,iade,2026-09-07 00:20:44,
TR100633,IZM,New Hinetchester,28.02,teslim,2026-01-16 04:20:04,2026-01-23 04:20:04
TR100634,IZM,New İncifirview,5.78,iade,2026-01-14 16:09:46,
TR100635,ANT,Akmanerhaven,14.06,teslim,2026-08-06 03:08:41,2026-08-10 03:08:41
TR100636,BUR,North Danış,0.79,yolda,2026-06-26 06:56:13,
TR100637,ANT,East Kayıt,13.77,yolda,2026-08-01 17:19:48,
TR100638,ANT,Yaminview,10.65,teslim,2026-09-07 18:28:48,2026-09-09 18:28:48
TR100639,BUR,West Üsamemouth,17.97,teslim,2026-06-13 05:02:48,2026-06-16 05:02:48
TR100640,BUR,Lake Musafet,8.64,iade,2026-08-17 11:54:21,
TR100641,IST,Lake Selminton,12.98,teslim,2026-05-06 13:40:12,2026-05-13 13:40:12
TR100642,IZM,Kısakürekfurt,22.94,yolda,2026-02-15 09:11:30,
TR100643,IST,Yorulmaztown,12.08,yolda,2026-08-12 17:15:16,
TR100644,ANT,South Aksoymouth,5.92,iade,2026-03-17 15:06:52,
TR100645,IZM,New Atilhanbury,2.3,iade,2026-08-17 19:52:11,
TR100646,BUR,Aslanton,-3.5,iade,2026-04-02 04:15:13,
TR100647,ANT,Hanbikenshire,20.44,yolda,2026-02-07 22:40:40,
TR100648,IST,Port Tekiner,11.88,teslim,2026-01-22 20:22:14,2026-01-24 20:22:14
TR100649,ANT,New Fersan,28.17,yolda,2026-01-16 03:38:52,
TR100650,ANT,West Günkurtshire,15.32,teslim,2026-06-13 18:05:30,2026-06-15 18:05:30
TR100651,IST,Tarhanside,1.45,iade,2026-04-13 11:04:01,
TR100652,IZM,İnönüberg,24.14,teslim,2026-05-18 21:39:00,2026-05-24 21:39:00
TR100653,BUR,Bahaddinville,4.55,iade,2026-02-09 12:42:10,
TR100654,ANK,Port Binışık,9.91,iade,2026-06-28 19:39:42,
TR100655,IZM,Öcalanmouth,4.96,iade,2026-05-22 08:15:30,
TR100656,IZM,Aynımahfort,17.85,iade,2026-01-21 13:50:06,
TR100657,ANT,Huricanfurt,16.02,iade,2026-04-08 16:06:28,
TR100658,ANT,Lake Miray,9.06,iade,2026-06-26 18:49:06,
TR100659,IZM,Port Nursedaport,20.25,teslim,2026-06-06 16:14:18,2026-06-09 16:14:18
TR100660,ANT,North Sadatberg,9.3,yolda,2026-04-15 18:46:56,
TR100661,IST,Lake Özakan,17.95,iade,2026-06-06 15:33:37,
TR100662,ANT,Dorukhanland,17.37,yolda,2026-05-13 01:21:32,
TR100663,IST,Atiyyestad,17.55,iade,2026-01-12 02:07:36,
TR100664,ANT,East Cangürburgh,23.26,teslim,2026-04-24 20:06:33,2026-04-29 20:06:33
TR100665,ANK,Durmuşside,24.67,yolda,2026-06-26 10:43:26,
TR100666,ANT,Sakaryatown,28.45,teslim,2026-07-28 01:59:55,2026-07-29 01:59:55
TR100667,IST,Hümeyraland,13.29,teslim,2026-02-13 21:00:43,2026-02-15 21:00:43
TR100668,ANK,Öktürktown,12.45,yolda,2026-08-29 21:26:38,
TR100669,ANT,Kısakürekland,23.27,teslim,2026-05-03 09:55:06,2026-05-07 09:55:06
TR100670,IST,New Gülder,21.2,yolda,2026-08-15 08:57:44,
TR100671,ANK,Aksuberg,16.87,iade,2026-03-16 22:19:52,
TR100672,BUR,Sadittinfort,15.81,iade,2026-04-24 12:12:37,
TR100673,ANK,East Alabezekview,13.84,yolda,2026-03-07 17:54:54,
TR100674,IZM,Dilfezaland,16.43,iade,2026-06-22 14:39:43,
TR100675,IZM,Oksevenfort,18.34,iade,2026-05-30 07:37:55,
TR100676,IZM,South Doğanalp,16.79,teslim,2026-08-28 16:22:50,2026-08-30 16:22:50
TR100677,IZM,Abidfurt,21.18,teslim,2026-03-03 16:33:28,2026-03-06 16:33:28
TR100678,BUR,Sezginmouth,9.58,iade,2026-05-19 02:11:33,
TR100679,ANT,Adviyeberg,28.02,yolda,2026-06-30 00:52:44,
TR100680,IZM,Necilalborough,8.7,iade,2026-05-06 17:57:49,
TR100681,ANT,Hürdoğanfurt,11.45,iade,2026-07-15 02:23:53,
TR100682,IZM,Şilanfort,28.64,yolda,2026-05-14 00:16:57,
TR100683,IST,West Çağa,8.7,teslim,2026-08-21 17:17:16,2026-08-24 17:17:16
TR100684,IST,Arsoyville,10.46,iade,2026-04-28 22:17:26,
TR100685,IZM,New Hasret,22.45,yolda,2026-08-17 01:10:17,
TR100686,ANT,Lake Bediriyeborough,8.21,teslim,2026-03-20 22:44:49,2026-03-22 22:44:49
TR100687,IZM,Yosmaland,4.2,iade,2026-06-29 08:24:00,
TR100688,ANT,,7.25,iade,2026-06-17 23:10:47,
TR100689,ANT,Sevlaberg,6.85,teslim,2026-04-14 01:30:16,2026-04-20 01:30:16
TR100690,IST,Erdoğanmouth,12.46,teslim,2026-06-23 09:32:32,2026-06-24 09:32:32
TR100691,BUR,Zenginfurt,3.11,iade,2026-08-30 06:51:04,
TR100692,ANT,Duranton,29.34,teslim,2026-08-05 14:22:08,2026-08-06 14:22:08
TR100693,BUR,North Olcastad,14.38,teslim,2026-05-29 16:45:41,2026-06-02 16:45:41
TR100694,IZM,New Saçıfurt,9.7,teslim,2026-03-15 16:05:27,2026-03-22 16:05:27
TR100695,IST,Sakaryatown,27.25,iade,2026-05-18 20:24:32,
TR100696,ANT,Mishathaven,7.04,teslim,2026-02-17 08:47:01,2026-02-23 08:47:01
TR100697,IST,South Çaltı,27.41,iade,2026-07-30 13:14:58,
TR100698,ANK,Öcalanshire,28.02,teslim,2026-06-10 23:20:18,2026-06-14 23:20:18
TR100699,BUR,West Aliabbas,23.66,teslim,2026-07-23 10:22:59,2026-07-30 10:22:59
TR100700,IZM,West İsakland,26.31,teslim,2026-07-16 13:27:23,2026-07-22 13:27:23
TR100701,ANT,West Taşar,18.12,teslim,2026-02-24 03:32:54,2026-02-27 03:32:54
TR100702,IZM,Çetinborough,13.69,yolda,2026-05-23 07:19:01,
TR100703,ANT,Ergülfort,15.78,iade,2026-07-31 10:50:46,
TR100704,ANT,Gülmouth,14.09,teslim,2026-02-16 23:36:59,2026-02-23 23:36:59
TR100705,IST,West Ayaydınville,9.99,teslim,2026-05-13 22:09:20,2026-05-20 22:09:20
TR100706,BUR,Sejdaville,19.48,iade,2026-01-18 20:12:44,
TR100707,ANK,New Hindal,0.52,iade,2026-03-14 21:35:42,
TR100708,IZM,West Kandef,17.08,yolda,2026-08-12 09:52:50,
TR100709,ANT,Bilginfurt,,teslim,2026-06-24 15:45:16,2026-06-26 15:45:16
TR100710,BUR,Lake Sevican,15.51,yolda,2026-03-22 16:55:08,
TR100711,IST,Yıldırımborough,5.62,teslim,2026-06-26 21:29:20,2026-06-30 21:29:20
TR100712,IZM,Kısakürektown,28.08,teslim,2026-07-03 16:02:48,2026-07-07 16:02:48
TR100713,BUR,West Âlemşah,7.14,teslim,2026-04-03 11:44:55,2026-04-06 11:44:55
TR100714,IZM,Port Günselburgh,9.13,yolda,2026-02-03 08:50:25,
TR100715,ANT,Koldanmouth,0.44,iade,2026-06-01 03:08:31,
TR100716,IZM,Süzerfort,20.81,iade,2026-02-23 07:50:28,
TR100717,IST,Nafilefurt,14.02,teslim,2026-08-03 00:21:51,2026-08-09 00:21:51
TR100718,ANT,Zenginville,27.7,teslim,2026-09-04 11:30:40,2026-09-08 11:30:40
TR100719,IZM,Aşhanburgh,20.74,iade,2026-05-25 04:35:47,
TR100720,IZM,Lake Ertünmouth,11.09,iade,2026-05-05 14:05:26,
TR100721,ANK,West Elnur,14.4,teslim,2026-02-24 20:15:14,2026-02-26 20:15:14
TR100722,ANT,Yurtsevenberg,11.27,yolda,2026-03-22 03:48:08,
TR100723,ANT,Sevenberg,27.39,iade,2026-07-27 10:56:12,
TR100724,ANK,Şafakburgh,22.88,iade,2026-08-21 07:17:04,
TR100725,ANT,New Güçyeter,26.21,iade,2026-07-18 01:47:56,
TR100726,BUR,Famiburgh,15.89,teslim,2026-07-19 05:29:54,2026-07-24 05:29:54
TR100727,IST,Mansızton,27.53,yolda,2026-05-12 05:48:07,
TR100728,ANT,South Esentürkborough,27.1,teslim,2026-05-29 12:11:29,2026-05-30 12:11:29
TR100729,ANT,Sevenfort,4.58,teslim,2026-06-08 04:19:22,2026-06-13 04:19:22
TR100730,ANT,Soyluburgh,13.31,yolda,2026-06-20 11:39:37,
TR100731,ANK,Port Mihinport,21.54,iade,2026-02-11 04:14:59,
TR100732,IST,Muktedirside,26.98,yolda,2026-01-22 18:26:39,
TR100733,IST,Port Ağbegim,13.66,yolda,2026-05-02 04:18:22,
TR100734,BUR,Durmuşhaven,13.76,iade,2026-08-17 17:56:53,
TR100735,BUR,West Hanbikenstad,20.22,teslim,2026-02-23 00:54:24,2026-02-28 00:54:24
TR100736,IST,Port İklimmouth,11.94,yolda,2026-08-08 13:54:51,
TR100737,ANK,South Değmeer,17.39,teslim,2026-08-10 06:05:07,2026-08-16 06:05:07
TR100738,IZM,,21.04,teslim,2026-04-16 04:51:57,2026-04-20 04:51:57
TR100739,IST,Cangürmouth,28.04,iade,2026-04-22 03:19:09,
TR100740,IST,East Muhiye,8.68,teslim,2026-02-24 15:49:15,2026-02-28 15:49:15
TR100741,ANK,Aksuberg,23.0,teslim,2026-05-26 05:49:12,2026-06-02 05:49:12
TR100742,BUR,Port Batırhan,11.3,iade,2026-03-31 07:32:19,
TR100743,BUR,Gülzadiyeview,26.1,yolda,2026-08-19 11:10:54,
TR100744,BUR,West Âlemşah,2.5,yolda,2026-08-29 20:49:14,
TR100745,ANT,Mahterview,4.08,iade,2026-05-03 17:15:25,
TR100746,IST,East İlimton,5.44,yolda,2026-07-28 20:23:56,
TR100747,BUR,Lake Ertan,15.91,iade,2026-04-27 18:32:47,
TR100748,ANK,Lake Toköz,25.06,iade,2026-04-17 00:51:52,
TR100749,BUR,Soyluberg,20.24,teslim,2026-04-16 05:04:52,2026-04-19 05:04:52
TR100750,BUR,Piranchester,16.0,iade,2026-08-22 07:41:59,
TR100751,BUR,Erdoğanland,10.45,teslim,2026-06-04 18:33:48,2026-06-06 18:33:48
TR100752,ANK,Yıldızstad,-0.5,yolda,2026-06-15 12:32:42,
TR100753,IST,Hayrioğlushire,1.06,iade,2026-07-05 15:46:28,
TR100754,BUR,Lake Badegülstad,18.49,iade,2026-01-11 00:45:16,
TR100755,ANK,Bilirchester,2.11,teslim,2026-02-03 15:59:19,2026-02-05 15:59:19
TR100756,IST,Aslanmouth,13.45,iade,2026-04-02 08:18:09,
TR100757,IST,Havseshire,7.42,iade,2026-04-30 04:58:58,
TR100758,BUR,Çetinmouth,7.11,teslim,2026-03-01 18:55:49,2026-03-05 18:55:49
TR100759,IST,North Perinurmouth,4.29,teslim,2026-01-28 20:54:39,2026-02-04 20:54:39
TR100760,ANK,Port Gülelmouth,24.49,yolda,2026-01-16 09:27:25,
TR100761,ANT,South Kutayberg,9.64,iade,2026-07-06 08:45:40,
TR100762,IZM,Port Sarpkın,7.18,iade,2026-05-07 07:17:39,
TR100763,ANT,Onatland,6.71,teslim,2026-02-15 07:41:44,2026-02-21 07:41:44
TR100764,IZM,North Özkent,1.92,yolda,2026-06-03 11:32:20,
TR100765,ANK,Şadımanbury,18.82,iade,2026-09-10 00:45:30,
TR100766,ANT,Lake Cüneyittown,14.92,yolda,2026-06-25 18:25:34,
TR100767,BUR,Erdoğanberg,23.6,yolda,2026-04-02 22:56:00,
TR100768,BUR,New Tutkucan,12.31,yolda,2026-08-28 15:11:52,
TR100769,BUR,North Zalihamouth,5.6,yolda,2026-07-01 22:01:40,
TR100770,BUR,Sezerberg,7.3,iade,2026-02-25 21:43:09,
TR100771,ANK,East Çıdalland,24.19,teslim,2026-07-14 14:11:34,2026-07-17 14:11:34
TR100772,BUR,West Yılmaport,29.04,teslim,2026-02-18 20:23:39,2026-02-23 20:23:39
TR100773,ANT,Öcalanberg,4.11,iade,2026-03-04 07:50:29,
TR100774,ANK,New Kitantown,9.97,teslim,2026-03-06 13:11:27,2026-03-09 13:11:27
TR100775,IZM,South Yadigar,2.86,teslim,2026-09-04 02:17:29,2026-09-08 02:17:29
TR100776,ANK,South Nurey,1.64,iade,2026-04-02 19:31:28,
TR100777,ANT,North Denizalp,18.13,yolda,2026-06-30 21:01:13,
TR100778,ANT,New Şehrebanfurt,21.76,teslim,2026-03-05 10:43:15,2026-03-07 10:43:15
TR100779,ANK,Hayrioğluberg,14.43,iade,2026-05-26 14:15:12,
TR100780,IZM,Saygınland,28.71,yolda,2026-04-16 07:14:25,
TR100781,ANK,Yaşartown,28.87,teslim,2026-04-16 10:47:17,2026-04-18 10:47:17
TR100782,BUR,New Nesfe,27.44,teslim,2026-05-07 05:16:46,2026-05-13 05:16:46
TR100783,ANT,Lake Özdal,21.14,iade,2026-07-26 22:47:54,
TR100784,ANK,Port Nihaifort,16.61,yolda,2026-05-04 20:21:19,
TR100785,BUR,East Evdeland,14.04,yolda,2026-06-08 22:25:05,
TR100786,IZM,West Temizkalberg,9.32,iade,2026-08-03 05:41:27,
TR100787,ANT,Arsoyside,26.5,yolda,2026-06-09 07:17:51,
TR100788,IST,Öcalanland,24.1,yolda,2026-03-18 04:02:23,
TR100789,BUR,North Recepaliborough,22.87,iade,2026-01-16 13:15:37,
TR100790,ANK,Port Özpınarhaven,11.18,yolda,2026-01-25 12:55:01,
TR100791,IST,Şafakfurt,16.92,yolda,2026-05-01 07:57:49,
TR100792,ANK,West Börteçin,0.58,teslim,2026-02-11 01:59:12,2026-02-17 01:59:12
TR100793,ANT,New Kökerberg,17.42,iade,2026-05-10 10:14:43,
TR100794,IZM,Özbayshire,4.66,yolda,2026-08-06 09:13:21,
TR100795,ANK,Zeridechester,11.46,yolda,2026-02-04 17:56:28,
TR100796,ANT,East Canberkchester,19.67,teslim,2026-04-12 17:57:56,2026-04-16 17:57:56
TR100797,IZM,Mansızton,7.79,iade,2026-02-24 02:46:37,
TR100798,BUR,North Akar,13.88,yolda,2026-05-10 04:29:46,
TR100799,IZM,East Eremstad,5.16,iade,2026-03-04 08:36:37,
TR100800,ANT,Güçyeterstad,14.7,iade,2026-08-01 04:28:01,
TR100801,IST,Şerefville,15.77,iade,2026-02-28 08:46:58,
TR100802,IST,Adalview,22.95,teslim,2026-01-21 11:19:26,2026-01-28 11:19:26
TR100803,ANK,West Özpetekshire,25.29,yolda,2026-08-01 12:22:44,
TR100804,ANK,Ertaşhaven,0.37,teslim,2026-02-09 00:02:55,2026-02-10 00:02:55
TR100805,BUR,South Kısmetburgh,11.26,iade,2026-05-29 22:18:06,
TR100806,ANT,West Diken,27.39,iade,2026-06-01 20:48:08,
TR100807,BUR,East Feyhatown,0.57,iade,2026-08-20 22:57:15,
TR100808,ANT,East Aydınbeyfort,12.4,iade,2026-01-27 04:10:00,
TR100809,IZM,Çamurcuoğluberg,16.12,teslim,2026-05-31 10:12:38,2026-06-05 10:12:38
TR100810,IST,New Ülkümchester,15.12,yolda,2026-03-20 13:44:26,
TR100811,BUR,Olcachester,24.2,iade,2026-04-07 06:20:17,
TR100812,IST,Borahanshire,15.78,teslim,2026-05-14 07:42:55,2026-05-15 07:42:55
TR100813,ANT,New Tangülton,15.84,teslim,2026-06-03 20:31:40,2026-06-05 20:31:40
TR100814,IZM,Port Gökçe,23.87,yolda,2026-03-20 17:18:51,
TR100815,BUR,Erdoğanmouth,13.82,teslim,2026-01-27 21:47:21,2026-01-30 21:47:21
TR100816,ANK,Tunçkılıçland,9.07,teslim,2026-04-29 16:59:40,2026-05-05 16:59:40
TR100817,IST,Yılmazstad,2.9,teslim,2026-08-12 20:53:21,2026-08-18 20:53:21
TR100818,BUR,Koncagülport,16.63,yolda,2026-03-29 00:05:40,
TR100819,IST,South Zamir,21.12,teslim,2026-09-08 21:51:06,2026-09-14 21:51:06
TR100820,BUR,Öcalanborough,19.38,teslim,2026-08-27 20:39:47,2026-08-31 20:39:47
TR100821,ANT,East Abid,29.32,teslim,2026-08-10 08:00:18,2026-08-08 08:00:18
TR100822,IST,East Halenurstad,6.97,teslim,2026-06-18 07:31:02,2026-06-23 07:31:02
TR100823,ANT,Abdulgazifurt,14.32,iade,2026-01-13 19:08:02,
TR100824,IZM,East Gülserenbury,26.99,teslim,2026-05-09 11:54:38,2026-05-10 11:54:38
TR100825,IST,Yorulmazberg,5.46,iade,2026-06-22 02:40:16,
TR100826,IST,North Müzekkerhaven,28.85,yolda,2026-04-28 17:51:52,
TR100827,ANK,Badegülland,22.59,iade,2026-06-19 11:40:20,
TR100828,BUR,New Ertuncayfurt,27.87,iade,2026-08-23 14:52:42,
TR100829,ANK,South Simberberg,16.96,yolda,2026-02-08 03:10:28,
TR100830,BUR,Rasulmouth,20.34,iade,2026-04-12 00:34:35,
TR100831,IZM,Terlanmouth,11.58,iade,2026-06-11 16:17:17,
TR100832,ANK,North Kâmil,23.74,iade,2026-04-25 16:30:58,
TR100833,IST,East Dirlikburgh,15.07,iade,2026-03-03 22:21:29,
TR100834,IST,Hayrioğluchester,3.02,yolda,2026-07-03 15:58:10,
TR100835,IST,Kızılmouth,10.28,teslim,2026-02-25 23:03:06,2026-03-04 23:03:06
TR100836,ANT,Eraslanville,11.96,iade,2026-05-09 19:20:24,
TR100837,IST,Port Vecide,-3.5,yolda,2026-02-14 04:29:15,
TR100838,BUR,East Turabiberg,6.92,yolda,2026-05-08 05:11:34,
TR100839,BUR,West Özkent,13.01,iade,2026-02-14 11:52:11,
TR100840,ANT,Lake Sühaview,19.85,iade,2026-07-28 11:29:41,
TR100841,ANT,South Aytenside,8.93,teslim,2026-03-18 14:16:07,2026-03-25 14:16:07
TR100842,IST,North Begim,2.55,teslim,2026-08-11 17:12:08,2026-08-09 17:12:08
TR100843,ANK,North Akalan,22.22,teslim,2026-02-18 15:32:57,2026-02-22 15:32:57
TR100844,IZM,East Kopan,3.29,yolda,2026-02-03 00:30:08,
TR100845,BUR,Vecideland,10.86,teslim,2026-06-14 15:23:49,2026-06-17 15:23:49
TR100846,IST,Biltaştown,4.06,yolda,2026-08-24 05:21:18,
TR100847,BUR,Lake Asu,16.75,teslim,2026-02-04 02:37:36,2026-02-08 02:37:36
TR100848,BUR,Port Tükelalpville,3.19,iade,2026-03-01 02:07:41,
TR100849,ANT,Yorulmazburgh,2.88,teslim,2026-01-26 15:39:44,2026-01-29 15:39:44
TR100850,IZM,Alemdarfurt,25.93,iade,2026-08-20 22:41:32,
TR100851,BUR,South Ummahanichester,11.7,teslim,2026-07-21 17:56:13,2026-07-24 17:56:13
TR100852,ANT,Mehmetzahirburgh,27.17,teslim,2026-03-18 04:23:01,2026-03-24 04:23:01
TR100853,ANT,Aybetberg,5.17,teslim,2026-04-26 20:43:11,2026-05-01 20:43:11
TR100854,ANK,Lake Suat,4.25,yolda,2026-01-23 12:39:36,
TR100855,IZM,Akgündüzside,14.84,yolda,2026-07-22 19:42:38,
TR100856,BUR,North Sebattinfurt,8.35,teslim,2026-07-15 02:35:44,2026-07-17 02:35:44
TR100857,BUR,Akarhaven,23.5,yolda,2026-03-04 08:50:10,
TR100858,IZM,South Ügestad,28.33,yolda,2026-04-16 19:55:45,
TR100859,BUR,Ergülshire,17.85,iade,2026-07-15 08:41:12,
TR100860,IST,Öryürekview,4.15,teslim,2026-07-24 04:20:54,2026-07-28 04:20:54
TR100861,IZM,West Nafilebury,25.26,teslim,2026-03-20 21:42:33,2026-03-24 21:42:33
TR100862,IZM,Basımfort,-1.2,yolda,2026-01-21 10:49:54,
TR100863,ANT,Mihrabbury,4.17,yolda,2026-08-03 16:22:13,
TR100864,ANT,East Sevginurbury,28.42,yolda,2026-03-13 01:30:53,
TR100865,IZM,Port Mevlütshire,5.41,teslim,2026-04-23 13:54:56,2026-04-27 13:54:56
TR100866,IZM,Heyvetullahburgh,8.81,yolda,2026-06-09 22:03:51,
TR100867,BUR,Zemzemstad,29.04,iade,2026-04-11 22:31:12,
TR100868,BUR,Lake Zinnurestad,8.48,teslim,2026-08-27 19:27:57,2026-08-30 19:27:57
TR100869,IZM,New Karataş,3.51,yolda,2026-08-18 12:35:53,
TR100870,ANK,Hudaventfort,17.81,iade,2026-07-20 05:35:22,
TR100871,ANK,North Nafiibury,20.48,iade,2026-01-24 19:33:05,
TR100872,IST,Yılmazmouth,28.59,iade,2026-01-17 19:26:46,
TR100873,ANK,Port Ermutlu,13.21,yolda,2026-09-05 13:51:17,
TR100874,IST,Port Topuz,24.59,yolda,2026-05-22 09:48:30,
TR100875,BUR,East Miyesserberg,4.26,yolda,2026-02-02 04:48:20,
TR100876,ANK,Beyzadestad,7.66,yolda,2026-02-22 03:33:31,
TR100877,BUR,West Tahirmouth,23.69,teslim,2026-06-12 16:55:18,2026-06-18 16:55:18
TR100878,ANT,Lake Almast,14.43,teslim,2026-03-04 01:31:32,2026-03-08 01:31:32
TR100879,ANT,Hidirside,15.25,yolda,2026-07-18 06:44:13,
TR100880,BUR,Muhammetshire,16.35,iade,2026-09-05 09:53:10,
TR100881,ANT,Hançerport,17.86,yolda,2026-03-19 04:05:58,
TR100882,ANK,Lake Abdulkadir,19.76,teslim,2026-02-28 12:40:36,2026-03-01 12:40:36
TR100883,ANK,Akdenizshire,19.45,yolda,2026-08-20 12:54:40,
TR100884,BUR,New Terlan,29.01,teslim,2026-01-22 15:31:58,2026-01-27 15:31:58
TR100885,BUR,Lake Kâzime,3.27,yolda,2026-09-04 12:11:21,
TR100886,ANK,Mançomouth,15.37,teslim,2026-02-19 12:04:53,2026-02-22 12:04:53
TR100887,ANT,West Tezol,17.46,iade,2026-02-09 06:54:51,
TR100888,ANK,Port Övünmouth,13.43,iade,2026-03-16 06:31:40,
TR100889,BUR,West Lütfibury,23.19,yolda,2026-07-02 12:35:47,
TR100890,ANT,Oğurataville,4.61,iade,2026-02-05 09:35:49,
TR100891,IST,South Altınçiçekchester,8.93,teslim,2026-01-10 13:38:42,2026-01-14 13:38:42
TR100892,ANK,Soylufurt,10.52,teslim,2026-03-15 16:05:25,2026-03-16 16:05:25
TR100893,BUR,Sakaryafort,23.55,yolda,2026-05-26 11:24:56,
TR100894,BUR,East Aysevim,10.51,iade,2026-08-22 13:34:17,
TR100895,BUR,West Akçasumouth,9.64,teslim,2026-02-07 16:43:30,2026-02-11 16:43:30
TR100896,IST,North Utkucanburgh,24.32,yolda,2026-04-21 11:35:25,
TR100897,IZM,Lake Biltaş,19.47,teslim,2026-06-04 21:13:30,2026-06-05 21:13:30
TR100898,ANK,West Müretfort,27.9,iade,2026-08-10 12:32:40,
TR100899,ANK,Akçaburgh,15.53,iade,2026-01-22 02:34:53,
TR100900,ANK,Aksuton,10.0,iade,2026-09-02 22:18:51,
TR100901,BUR,Kılıçbayborough,7.03,yolda,2026-02-18 09:29:42,
TR100902,ANK,Sezenport,5.67,yolda,2026-06-18 00:28:07,
TR100903,BUR,North Ayvas,11.93,iade,2026-05-05 13:40:43,
TR100904,ANT,Mançoton,26.5,iade,2026-06-11 15:49:04,
TR100905,ANT,South Cannurport,12.94,yolda,2026-05-30 04:52:23,
TR100906,ANK,Akarville,6.25,teslim,2026-09-09 19:58:25,2026-09-15 19:58:25
TR100907,IST,East Sabır,17.36,iade,2026-01-20 01:34:40,
TR100908,ANK,South Ekberport,11.04,iade,2026-05-03 09:35:01,
TR100909,IST,Soyluview,7.94,teslim,2026-06-13 10:22:05,2026-06-17 10:22:05
TR100910,ANT,Akçaystad,28.98,yolda,2026-02-14 11:09:40,
TR100911,ANT,Karaermouth,11.72,yolda,2026-06-07 05:01:50,
TR100912,ANT,Anargülmouth,3.52,yolda,2026-01-27 09:33:49,
TR100913,BUR,Port Safet,18.56,yolda,2026-04-22 08:46:38,
TR100914,IZM,East Zehranurville,27.57,iade,2026-08-17 04:51:47,
TR100915,IST,Hafızachester,20.2,iade,2026-02-12 08:33:14,
TR100916,IST,New Bayman,7.23,yolda,2026-08-27 02:21:09,
TR100917,IZM,Duranfort,20.83,teslim,2026-06-09 09:47:39,2026-06-11 09:47:39
TR100918,BUR,South Süha,12.61,iade,2026-08-20 11:47:16,
TR100919,BUR,Akçayton,12.75,teslim,2026-02-09 17:37:05,2026-02-14 17:37:05
TR100920,ANT,North Aykut,20.83,yolda,2026-07-24 01:37:43,
TR100921,ANK,East Kaşif,16.69,iade,2026-03-18 05:03:09,
TR100922,IZM,South Borataşchester,4.29,teslim,2026-02-28 01:50:33,2026-02-26 01:50:33
TR100923,BUR,Port Müveddet,18.62,yolda,2026-03-29 11:43:40,
TR100924,IST,Şahnurayland,14.59,yolda,2026-04-20 05:22:44,
TR100925,BUR,Durmuşfurt,28.92,teslim,2026-02-12 20:51:30,2026-02-19 20:51:30
TR100926,BUR,Savnihaven,12.33,iade,2026-08-12 11:13:18,
TR100927,BUR,Port Zinnureshire,21.33,yolda,2026-07-07 00:02:17,
TR100928,BUR,Demirchester,5.1,yolda,2026-08-01 00:20:05,
TR100929,IST,New Muhiye,23.9,iade,2026-03-09 04:28:17,
TR100930,IST,North Kifayeville,8.32,teslim,2026-08-24 08:38:52,2026-08-27 08:38:52
TR100931,IZM,İlgiview,5.13,iade,2026-05-01 04:16:57,
TR100932,ANT,Durdufort,22.3,yolda,2026-06-07 19:55:40,
TR100933,ANT,West Ümmet,15.37,yolda,2026-01-24 14:54:33,
TR100934,IST,Türkfurt,8.11,iade,2026-03-06 22:30:28,
TR100935,IZM,North Canan,16.31,iade,2026-05-18 19:27:09,
TR100936,BUR,Akçasumouth,16.44,teslim,2026-04-24 09:05:29,2026-05-01 09:05:29
TR100937,IST,Sehafort,22.11,yolda,2026-05-07 18:22:50,
TR100938,ANK,East Sıla,9.0,iade,2026-02-17 05:09:22,
TR100939,IZM,Sahirchester,10.52,teslim,2026-07-01 03:47:38,2026-07-05 03:47:38
TR100940,IST,East Arziyeborough,23.29,teslim,2026-09-02 00:31:05,2026-09-06 00:31:05
TR100941,ANT,İnönühaven,20.71,teslim,2026-06-17 04:48:24,2026-06-19 04:48:24
TR100942,ANT,New Gülşahinland,19.02,iade,2026-06-04 06:47:58,
TR100943,ANK,Yamanhaven,23.57,teslim,2026-05-10 21:34:52,2026-05-15 21:34:52
TR100944,IST,East Kaşifborough,17.15,teslim,2026-08-18 22:06:50,2026-08-25 22:06:50
TR100945,IZM,North Azize,17.95,iade,2026-02-01 10:49:52,
TR100946,IZM,Çağlarborough,8.75,teslim,2026-01-29 16:57:01,2026-02-01 16:57:01
TR100947,ANT,Benekhaven,29.57,yolda,2026-04-26 11:21:33,
TR100948,IST,Lake Altınkayabury,4.15,iade,2026-06-13 05:28:26,
TR100949,IST,Tevetoğlumouth,29.78,yolda,2026-06-03 17:20:44,
TR100950,ANK,Zenginside,21.07,iade,2026-03-20 00:54:13,
TR100951,ANK,Günverview,21.37,teslim,2026-05-25 21:42:08,2026-05-27 21:42:08
TR100952,BUR,Alpcanfurt,14.73,teslim,2026-02-14 04:13:03,2026-02-21 04:13:03
TR100953,IZM,Port Mahnaz,18.87,iade,2026-01-29 08:29:06,
TR100954,BUR,Lake Muratcan,2.36,yolda,2026-04-03 07:17:52,
TR100955,ANT,Seminechester,22.52,teslim,2026-03-31 08:34:34,2026-04-04 08:34:34
TR100956,IZM,Port Tüzenurtown,13.7,iade,2026-07-28 09:49:54,
TR100957,IZM,Lake Hekmet,17.5,yolda,2026-07-13 04:36:36,
TR100958,IST,East Onursuport,21.95,iade,2026-08-31 12:45:10,
TR100959,IZM,Akçayfurt,25.52,yolda,2026-04-27 00:25:05,
TR100960,BUR,Eraslanborough,6.61,iade,2026-05-25 11:54:33,
TR100961,ANK,Tercanhaven,14.89,yolda,2026-07-10 07:38:40,
TR100962,IZM,Zenginville,10.2,yolda,2026-09-09 06:08:02,
TR100963,ANK,Kefserport,17.03,iade,2026-01-12 22:11:17,
TR100964,IZM,South Başhanmouth,26.84,yolda,2026-05-05 23:42:04,
TR100965,IST,Sayinview,18.82,teslim,2026-04-27 10:42:52,2026-04-28 10:42:52
TR100966,IST,East Gözem,3.81,yolda,2026-05-06 02:38:20,
TR100967,BUR,Port Nazfurt,0.12,teslim,2026-04-13 09:28:53,2026-04-17 09:28:53
TR100968,ANK,Lake Aliseydi,29.87,yolda,2026-05-14 04:27:31,
TR100969,IZM,Rafihchester,4.85,teslim,2026-07-22 05:33:16,2026-07-28 05:33:16
TR100970,IST,Korutürkton,0.0,yolda,2026-06-16 04:50:20,
TR100971,IST,West Şahdiye,11.22,yolda,2026-08-24 11:52:43,
TR100972,ANK,Çamurcuoğlustad,1.65,iade,2026-04-06 10:16:44,
TR100973,IZM,Harizside,21.81,iade,2026-07-26 02:13:15,
TR100974,IST,Dağistanfort,21.14,teslim,2026-03-21 10:00:44,2026-03-25 10:00:44
TR100975,BUR,İçimbikeside,2.43,teslim,2026-02-28 18:13:46,2026-03-02 18:13:46
TR100976,ANK,Sernurland,15.63,iade,2026-03-22 04:01:28,
TR100977,IST,Muhammetport,0.34,yolda,2026-04-06 09:15:24,
TR100978,IST,Züferview,29.65,yolda,2026-06-22 08:47:32,
TR100979,ANK,Belkizeville,14.38,yolda,2026-08-25 11:37:06,
TR100980,IST,Port Risaletshire,21.95,teslim,2026-07-11 19:25:21,2026-07-15 19:25:21
TR100981,IZM,South Ketehaven,11.09,teslim,2026-08-23 10:36:50,2026-08-24 10:36:50
TR100982,ANK,Fıratport,11.54,yolda,2026-02-25 14:28:09,
TR100983,ANK,Port Gizberg,2.15,teslim,2026-06-19 12:08:33,2026-06-25 12:08:33
TR100984,IST,İlalmışshire,18.35,iade,2026-03-28 20:36:12,
TR100985,IZM,West Ümray,21.7,teslim,2026-07-06 18:34:43,2026-07-10 18:34:43
TR100986,ANK,South Tümkurtburgh,27.6,iade,2026-03-21 02:45:02,
TR100987,BUR,North Aysunaview,25.81,iade,2026-05-11 18:56:05,
TR100988,ANK,New Güleğen,22.6,teslim,2026-04-01 09:17:20,2026-04-02 09:17:20
TR100989,BUR,East Nurbanuchester,10.61,iade,2026-07-19 04:53:35,
TR100990,IZM,Şafakfort,23.75,yolda,2026-06-25 20:05:33,
TR100991,IST,North Gülüsborough,7.52,teslim,2026-06-07 22:28:18,2026-06-10 22:28:18
TR100992,ANT,West Gülsiyeborough,21.66,iade,2026-06-03 23:15:39,
TR100993,IST,Lake Şermanbury,25.45,yolda,2026-01-17 00:41:39,
TR100994,IZM,Taşkanberg,6.24,iade,2026-04-07 22:39:11,
TR100995,ANT,Zorlushire,5.74,iade,2026-02-18 23:00:50,
TR100996,IZM,North Aydinç,19.42,yolda,2026-05-08 22:54:12,
TR100997,BUR,Azadehaven,3.47,teslim,2026-05-05 21:09:01,2026-05-09 21:09:01
TR100998,ANT,Aksoyberg,2.22,yolda,2026-08-29 16:16:27,
TR100999,IZM,Ergülborough,4.05,teslim,2026-05-23 04:12:19,2026-05-26 04:12:19
TR101000,BUR,Yıldırımbury,11.03,iade,2026-03-15 02:31:46,
TR101001,ANK,East Şevketfeza,22.91,iade,2026-04-07 04:31:49,
TR101002,ANT,North Yümun,2.12,teslim,2026-01-18 13:57:01,2026-01-19 13:57:01
TR101003,ANK,Akgündüzview,1.29,yolda,2026-01-24 13:57:22,
TR101004,BUR,New Aysoyville,15.25,teslim,2026-08-05 17:46:50,2026-08-12 17:46:50
TR101005,ANT,Lake Ekmelchester,23.04,iade,2026-01-17 17:42:37,
TR101006,BUR,Demirside,2.56,yolda,2026-07-01 15:00:47,
TR101007,ANT,Sezerberg,18.52,iade,2026-04-18 05:23:43,
TR101008,IST,West Şahmettinville,9.37,yolda,2026-03-30 21:03:19,
TR101009,ANK,Oluşberg,29.23,iade,2026-07-31 03:20:14,
TR101010,IZM,New İklimville,11.78,teslim,2026-06-21 17:26:34,2026-06-26 17:26:34
TR101011,IST,Port Dolunfort,9.37,iade,2026-04-29 20:43:19,
TR101012,ANK,Port Remazan,1.83,yolda,2026-03-28 05:13:29,
TR101013,IST,West Zümre,13.66,teslim,2026-08-01 05:46:44,2026-08-05 05:46:44
TR101014,IST,Gündenton,9.35,iade,2026-06-18 04:54:31,
TR101015,ANK,Çamurcuoğluborough,3.67,iade,2026-08-10 22:43:38,
TR101016,ANK,Nayiltown,21.07,iade,2026-07-15 17:48:59,
TR101017,IZM,North Maynurfort,15.74,teslim,2026-01-15 00:32:12,2026-01-19 00:32:12
TR101018,IZM,Port Fitnatland,5.09,iade,2026-03-08 23:49:52,
TR101019,IZM,Satıabury,22.01,teslim,2026-02-18 09:47:58,2026-02-24 09:47:58
TR101020,IST,Rezzakmouth,10.12,teslim,2026-07-06 10:56:02,2026-07-13 10:56:02
TR101021,IZM,Port Hindalton,0.0,yolda,2026-01-29 12:29:06,
TR101022,ANT,Tercanmouth,,yolda,2026-05-02 21:59:10,
TR101023,BUR,North Aydinçtown,15.37,yolda,2026-06-24 12:16:01,
TR101024,ANT,West Yağın,5.09,teslim,2026-03-04 19:38:00,2026-03-08 19:38:00
TR101025,IST,Şerefland,26.84,teslim,2026-06-29 01:29:55,2026-07-02 01:29:55
TR101026,IST,Kahirville,6.93,iade,2026-06-03 18:47:38,
TR101027,IST,Ertaşview,1.42,iade,2026-06-14 17:13:15,
TR101028,IST,Sezginchester,14.21,teslim,2026-06-08 20:49:58,2026-06-10 20:49:58
TR101029,ANK,East Zebirceton,5.45,yolda,2026-03-15 20:11:39,
TR101030,BUR,South Mübetcelfort,6.81,teslim,2026-03-12 23:22:36,2026-03-17 23:22:36
TR101031,IZM,Akçayfurt,8.21,teslim,2026-08-19 00:38:27,2026-08-23 00:38:27
TR101032,IZM,Port Uyanserberg,3.67,teslim,2026-05-29 08:05:16,2026-06-03 08:05:16
TR101033,IST,Demirchester,5.46,iade,2026-07-16 16:19:57,
TR101034,IST,North Razımouth,28.63,iade,2026-06-30 05:12:45,
TR101035,IZM,Lake Ulutay,23.23,teslim,2026-01-14 20:54:33,2026-01-18 20:54:33
TR101036,IZM,South Silanurbury,2.68,yolda,2026-07-30 16:03:48,
TR101037,IST,Sitifurt,11.13,yolda,2026-07-16 05:36:50,
TR101038,ANT,North Sanurburgh,23.56,yolda,2026-03-08 19:15:49,
TR101039,ANT,Akdenizfort,7.35,iade,2026-07-25 09:56:06,
TR101040,ANT,Port Egenurmouth,29.16,yolda,2026-03-15 07:22:47,
TR101041,ANT,Sayınton,22.84,teslim,2026-04-13 14:58:42,2026-04-19 14:58:42
TR101042,IST,New Sanur,27.98,teslim,2026-07-25 22:37:39,2026-07-27 22:37:39
TR101043,ANT,Alemdarbury,10.46,teslim,2026-06-06 02:51:43,2026-06-08 02:51:43
TR101044,IST,Dumanlıshire,28.53,iade,2026-02-09 16:27:29,
TR101045,BUR,Port Esengünmouth,25.49,teslim,2026-07-03 02:17:07,2026-07-10 02:17:07
TR101046,IZM,South Serfinaztown,3.21,iade,2026-05-12 19:36:39,
TR101047,ANK,Seventon,12.65,iade,2026-02-18 22:24:32,
TR101048,IZM,Port Cenanport,2.88,teslim,2026-08-14 10:32:28,2026-08-16 10:32:28
TR101049,ANT,İSTANBUL,12.45,teslim,2026-07-26 11:45:18,2026-08-02 11:45:18
TR101050,BUR,Yuntton,29.24,yolda,2026-07-06 05:52:11,
TR101051,IST,Şamaside,15.21,teslim,2026-04-06 15:27:04,2026-04-11 15:27:04
TR101052,BUR,Demirelstad,2.34,iade,2026-09-07 18:16:00,
TR101053,IST,North Sevsevilbury,13.11,iade,2026-07-04 19:36:43,
TR101054,IZM,Yargıport,7.9,teslim,2026-01-10 22:10:51,2026-01-12 22:10:51
TR101055,BUR,Züheylaville,21.05,yolda,2026-08-10 18:33:00,
TR101056,IZM,South Fami,9.61,iade,2026-01-27 20:23:12,
TR101057,ANK,West Neşrinborough,2.33,yolda,2026-06-17 23:49:28,
TR101058,ANT,Port Özdoğduborough,3.36,teslim,2026-03-23 21:44:06,2026-03-25 21:44:06
TR101059,BUR,Lake Ulutay,14.04,teslim,2026-07-06 13:40:53,2026-07-08 13:40:53
TR101060,IST,Türkshire,16.12,yolda,2026-02-20 22:09:12,
TR101061,IZM,Ertaşshire,13.95,teslim,2026-02-26 22:11:23,2026-02-24 22:11:23
TR101062,ANK,South Abdülcemal,24.25,teslim,2026-07-24 21:09:57,2026-07-25 21:09:57
TR101063,ANT,New Akiseshire,1.31,yolda,2026-08-04 01:03:28,
TR101064,ANK,Lake Melûl,2.83,yolda,2026-07-16 14:57:21,
TR101065,BUR,North Önsal,15.45,teslim,2026-03-18 12:14:30,2026-03-21 12:14:30
TR101066,IZM,Fatmanurfurt,7.88,iade,2026-08-31 07:11:54,
TR101067,BUR,West Özokçu,25.65,teslim,2026-06-21 15:56:31,2026-06-22 15:56:31
TR101068,ANT,Aytözberg,7.57,iade,2026-05-23 05:22:46,
TR101069,IST,Tevetoğluhaven,24.14,yolda,2026-03-04 17:38:05,
TR101070,IST,Özlemside,1.94,teslim,2026-05-06 03:46:34,2026-05-07 03:46:34
TR101071,ANK,East Paye,24.73,teslim,2026-04-04 11:29:00,2026-04-06 11:29:00
TR101072,IST,Tanberg,17.51,yolda,2026-05-02 22:06:03,
TR101073,IST,Özdeşville,0.75,yolda,2026-03-20 03:02:18,
TR101074,BUR,Zenginshire,24.3,teslim,2026-05-26 20:47:53,2026-05-28 20:47:53
TR101075,IZM,Şefitown,3.76,teslim,2026-06-21 04:52:48,2026-06-28 04:52:48
TR101076,IST,North Çinerkberg,5.12,yolda,2026-08-01 01:54:01,
TR101077,BUR,East Sababurgh,24.67,iade,2026-01-30 16:18:19,
TR101078,BUR,Fezaton,0.98,yolda,2026-05-01 09:09:15,
TR101079,BUR,Port Hafıza,5.27,iade,2026-05-04 16:36:48,
TR101080,IZM,Aytenville,8.47,teslim,2026-01-22 14:49:16,2026-01-24 14:49:16
TR101081,ANT,Lake Sefer,18.61,teslim,2026-09-06 08:15:15,2026-09-07 08:15:15
TR101082,IZM,Yükselhaven,15.02,teslim,2026-08-16 01:07:28,2026-08-22 01:07:28
TR101083,BUR,South Önsalchester,1.92,iade,2026-05-01 18:41:25,
TR101084,BUR,North Onukerborough,4.2,yolda,2026-05-11 11:51:00,
TR101085,ANT,Karadenizbury,7.55,teslim,2026-09-08 01:45:29,2026-09-14 01:45:29
TR101086,IST,Port İzel,29.68,iade,2026-06-01 21:17:58,
TR101087,IZM,Aykutburgh,14.44,iade,2026-03-26 05:13:59,
TR101088,IZM,East Şilan,27.39,yolda,2026-02-07 23:48:18,
TR101089,IZM,South Atalaychester,11.71,iade,2026-07-28 15:06:13,
TR101090,IZM,Erkılıçburgh,17.95,teslim,2026-04-28 11:13:06,2026-04-29 11:13:06
TR101091,IZM,Abdülsamedmouth,1.85,teslim,2026-08-24 20:50:54,2026-08-31 20:50:54
TR101092,ANT,İSTANBUL,10.79,yolda,2026-07-10 04:13:37,
TR101093,ANK,Port Pembesinport,29.22,iade,2026-05-15 08:50:01,
TR101094,ANK,Bicanmouth,8.07,teslim,2026-07-19 13:58:12,2026-07-21 13:58:12
TR101095,IST,East Güldam,22.95,iade,2026-08-02 02:44:27,
TR101096,BUR,South Hanbiken,10.71,teslim,2026-02-05 13:09:16,2026-02-10 13:09:16
TR101097,ANK,Çorlustad,17.82,teslim,2026-08-06 15:14:30,2026-08-08 15:14:30
TR101098,IZM,Lake Tükelalp,27.43,iade,2026-04-05 23:25:09,
TR101099,IZM,Soydanerborough,28.43,teslim,2026-05-18 15:28:03,2026-05-24 15:28:03
TR101100,ANK,Durmuştown,,iade,2026-09-07 04:29:48,
TR101101,BUR,Ayasunbury,16.31,teslim,2026-02-23 14:59:23,2026-03-02 14:59:23
TR101102,IST,North Tüzenur,2.8,teslim,2026-09-05 09:48:45,2026-09-09 09:48:45
TR101103,ANK,Çamurcuoğluville,0.7,teslim,2026-05-14 17:03:13,2026-05-19 17:03:13
TR101104,IST,Hacileport,10.02,yolda,2026-06-08 22:19:41,
TR101105,ANK,Goncaferhaven,24.21,iade,2026-01-19 15:58:40,
TR101106,ANK,Türkport,27.57,yolda,2026-07-02 02:35:42,
TR101107,IST,Gilmanland,0.76,yolda,2026-03-25 20:02:57,
TR101108,ANK,Port Gürcüye,23.25,iade,2026-02-16 08:04:57,
TR101109,IZM,Lake Behremborough,28.82,iade,2026-08-05 03:32:32,
TR101110,BUR,Karadenizville,17.62,yolda,2026-04-02 20:38:24,
TR101111,IZM,Şensoyland,9.75,yolda,2026-03-30 21:50:39,
TR101112,BUR,South Ürpermouth,23.78,teslim,2026-03-10 18:48:01,2026-03-16 18:48:01
TR101113,IZM,North Bakiburgh,5.31,yolda,2026-01-24 18:49:47,
TR101114,ANT,New Möhsimview,23.63,iade,2026-04-17 21:39:23,
TR101115,ANT,istanbul,24.45,teslim,2026-06-17 09:07:00,2026-06-23 09:07:00
TR101116,IZM,Akkermanfurt,22.05,yolda,2026-06-27 05:47:23,
TR101117,ANK,Lake İlklimaland,5.41,yolda,2026-02-25 00:23:36,
TR101118,ANT,Lake Beyzadestad,11.81,teslim,2026-08-25 11:57:58,2026-08-31 11:57:58
TR101119,IST,West Varlıkport,5.54,iade,2026-07-24 08:29:02,
TR101120,ANT,West Altınbikefurt,6.7,yolda,2026-09-02 15:18:26,
TR101121,IST,South Gözelside,28.11,iade,2026-06-12 12:25:34,
TR101122,IST,Lake Özbay,7.22,teslim,2026-04-05 11:00:03,2026-04-08 11:00:03
TR101123,ANK,Rezinberg,19.12,yolda,2026-08-10 00:13:28,
TR101124,IZM,Ahatside,13.45,teslim,2026-05-05 19:47:30,2026-05-12 19:47:30
TR101125,ANK,North Atatöre,7.56,yolda,2026-08-13 15:19:44,
TR101126,IZM,Duranside,23.63,teslim,2026-01-12 00:35:07,2026-01-15 00:35:07
TR101127,IST,Mahirstad,1.54,iade,2026-02-12 03:08:37,
TR101128,BUR,Akçayhaven,29.08,yolda,2026-04-02 07:14:06,
TR101129,BUR,East Milay,26.46,yolda,2026-03-06 09:28:54,
TR101130,ANT,Kermanville,11.32,yolda,2026-09-06 15:29:17,
TR101131,ANT,Port Hekimemouth,19.56,yolda,2026-03-21 12:04:58,
TR101132,ANK,West Tagangülland,4.96,iade,2026-08-11 12:56:57,
TR101133,IST,East Şadımanshire,8.92,teslim,2026-04-17 10:16:54,2026-04-24 10:16:54
TR101134,IZM,Yazganalpberg,28.55,yolda,2026-07-18 06:38:51,
TR101135,ANK,West Nursimland,26.65,teslim,2026-04-11 03:42:30,2026-04-14 03:42:30
TR101136,IST,Divanmouth,16.46,teslim,2026-03-26 05:14:28,2026-04-01 05:14:28
TR101137,ANT,Yurtsevenshire,29.56,teslim,2026-05-17 14:06:40,2026-05-20 14:06:40
TR101138,IST,Temirhanchester,13.0,yolda,2026-03-10 06:07:40,
TR101139,ANK,West Okgüçlübury,18.26,iade,2026-03-16 13:32:17,
TR101140,ANK,Yelesenberg,1.7,yolda,2026-06-28 10:40:29,
TR101141,ANK,Ertaşmouth,29.23,yolda,2026-05-18 20:05:40,
TR101142,ANT,Duhaside,21.69,yolda,2026-05-29 09:25:04,
TR101143,ANT,Lake Nesfe,8.03,iade,2026-02-21 08:05:51,
TR101144,IZM,Fahrullahside,7.2,yolda,2026-02-10 21:45:14,
TR101145,ANT,Şermanland,16.53,teslim,2026-03-27 08:34:55,2026-03-31 08:34:55
TR101146,ANK,Port Ferhantown,1.73,yolda,2026-02-08 08:28:56,
TR101147,IST,Öcalanshire,8.91,teslim,2026-08-24 01:18:58,2026-08-28 01:18:58
TR101148,ANT,New Ramadanside,14.46,iade,2026-04-02 16:46:37,
TR101149,ANK,Şensoyberg,5.21,teslim,2026-08-07 15:51:33,2026-08-08 15:51:33
TR101150,IST,Bilginshire,14.26,yolda,2026-06-01 03:22:50,
TR101151,BUR,South Eşim,14.18,teslim,2026-05-03 02:00:45,2026-05-06 02:00:45
TR101152,IZM,South Yurdanurhaven,2.82,iade,2026-07-27 07:05:18,
TR101153,BUR,Port Nura,5.63,iade,2026-01-14 04:25:31,
TR101154,IZM,South Gümüştekin,5.68,yolda,2026-03-15 11:28:40,
TR101155,BUR,Lake Şendoğan,14.01,teslim,2026-03-20 15:27:28,2026-03-23 15:27:28
TR101156,IZM,Atagünbury,16.97,teslim,2026-07-16 20:16:56,2026-07-23 20:16:56
TR101157,IST,North Risalet,2.66,teslim,2026-07-18 10:51:29,2026-07-25 10:51:29
TR101158,ANT,North Süleyla,12.48,yolda,2026-06-02 13:05:21,
TR101159,ANK,Örikfort,16.65,iade,2026-03-31 08:58:40,
TR101160,ANT,North Selcenmouth,12.62,yolda,2026-07-05 15:17:16,
TR101161,BUR,Resulcanshire,17.22,iade,2026-02-19 03:49:50,
TR101162,IZM,South Serfinaz,2.46,teslim,2026-08-09 11:24:51,2026-08-13 11:24:51
TR101163,IST,Mufideland,15.11,iade,2026-06-06 01:45:07,
TR101164,ANT,Çağabury,20.36,iade,2026-07-29 17:21:04,
TR101165,ANK,Ergülstad,3.7,iade,2026-07-29 14:38:15,
TR101166,ANK,Akgündüztown,28.48,yolda,2026-07-18 03:34:57,
TR101167,ANK,South Güçal,3.87,teslim,2026-07-23 23:09:48,2026-07-25 23:09:48
TR101168,IST,New Sanurview,29.65,yolda,2026-04-09 09:22:23,
TR101169,ANK,East Gülağa,29.92,yolda,2026-04-02 05:11:10,
TR101170,ANK,Lake Münifchester,25.04,iade,2026-05-30 17:51:59,
TR101171,IZM,South Tayyibefort,27.33,yolda,2026-05-18 07:37:18,
TR101172,BUR,New Güneri,16.74,teslim,2026-07-15 02:30:17,2026-07-16 02:30:17
TR101173,IZM,East Atnanberg,25.71,iade,2026-06-18 15:33:43,
TR101174,BUR,East Rahiye,27.52,iade,2026-08-20 18:59:08,
TR101175,ANT,New Filitton,17.67,teslim,2026-07-28 03:52:52,2026-08-04 03:52:52
TR101176,IST,Ilgıhaven,12.49,yolda,2026-03-15 16:07:04,
TR101177,ANT,Lake Şahıgülport,17.52,teslim,2026-06-16 12:49:50,2026-06-21 12:49:50
TR101178,ANT,South Nesfe,23.41,teslim,2026-02-12 08:56:16,2026-02-13 08:56:16
TR101179,ANT,Aksubury,26.42,yolda,2026-07-12 03:35:44,
TR101180,IZM,Port Mevlüdiye,11.55,yolda,2026-06-18 14:19:42,
TR101181,ANT,Hakikatmouth,18.31,yolda,2026-03-21 16:59:13,
TR101182,IZM,East Çelemfurt,12.15,teslim,2026-07-05 04:21:07,2026-07-07 04:21:07
TR101183,ANT,North Kutayhaven,20.46,iade,2026-03-02 10:01:12,
TR101184,IST,Alemdarberg,11.93,yolda,2026-07-24 22:40:31,
TR101185,ANK,East Canfezaton,1.57,yolda,2026-09-02 05:28:32,
TR101186,IZM,North Deryanurberg,26.92,yolda,2026-08-04 10:59:24,
TR101187,IZM,Port Tomurcukchester,9.4,teslim,2026-09-01 10:29:43,2026-09-04 10:29:43
TR101188,IST,Arsoyton,29.18,yolda,2026-07-31 19:30:31,
TR101189,IZM,Bilginfort,29.23,teslim,2026-08-03 19:57:06,2026-08-05 19:57:06
TR101190,IZM,Mukbileshire,8.16,yolda,2026-06-07 03:05:08,
TR101191,ANT,Yamanview,19.4,yolda,2026-02-17 00:29:29,
TR101192,ANK,Port Börteçin,27.41,teslim,2026-07-14 08:58:57,2026-07-18 08:58:57
TR101193,BUR,Eraslanborough,22.81,yolda,2026-04-30 01:56:26,
TR101194,IST,New Gülerville,15.51,yolda,2026-01-12 04:40:58,
TR101195,IZM,South Sernurborough,21.32,teslim,2026-07-30 22:14:07,2026-07-31 22:14:07
TR101196,ANK,Arsoyville,23.44,yolda,2026-05-12 18:07:16,
TR101197,ANT,Şensoyshire,0.97,iade,2026-03-11 04:20:41,
TR101198,ANK,Günebakanchester,25.13,teslim,2026-04-18 13:43:56,2026-04-25 13:43:56
TR101199,BUR,Nilcanview,1.61,teslim,2026-08-17 08:48:43,2026-08-18 08:48:43
TR101200,ANK,South Hoşkadem,8.29,yolda,2026-06-13 10:14:42,
TR101201,ANT,Akçaystad,11.97,yolda,2026-08-14 14:33:52,
TR101202,IST,Eraslanport,7.33,teslim,2026-08-15 04:50:09,2026-08-21 04:50:09
TR101203,ANT,Çevregülfurt,13.44,yolda,2026-08-22 09:48:10,
TR101204,ANT,Lake Mülâyimmouth,16.58,yolda,2026-03-04 16:35:44,
TR101205,ANK,East Feryasfurt,25.15,yolda,2026-03-13 21:44:37,
TR101206,IST,East Övertown,8.62,yolda,2026-05-21 12:10:23,
TR101207,IST,South Nazende,4.97,yolda,2026-02-14 10:42:39,
TR101208,ANK,North Remazanbury,25.73,iade,2026-06-28 03:42:56,
TR101209,ANK,New Arıkolfurt,20.36,iade,2026-06-03 02:08:16,
TR101210,BUR,Özlemton,15.45,yolda,2026-06-14 15:59:04,
TR101211,IST,Dumanlıtown,14.28,iade,2026-03-19 03:20:57,
TR101212,ANK,Keteton,18.07,teslim,2026-03-29 09:45:05,2026-04-04 09:45:05
TR101213,IZM,New Hanedan,18.29,teslim,2026-08-30 21:35:16,2026-09-01 21:35:16
TR101214,IZM,Nezihitown,12.77,yolda,2026-01-24 01:49:04,
TR101215,IZM,West Öztürkstad,13.82,yolda,2026-03-12 05:11:43,
TR101216,IZM,Zenginborough,20.35,teslim,2026-06-12 12:42:16,2026-06-16 12:42:16
TR101217,BUR,Lake Âlemşahland,17.58,iade,2026-07-30 03:24:56,
TR101218,IZM,Şahdiyeside,16.89,teslim,2026-02-14 02:06:38,2026-02-19 02:06:38
TR101219,ANT,Vargınview,8.55,iade,2026-08-24 11:01:40,
TR101220,IST,South Ünlen,14.5,iade,2026-04-07 22:55:51,
TR101221,IZM,West Hiçsönmezchester,19.25,yolda,2026-08-21 08:13:22,
TR101222,IZM,New Beyzadehaven,19.72,yolda,2026-07-25 16:11:05,
TR101223,IZM,Elnurhaven,5.73,iade,2026-05-04 08:19:46,
TR101224,ANK,Yücelmouth,27.0,iade,2026-04-20 03:34:49,
TR101225,BUR,Öcalanbury,19.85,iade,2026-06-05 12:20:48,
TR101226,ANK,Tarhanmouth,21.67,iade,2026-05-21 23:34:17,
TR101227,BUR,South Elhanview,29.92,iade,2026-08-25 23:19:24,
TR101228,BUR,Şenerbury,12.2,yolda,2026-02-05 07:21:18,
TR101229,IST,İlmaferstad,17.53,iade,2026-04-09 08:48:29,
TR101230,ANK,Lake Resulcanbury,10.36,iade,2026-07-29 15:52:19,
TR101231,ANK,South Tansesmouth,20.62,iade,2026-05-01 15:26:12,
TR101232,BUR,South Tekbay,27.21,iade,2026-02-08 14:20:37,
TR101233,IZM,New Sahir,15.27,iade,2026-05-27 08:54:58,
TR101234,ANT,South Korugan,5.52,teslim,2026-03-22 01:22:42,2026-03-29 01:22:42
TR101235,ANK,Port Ruhsat,22.25,teslim,2026-04-11 06:46:13,2026-04-15 06:46:13
TR101236,ANT,East Omaca,22.91,iade,2026-03-31 09:01:13,
TR101237,IZM,Görklüville,19.67,teslim,2026-09-07 07:26:41,2026-09-13 07:26:41
TR101238,ANK,Lake Sirapfort,22.35,teslim,2026-02-25 15:03:08,2026-02-28 15:03:08
TR101239,BUR,Port Hafızaton,23.66,yolda,2026-09-05 10:59:09,
TR101240,IZM,Nurşanmouth,7.89,yolda,2026-07-16 08:59:30,
TR101241,BUR,Efilburgh,25.55,yolda,2026-07-20 06:38:55,
TR101242,IST,Özokçubury,26.01,yolda,2026-07-27 13:48:52,
TR101243,ANT,North Gülhisar,-3.5,iade,2026-08-22 00:36:46,
TR101244,ANK,Akçaside,15.06,teslim,2026-06-23 09:59:19,2026-06-27 09:59:19
TR101245,BUR,Özerdinçburgh,15.94,iade,2026-01-22 17:12:35,
TR101246,IST,Lake Gülaymouth,26.14,yolda,2026-07-06 15:04:47,
TR101247,ANK,North Tanyuborough,10.35,teslim,2026-05-12 15:47:12,2026-05-14 15:47:12
TR101248,BUR,West Yigitview,4.38,iade,2026-06-06 10:13:45,
TR101249,ANK,Nehipview,23.39,iade,2026-03-23 18:05:27,
TR101250,IZM,,18.97,yolda,2026-07-12 02:57:39,
TR101251,IST,Bilirchester,0.24,teslim,2026-07-22 18:34:38,2026-07-25 18:34:38
TR101252,ANK,Özüdoğruview,22.86,yolda,2026-06-03 15:52:52,
TR101253,ANK,New Eroğul,14.74,teslim,2026-07-04 02:48:09,2026-07-09 02:48:09
TR101254,ANT,Port Demiryürek,13.07,teslim,2026-08-21 17:24:47,2026-08-23 17:24:47
TR101255,BUR,New Akgüneş,12.93,yolda,2026-04-24 21:48:42,
TR101256,BUR,East Geray,0.24,yolda,2026-06-06 23:47:39,
TR101257,ANK,East Şanlıfort,21.95,iade,2026-07-12 18:15:44,
TR101258,ANT,Doğannurport,5.8,teslim,2026-03-03 07:04:14,2026-03-06 07:04:14
TR101259,IST,South Demirizburgh,18.84,iade,2026-04-17 12:57:05,
TR101260,IZM,Port Oruç,9.43,teslim,2026-02-02 09:17:00,2026-02-04 09:17:00
TR101261,ANT,South Tüzeerview,17.7,teslim,2026-07-14 03:22:23,2026-07-18 03:22:23
TR101262,IST,Kardelenside,0.0,teslim,2026-05-30 06:06:49,2026-05-31 06:06:49
TR101263,BUR,Akçabaychester,21.86,yolda,2026-04-20 03:46:48,
TR101264,ANT,Turceinborough,10.2,iade,2026-02-26 03:43:09,
TR101265,ANK,Port Seracettin,10.35,iade,2026-08-22 02:22:14,
TR101266,IZM,Tangülhaven,22.53,yolda,2026-05-27 23:33:36,
TR101267,BUR,Akgündüzland,0.67,teslim,2026-07-18 09:28:29,2026-07-25 09:28:29
TR101268,ANK,Belkizeberg,6.41,teslim,2026-06-07 01:32:34,2026-06-13 01:32:34
TR101269,ANT,Şanlıshire,5.15,teslim,2026-03-16 03:37:15,2026-03-21 03:37:15
TR101270,IST,North Güngördümouth,11.32,yolda,2026-06-16 06:27:32,
TR101271,IZM,Temizkalport,23.16,iade,2026-04-08 16:50:57,
TR101272,IST,Aslanmouth,17.86,iade,2026-04-23 22:43:38,
TR101273,IST,Sevenburgh,19.64,teslim,2026-05-31 02:38:43,2026-06-06 02:38:43
TR101274,IST,East Şahıgülbury,12.56,teslim,2026-03-22 11:38:50,2026-03-23 11:38:50
TR101275,IST,East Güçyeterfurt,16.46,yolda,2026-04-17 19:13:26,
TR101276,ANK,North Burcuhanside,6.24,yolda,2026-02-19 01:49:13,
TR101277,IST,Port Özlühaven,9.1,iade,2026-01-30 23:23:36,
TR101278,IST,West Nurmelekberg,19.91,iade,2026-02-11 09:39:40,
TR101279,ANT,Hançerbury,18.21,yolda,2026-02-11 19:32:30,
TR101280,IST,Asliyeberg,15.4,teslim,2026-04-16 03:36:23,2026-04-20 03:36:23
TR101281,IST,North Arifcan,8.55,iade,2026-03-02 01:17:42,
TR101282,ANK,Cannurmouth,18.31,teslim,2026-05-28 15:42:19,2026-06-01 15:42:19
TR101283,ANT,Hazinemouth,29.2,yolda,2026-08-08 00:18:48,
TR101284,BUR,New Naide,8.93,yolda,2026-03-03 13:03:57,
TR101285,BUR,Fıratside,27.32,teslim,2026-07-06 08:59:49,2026-07-11 08:59:49
TR101286,BUR,Denizside,9.99,iade,2026-05-10 07:57:23,
TR101287,IST,South Tanırstad,27.22,teslim,2026-04-08 06:41:39,2026-04-09 06:41:39
TR101288,BUR,Görgünayport,4.56,iade,2026-06-19 03:43:18,
TR101289,ANT,New Esentürkstad,2.34,teslim,2026-01-14 04:05:28,2026-01-21 04:05:28
TR101290,IST,Durantown,27.15,iade,2026-05-01 10:31:18,
TR101291,ANK,Hançertown,13.76,iade,2026-07-20 02:50:21,
TR101292,IZM,Nafilebury,13.98,yolda,2026-06-26 05:39:06,
TR101293,ANK,Karcanchester,26.24,teslim,2026-01-12 20:58:49,2026-01-19 20:58:49
TR101294,IZM,Gülenbury,24.07,yolda,2026-08-15 18:26:57,
TR101295,BUR,Karadenizfurt,22.18,yolda,2026-03-14 11:29:09,
TR101296,IST,Bozbağchester,0.39,teslim,2026-04-05 17:46:27,2026-04-12 17:46:27
TR101297,ANK,New Nirgül,9.93,teslim,2026-09-09 22:08:12,2026-09-15 22:08:12
TR101298,ANT,Selcenside,8.12,yolda,2026-04-25 15:40:13,
TR101299,IST,Akarland,11.24,iade,2026-04-24 11:18:24,
TR101300,ANK,West Duruöz,3.5,yolda,2026-03-21 21:51:43,
TR101301,BUR,Aslanfort,8.23,yolda,2026-07-05 21:48:30,
TR101302,BUR,Akverberg,24.02,yolda,2026-03-24 00:01:42,
TR101303,ANK,East Değmeerport,3.48,iade,2026-01-29 08:18:29,
TR101304,IST,Lake Altınçiçek,29.45,iade,2026-04-24 14:47:03,
TR101305,BUR,North Giz,27.35,teslim,2026-01-13 06:10:17,2026-01-14 06:10:17
TR101306,ANT,Bilirmouth,20.38,yolda,2026-01-15 18:56:57,
TR101307,BUR,Esengünstad,23.4,teslim,2026-06-22 06:39:10,2026-06-27 06:39:10
TR101308,IST,West Boztaşberg,-0.5,iade,2026-07-09 03:33:22,
TR101309,ANK,Özdilland,14.54,iade,2026-01-31 20:01:08,
TR101310,IST,Akçayborough,26.64,yolda,2026-08-09 00:37:11,
TR101311,IST,Karadeniztown,1.99,yolda,2026-04-17 04:36:48,
TR101312,IZM,South Asliye,0.47,iade,2026-02-26 10:28:04,
TR101313,ANT,East Basriyeville,23.05,iade,2026-04-16 01:25:20,
TR101314,ANT,South Över,6.8,iade,2026-07-31 11:04:21,
TR101315,IZM,Güleğenton,15.62,iade,2026-05-11 06:46:26,
TR101316,ANT,West Dehaport,2.95,iade,2026-08-11 12:09:36,
TR101317,ANK,Ağmurborough,14.51,iade,2026-03-28 05:56:32,
TR101318,BUR,Lake Akyıldız,4.54,iade,2026-02-22 22:16:24,
TR101319,ANT,East Savnishire,1.73,iade,2026-05-16 02:23:19,
TR101320,ANK,Çetinbury,15.22,iade,2026-02-25 12:55:08,
TR101321,BUR,New Yaşarfort,26.1,yolda,2026-01-13 12:56:10,
TR101322,BUR,West Cebesoy,9.69,teslim,2026-08-29 14:48:18,2026-09-05 14:48:18
TR101323,IZM,South Cercis,1.61,yolda,2026-04-16 15:57:48,
TR101324,BUR,Pembesinton,12.16,teslim,2026-09-07 07:53:30,2026-09-12 07:53:30
TR101325,BUR,Saygınberg,13.38,teslim,2026-02-02 06:50:54,2026-02-03 06:50:54
TR101326,BUR,East Dursadiyebury,2.73,iade,2026-08-06 08:52:45,
TR101327,BUR,Alışıkborough,9.55,yolda,2026-05-13 01:55:49,
TR101328,IST,Ergülberg,3.17,yolda,2026-01-18 08:43:36,
TR101329,IST,South Çolpanmouth,16.76,yolda,2026-04-17 10:21:43,
TR101330,IST,Hamiyetfort,23.77,teslim,2026-08-15 04:11:33,2026-08-22 04:11:33
TR101331,IZM,New Vaysal,26.71,iade,2026-03-24 18:32:34,
TR101332,ANK,Aslanside,19.67,iade,2026-05-15 18:37:41,
TR101333,IZM,New Gönenmouth,10.96,yolda,2026-03-13 08:12:46,
TR101334,ANK,Halenurstad,25.35,teslim,2026-05-04 21:34:22,2026-05-11 21:34:22
TR101335,ANT,Port Sabihehaven,23.05,yolda,2026-07-05 10:01:36,
TR101336,BUR,North Nurtaç,21.53,iade,2026-06-06 06:38:45,
TR101337,BUR,West İlper,3.51,yolda,2026-05-31 11:07:50,
TR101338,ANK,Akarhaven,0.17,iade,2026-02-03 16:05:30,
TR101339,IZM,New Selâtin,16.48,yolda,2026-07-22 07:11:53,
TR101340,IST,Şensoymouth,1.47,yolda,2026-05-15 08:33:15,
TR101341,ANK,New Sevsevilland,24.67,teslim,2026-02-21 23:18:15,2026-02-25 23:18:15
TR101342,BUR,East Amaç,3.3,iade,2026-01-27 01:44:15,
TR101343,ANK,South Kayrabayville,5.71,iade,2026-03-29 13:13:01,
TR101344,ANK,Ülkerfort,13.77,yolda,2026-01-22 10:15:40,
TR101345,IZM,Aytunastad,3.32,teslim,2026-08-02 06:42:51,2026-08-08 06:42:51
TR101346,IST,North Ledünfort,27.81,yolda,2026-04-05 18:59:21,
TR101347,ANT,Sezginton,3.78,iade,2026-02-10 02:57:19,
TR101348,BUR,Alemdarstad,19.79,yolda,2026-05-30 05:46:42,
TR101349,ANK,Gülsalınton,28.92,iade,2026-02-01 17:05:58,
TR101350,IST,Borahanborough,16.64,teslim,2026-02-06 09:46:07,2026-02-11 09:46:07
TR101351,ANT,North İçimbikebury,14.54,yolda,2026-07-30 19:39:27,
TR101352,ANK,Akarborough,20.79,iade,2026-08-04 13:08:38,
TR101353,ANK,New Pembesin,3.2,teslim,2026-08-02 10:10:08,2026-08-08 10:10:08
TR101354,ANT,Korutürkville,18.22,iade,2026-03-20 13:09:11,
TR101355,ANT,Tasvirmouth,26.45,yolda,2026-08-21 23:40:00,
TR101356,ANT,East Ismıkside,27.49,yolda,2026-06-24 22:19:52,
TR101357,BUR,Sevicanburgh,28.91,teslim,2026-06-15 00:29:16,2026-06-18 00:29:16
TR101358,BUR,İhsanoğlustad,24.16,yolda,2026-08-05 10:01:01,
TR101359,ANT,Züferchester,21.03,teslim,2026-05-12 11:09:40,2026-05-16 11:09:40
TR101360,ANT,Nevisebury,9.04,iade,2026-06-26 07:04:32,
TR101361,ANT,South Heva,25.84,iade,2026-08-16 18:35:34,
TR101362,ANT,Aytenmouth,19.01,iade,2026-04-18 17:59:10,
TR101363,ANT,Lake Arguport,-0.5,teslim,2026-06-13 06:51:22,2026-06-15 06:51:22
TR101364,IZM,New Erözport,27.64,iade,2026-08-29 10:36:57,
TR101365,ANK,Mishatborough,15.17,teslim,2026-01-12 14:55:47,2026-01-18 14:55:47
TR101366,IZM,Port Yasemenview,21.34,iade,2026-05-12 08:49:41,
TR101367,ANT,North Arıkol,14.46,yolda,2026-08-13 02:13:06,
TR101368,BUR,Görklüberg,20.26,iade,2026-07-07 20:39:41,
TR101369,IZM,Meveddetbury,26.34,iade,2026-04-22 23:34:21,
TR101370,IST,Sılaland,15.73,yolda,2026-04-10 13:22:00,
TR101371,ANK,Durduborough,1.69,teslim,2026-08-19 15:01:46,2026-08-23 15:01:46
TR101372,IZM,Değerburgh,22.53,teslim,2026-02-09 01:16:28,2026-02-11 01:16:28
TR101373,IZM,New Samahatport,4.48,teslim,2026-07-18 16:46:11,2026-07-21 16:46:11
TR101374,IZM,Çorluton,6.2,teslim,2026-01-24 14:01:56,2026-01-30 14:01:56
TR101375,IST,Akyıldızchester,10.82,iade,2026-05-19 22:26:28,
TR101376,IST,Lake Seniha,18.52,yolda,2026-02-25 21:13:22,
TR101377,ANT,Lake Refetfurt,25.96,iade,2026-08-31 23:33:43,
TR101378,ANT,Gülfezaton,11.73,iade,2026-01-31 02:12:46,
TR101379,IZM,West Fadıla,20.82,iade,2026-05-14 01:56:59,
TR101380,BUR,North Tanses,12.56,teslim,2026-04-05 19:40:57,2026-04-09 19:40:57
TR101381,IZM,İnönüshire,28.98,iade,2026-06-11 15:38:09,
TR101382,IZM,East Akayport,6.17,teslim,2026-07-25 02:07:20,2026-07-26 02:07:20
TR101383,ANK,East Ulakbey,27.35,yolda,2026-06-12 05:03:18,
TR101384,IZM,Durduton,0.0,iade,2026-02-11 03:04:48,
TR101385,ANT,Eraslanland,5.97,iade,2026-08-10 22:51:16,
TR101386,ANK,Öcalanberg,8.9,iade,2026-06-13 20:14:42,
TR101387,IST,Durmuşborough,5.69,teslim,2026-03-03 10:47:25,2026-03-09 10:47:25
TR101388,ANT,Şensoyshire,3.67,teslim,2026-07-18 12:53:56,2026-07-24 12:53:56
TR101389,IZM,East Beyda,16.74,teslim,2026-03-27 05:28:54,2026-03-31 05:28:54
TR101390,ANT,Hayrioğlushire,25.4,teslim,2026-04-23 11:23:59,2026-04-25 11:23:59
TR101391,BUR,Lake İmamchester,21.32,teslim,2026-02-13 20:47:11,2026-02-16 20:47:11
TR101392,ANK,Kayagünmouth,27.87,teslim,2026-05-31 22:14:42,2026-06-01 22:14:42
TR101393,IST,Port Tandoğduburgh,23.23,iade,2026-05-23 20:54:31,
TR101394,ANT,Mansızberg,25.31,iade,2026-05-25 21:17:49,
TR101395,BUR,Port Nasborough,23.72,yolda,2026-06-30 03:07:14,
TR101396,IZM,Port Şamiha,2.28,iade,2026-06-04 05:57:58,
TR101397,IZM,Lake Bakibury,15.81,iade,2026-02-12 09:33:08,
TR101398,IST,Port Sevindik,23.61,teslim,2026-09-08 05:51:58,2026-09-13 05:51:58
TR101399,ANT,,16.16,teslim,2026-01-15 09:42:26,2026-01-19 09:42:26
TR101400,ANK,Güçlütown,26.51,teslim,2026-05-08 13:36:36,2026-05-11 13:36:36
TR101401,IZM,Lake Gürcüye,10.0,iade,2026-05-18 23:01:08,
TR101402,ANK,New Gülev,28.51,yolda,2026-04-02 08:31:29,
TR101403,ANT,Mansızberg,14.3,iade,2026-04-20 12:34:16,
TR101404,IST,Zenginhaven,3.53,iade,2026-01-17 05:05:50,
TR101405,BUR,Harizton,7.29,yolda,2026-01-26 22:59:08,
TR101406,ANT,Port Zehranur,27.57,iade,2026-04-30 08:54:07,
TR101407,IZM,Babamouth,11.5,teslim,2026-09-07 01:33:11,2026-09-08 01:33:11
TR101408,IZM,South Sezenview,16.25,teslim,2026-01-13 07:23:02,2026-01-17 07:23:02
TR101409,IST,North Sonadfurt,27.35,yolda,2026-05-29 23:11:22,
TR101410,ANT,Zorluville,24.1,yolda,2026-04-09 20:21:05,
TR101411,BUR,Bilgeside,1.41,yolda,2026-05-12 13:57:59,
TR101412,ANK,East Ezgin,9.68,iade,2026-02-13 06:06:57,
TR101413,ANK,North Oktüremişhaven,29.15,teslim,2026-07-06 22:26:42,2026-07-07 22:26:42
TR101414,ANT,Ecegülfurt,0.32,iade,2026-05-08 11:50:03,
TR101415,ANK,West Uyanserstad,25.96,teslim,2026-03-12 01:05:56,2026-03-14 01:05:56
TR101416,IST,Necdathaven,6.25,yolda,2026-05-28 02:04:05,
TR101417,BUR,Lake Pakerfurt,19.43,iade,2026-04-27 05:04:32,
TR101418,ANK,Muratcanberg,0.81,teslim,2026-01-21 12:20:45,2026-01-27 12:20:45
TR101419,IZM,Ülkerberg,1.23,iade,2026-05-22 19:22:54,
TR101420,ANK,Fıratbury,23.85,teslim,2026-02-13 04:00:45,2026-02-14 04:00:45
TR101421,IST,New Göknur,17.29,iade,2026-06-21 03:31:57,
TR101422,BUR,Nejdetmouth,11.7,teslim,2026-06-24 16:38:44,2026-06-27 16:38:44
TR101423,BUR,East Seniha,13.05,iade,2026-07-03 12:15:50,
TR101424,IST,Port Evrimer,16.09,teslim,2026-03-04 21:19:50,2026-03-08 21:19:50
TR101425,ANT,South Fetullah,1.99,iade,2026-05-10 01:46:39,
TR101426,ANT,West Bengibay,1.46,iade,2026-08-17 10:26:03,
TR101427,ANT,East Tenvirberg,3.27,teslim,2026-08-14 12:29:31,2026-08-17 12:29:31
TR101428,IZM,İmamchester,18.24,iade,2026-01-21 12:30:30,
TR101429,BUR,Korutürkview,11.5,yolda,2026-05-07 21:06:47,
TR101430,IST,North Ersel,14.27,iade,2026-03-10 02:02:46,
TR101431,ANK,Port Nilcanview,4.18,iade,2026-03-22 19:39:57,
TR101432,ANT,New Nabil,8.92,yolda,2026-09-02 06:20:49,
TR101433,ANK,West Bozbağfort,9.01,iade,2026-04-09 17:57:47,
TR101434,IZM,Demirelstad,28.73,iade,2026-03-03 03:28:54,
TR101435,ANT,Soylufort,4.33,teslim,2026-03-22 12:29:20,2026-03-27 12:29:20
TR101436,ANT,East Mutasım,17.94,teslim,2026-03-04 11:24:55,2026-03-05 11:24:55
TR101437,ANT,İnönütown,28.41,iade,2026-01-22 14:06:18,
TR101438,ANK,Bilginborough,22.47,yolda,2026-04-24 20:58:09,
TR101439,IZM,East Amrefort,6.43,iade,2026-03-30 12:21:39,
TR101440,ANT,Akgündüzbury,4.36,iade,2026-05-16 05:57:02,
TR101441,ANT,Öcalanton,25.06,teslim,2026-06-25 02:48:42,2026-06-27 02:48:42
TR101442,ANK,Gülmouth,20.16,teslim,2026-09-03 04:01:18,2026-09-04 04:01:18
TR101443,IST,New Durdalimouth,25.56,iade,2026-06-12 03:27:17,
TR101444,BUR,East Gülbaniside,19.38,iade,2026-07-06 12:19:28,
TR101445,IST,New Önsalhaven,7.6,teslim,2026-06-12 17:04:02,2026-06-15 17:04:02
TR101446,ANT,West Anargül,14.67,teslim,2026-01-29 05:10:14,2026-02-04 05:10:14
TR101447,IZM,Serhatmehmetmouth,3.93,yolda,2026-06-13 15:42:16,
TR101448,ANK,Arslanton,3.09,iade,2026-03-15 17:28:17,
TR101449,IST,South Seblâ,27.01,iade,2026-07-29 20:12:36,
TR101450,BUR,Lake Ezginville,-3.5,yolda,2026-07-04 11:50:06,
TR101451,IZM,,20.83,iade,2026-03-20 21:17:40,
TR101452,ANT,Yıldırımburgh,11.0,teslim,2026-05-15 16:34:41,2026-05-20 16:34:41
TR101453,BUR,South Celilay,5.14,yolda,2026-07-05 06:18:53,
TR101454,ANK,Yepelekburgh,23.59,yolda,2026-04-17 04:38:23,
TR101455,BUR,North Çisemmouth,8.37,iade,2026-02-27 01:13:10,
TR101456,ANK,New Ömriyefurt,20.42,yolda,2026-05-31 00:34:53,
TR101457,BUR,South Hezniye,13.94,yolda,2026-07-27 18:46:51,
TR101458,IZM,Port Hasbekmouth,14.66,yolda,2026-06-06 21:13:06,
TR101459,ANT,East Ferzi,2.55,teslim,2026-08-17 16:28:02,2026-08-19 16:28:02
TR101460,ANK,South Tanırport,26.75,yolda,2026-03-20 12:51:46,
TR101461,IST,Perinurburgh,21.85,teslim,2026-07-02 09:07:55,2026-07-05 09:07:55
TR101462,ANT,East Abdülahat,18.99,teslim,2026-02-24 17:23:10,2026-03-03 17:23:10
TR101463,ANT,Akarmouth,12.21,iade,2026-09-08 20:23:12,
TR101464,ANK,Durantown,27.2,iade,2026-07-22 07:55:45,
TR101465,IZM,Yükselborough,16.35,iade,2026-09-03 04:31:29,
TR101466,BUR,Ertaşchester,19.65,iade,2026-08-26 18:17:54,
TR101467,BUR,New Nazendetown,6.78,teslim,2026-06-30 16:16:50,2026-07-03 16:16:50
TR101468,IZM,Nurtaçside,4.1,iade,2026-04-15 02:35:45,
TR101469,ANT,East Gazelton,2.81,iade,2026-03-31 17:01:35,
TR101470,ANT,East Annakshire,0.42,teslim,2026-05-25 14:48:16,2026-05-23 14:48:16
TR101471,ANT,Törelland,20.56,teslim,2026-09-01 08:43:55,2026-09-08 08:43:55
TR101472,ANK,South Hüsmenburgh,13.44,iade,2026-01-29 02:42:33,
TR101473,ANT,South Menfeat,19.82,teslim,2026-04-30 12:19:21,2026-05-05 12:19:21
TR101474,BUR,North Sühamouth,28.18,teslim,2026-05-29 22:54:19,2026-06-04 22:54:19
TR101475,BUR,Alemdarland,7.03,teslim,2026-06-02 05:01:11,2026-06-04 05:01:11
TR101476,IZM,West Binayberg,7.1,yolda,2026-06-25 00:39:02,
TR101477,ANK,Tuyuğhaven,15.58,iade,2026-02-26 11:02:34,
TR101478,BUR,Lake Lutfi,14.14,yolda,2026-06-19 18:12:25,
TR101479,IST,North Mahigülhaven,1.29,yolda,2026-09-04 18:27:29,
TR101480,IZM,Gülport,3.19,iade,2026-02-13 02:50:42,
TR101481,IZM,Rafihhaven,25.06,iade,2026-06-24 22:07:55,
TR101482,ANT,Erksoyshire,16.38,yolda,2026-08-21 10:25:20,
TR101483,BUR,Soyluburgh,11.02,teslim,2026-07-21 20:27:30,2026-07-25 20:27:30
TR101484,IST,Lake Sezginbaş,15.55,iade,2026-09-03 17:46:38,
TR101485,ANK,North Alexandrumouth,15.54,yolda,2026-03-26 05:46:16,
TR101486,IZM,Lake Kıvılcımchester,14.66,yolda,2026-09-09 23:25:13,
TR101487,ANT,West Verimside,0.3,yolda,2026-06-19 20:50:49,
TR101488,ANK,Lake Koşukhanport,6.98,teslim,2026-04-02 12:50:12,2026-04-06 12:50:12
TR101489,IZM,West Süvarihaven,6.42,iade,2026-04-18 21:02:49,
TR101490,IZM,Abdürreşitville,18.1,teslim,2026-08-11 16:00:56,2026-08-13 16:00:56
TR101491,ANK,Özkentshire,12.5,teslim,2026-05-19 12:07:32,2026-05-25 12:07:32
TR101492,IST,Port Hudaventborough,14.5,yolda,2026-09-06 07:10:40,
TR101493,BUR,Tanfort,6.4,yolda,2026-05-18 10:19:31,
TR101494,BUR,Lake Esenbayfort,0.77,teslim,2026-07-13 08:22:07,2026-07-19 08:22:07
TR101495,ANT,Akçayside,17.81,teslim,2026-03-11 10:00:32,2026-03-13 10:00:32
TR101496,ANT,Çetinchester,1.27,teslim,2026-05-20 05:09:08,2026-05-26 05:09:08
TR101497,ANK,Kutunmouth,1.77,iade,2026-01-31 19:52:09,
TR101498,ANK,East Meleknurmouth,15.55,yolda,2026-08-13 16:19:49,
TR101499,ANT,East Sehatown,29.08,yolda,2026-05-27 09:27:11,
TR101500,IST,Şenerside,26.37,iade,2026-05-21 18:50:00,
TR101501,IZM,Akçayville,28.42,iade,2026-03-15 12:39:05,
TR101502,ANT,Özbilgeton,29.78,teslim,2026-05-09 19:05:41,2026-05-13 19:05:41
TR101503,ANK,Çorlufort,6.66,yolda,2026-04-25 12:14:35,
TR101504,ANT,Aysunaport,4.37,yolda,2026-04-12 08:41:24,
TR101505,ANK,Hiçsönmezville,18.73,iade,2026-04-04 00:16:24,
TR101506,IZM,Port Kuddusiland,5.11,iade,2026-06-04 09:38:48,
TR101507,IZM,Port Değerhaven,27.68,iade,2026-07-01 09:58:41,
TR101508,ANT,West Dilcan,2.16,iade,2026-03-10 21:48:46,
TR101509,BUR,Tunçkılıçberg,4.05,yolda,2026-08-01 10:16:12,
TR101510,ANT,East İsra,25.8,teslim,2026-02-17 05:28:29,2026-02-19 05:28:29
TR101511,BUR,Kısakürekhaven,24.81,iade,2026-01-24 06:23:53,
TR101512,IST,West Avşinland,5.4,iade,2026-02-24 01:22:24,
TR101513,ANT,Akgündüzton,1.27,iade,2026-05-19 12:11:22,
TR101514,ANT,Alanalpshire,-1.2,iade,2026-02-19 02:41:30,
TR101515,ANK,West Koçak,27.07,teslim,2026-05-11 07:05:11,2026-05-15 07:05:11
TR101516,IST,Saydamside,26.92,iade,2026-03-25 20:21:33,
TR101517,BUR,Ülkerville,15.71,iade,2026-05-14 00:23:43,
TR101518,IST,East Sargın,20.96,yolda,2026-04-25 23:01:31,
TR101519,ANK,New Kandefhaven,28.16,yolda,2026-02-23 12:33:07,
TR101520,BUR,New Vezat,10.58,yolda,2026-02-18 19:54:38,
TR101521,ANT,Salurbayberg,3.02,iade,2026-08-11 10:09:46,
TR101522,BUR,East Besin,23.0,teslim,2026-04-30 01:57:00,2026-05-03 01:57:00
TR101523,ANT,Hadreymouth,26.32,teslim,2026-05-10 23:57:11,2026-05-13 23:57:11
TR101524,IZM,North Binay,5.75,yolda,2026-01-29 18:30:22,
TR101525,IST,South Bahittinland,17.38,iade,2026-01-29 15:59:16,
TR101526,IST,Akçayshire,11.31,teslim,2026-06-24 16:39:09,2026-06-29 16:39:09
TR101527,IZM,Taşkanmouth,12.32,teslim,2026-07-02 05:11:56,2026-07-08 05:11:56
TR101528,BUR,Port Bergenshire,19.58,teslim,2026-03-28 00:34:08,2026-03-30 00:34:08
TR101529,IZM,Port Zeridemouth,25.66,yolda,2026-03-02 06:07:29,
TR101530,ANT,Hançermouth,11.03,yolda,2026-02-16 20:15:38,
TR101531,BUR,East Ferihan,22.67,yolda,2026-07-11 19:30:33,
TR101532,ANT,Yuntfurt,23.54,yolda,2026-09-06 16:01:15,
TR101533,ANK,Toğanmouth,11.17,yolda,2026-03-22 06:40:42,
TR101534,BUR,North Cananville,7.69,iade,2026-07-18 09:35:45,
TR101535,ANT,Ertaşburgh,10.4,yolda,2026-05-26 13:22:11,
TR101536,BUR,Nefaretshire,22.1,iade,2026-04-29 16:31:59,
TR101537,IST,South Ülkümville,22.46,iade,2026-02-28 13:06:07,
TR101538,ANK,Port Tahirside,3.1,yolda,2026-05-16 15:01:47,
TR101539,BUR,Zenginchester,23.6,iade,2026-07-08 02:18:03,
TR101540,ANT,New Gülşahin,20.94,iade,2026-04-12 17:23:12,
TR101541,IST,Erdoğanmouth,4.91,iade,2026-07-16 09:45:41,
TR101542,IST,Çetinchester,24.15,iade,2026-03-31 22:37:26,
TR101543,ANT,Harbinazbury,13.12,teslim,2026-08-18 08:29:43,2026-08-22 08:29:43
TR101544,ANK,Lake Özlemshire,11.19,teslim,2026-03-18 06:58:38,2026-03-21 06:58:38
TR101545,IST,New Müşüremouth,21.76,iade,2026-07-18 01:25:37,
TR101546,ANT,Port Avunçburgh,19.72,yolda,2026-05-16 10:26:51,
TR101547,ANT,Erdoğanville,1.82,yolda,2026-05-09 16:48:17,
TR101548,BUR,Hayrioğlufort,13.23,teslim,2026-08-29 16:36:18,2026-09-04 16:36:18
TR101549,ANT,East Ezgütekinshire,8.65,teslim,2026-02-02 22:45:35,2026-02-09 22:45:35
TR101550,ANT,ISTANBUL,15.37,teslim,2026-01-10 03:25:19,2026-01-17 03:25:19
TR101551,ANK,Özalpsanshire,18.49,iade,2026-07-04 23:43:53,
TR101552,IST,East Türcan,10.86,iade,2026-07-02 17:32:06,
TR101553,IST,Lâleport,29.27,iade,2026-05-13 00:36:30,
TR101554,BUR,Cavitshire,10.66,teslim,2026-06-27 21:39:12,2026-06-30 21:39:12
TR101555,BUR,Akdenizberg,17.62,yolda,2026-01-13 05:22:50,
TR101556,IST,West Hekimeton,22.13,iade,2026-05-04 07:42:13,
TR101557,ANT,Durmuşaliport,8.61,teslim,2026-01-10 09:33:50,2026-01-11 09:33:50
TR101558,ANT,South Zülbiye,10.51,iade,2026-01-22 04:22:00,
TR101559,ANK,Şenermouth,18.23,yolda,2026-08-27 06:25:47,
TR101560,BUR,Kısakürekchester,17.29,teslim,2026-06-07 17:33:42,2026-06-11 17:33:42
TR101561,ANK,Lake Heyvetullah,12.27,yolda,2026-08-09 18:34:45,
TR101562,IST,East Hürüyet,15.14,teslim,2026-07-13 11:49:34,2026-07-18 11:49:34
TR101563,IST,İyiyürekberg,24.11,yolda,2026-06-08 10:23:22,
TR101564,ANT,East Ahsen,24.41,yolda,2026-05-02 02:26:50,
TR101565,IZM,East İmgefort,20.86,iade,2026-02-06 22:25:30,
TR101566,ANT,North Evcimen,14.56,yolda,2026-06-28 16:22:12,
TR101567,IZM,Akçaychester,28.84,teslim,2026-06-20 13:45:27,2026-06-27 13:45:27
TR101568,BUR,South Feyzin,26.91,yolda,2026-09-09 02:48:02,
TR101569,IST,Kısakürekstad,7.81,teslim,2026-06-23 18:49:56,2026-06-27 18:49:56
TR101570,ANK,South Nefiye,20.34,yolda,2026-04-07 17:45:42,
TR101571,IZM,Akdenizbury,12.43,teslim,2026-01-12 22:57:23,2026-01-19 22:57:23
TR101572,ANT,İlgiside,16.12,yolda,2026-07-23 22:09:19,
TR101573,IZM,Aranton,7.52,iade,2026-08-21 21:41:49,
TR101574,IZM,Demirelstad,2.37,teslim,2026-08-18 17:14:30,2026-08-22 17:14:30
TR101575,IZM,Sezerland,10.67,teslim,2026-02-23 00:28:20,2026-02-27 00:28:20
TR101576,IZM,Berayhaven,5.57,iade,2026-03-06 06:03:18,
TR101577,ANK,East Birsanland,15.02,iade,2026-02-09 10:54:11,
TR101578,ANK,Nirgülton,26.2,teslim,2026-08-07 11:23:10,2026-08-09 11:23:10
TR101579,ANK,South Ayçanhaven,25.06,teslim,2026-05-23 11:47:10,2026-05-25 11:47:10
TR101580,IZM,Şalistad,4.76,iade,2026-07-11 07:16:00,
TR101581,IST,Hakikatton,20.31,teslim,2026-05-04 11:44:31,2026-05-05 11:44:31
TR101582,BUR,Şahindershire,18.45,iade,2026-08-30 04:04:47,
TR101583,IST,Lake Burcuhanshire,25.46,iade,2026-04-21 05:12:35,
TR101584,ANT,Lake Sipertown,9.53,yolda,2026-03-16 17:38:11,
TR101585,IZM,Çorluberg,14.78,iade,2026-05-01 11:01:10,
TR101586,IZM,Port Sayınview,12.0,iade,2026-07-25 10:12:04,
TR101587,ANK,Satrettinview,1.72,iade,2026-03-02 13:03:16,
TR101588,BUR,New Hindalshire,28.2,yolda,2026-01-15 14:05:07,
TR101589,IZM,Arsoyburgh,11.87,teslim,2026-03-09 18:23:23,2026-03-14 18:23:23
TR101590,ANK,South Işıkay,13.77,iade,2026-04-21 12:45:16,
TR101591,ANT,West Bügetberg,13.86,teslim,2026-08-02 21:19:27,2026-08-08 21:19:27
TR101592,IST,Port Erbay,0.45,iade,2026-08-29 08:34:37,
TR101593,ANT,Yükselmouth,3.11,teslim,2026-06-19 10:39:25,2026-06-23 10:39:25
TR101594,ANT,New Şevketfeza,25.87,yolda,2026-03-16 00:53:48,
TR101595,IZM,Lake Risaletville,7.19,teslim,2026-05-24 02:02:33,2026-05-29 02:02:33
TR101596,ANT,South Özsözlü,10.36,yolda,2026-01-30 11:15:20,
TR101597,BUR,Cannurside,6.39,teslim,2026-07-14 00:30:26,2026-07-18 00:30:26
TR101598,IZM,Tarhanfurt,11.02,iade,2026-04-10 19:35:06,
TR101599,IZM,Fetullahhaven,13.58,yolda,2026-07-13 09:11:57,
TR101600,ANK,West Aykutfurt,29.38,iade,2026-06-27 21:43:17,
TR101601,ANK,North Gülsüstad,24.44,iade,2026-05-12 16:08:06,
TR101602,IZM,Tınalview,24.14,iade,2026-06-26 18:14:23,
TR101603,BUR,West Sernurshire,25.7,iade,2026-04-23 19:08:33,
TR101604,ANK,Öcalanbury,14.24,teslim,2026-06-10 23:31:16,2026-06-12 23:31:16
TR101605,BUR,New Uluman,15.04,teslim,2026-08-26 17:00:43,2026-08-28 17:00:43
TR101606,ANT,Hayeltown,16.07,iade,2026-03-20 22:38:55,
TR101607,BUR,North İlimville,9.07,yolda,2026-01-13 08:42:26,
TR101608,ANT,Lake Aybetstad,1.53,iade,2026-08-02 01:31:18,
TR101609,ANK,Onurcanborough,1.9,teslim,2026-04-05 06:48:44,2026-04-11 06:48:44
TR101610,BUR,New Cevheriton,25.19,yolda,2026-01-23 06:59:46,
TR101611,IZM,New Sabihe,7.87,teslim,2026-08-28 19:28:36,2026-09-01 19:28:36
TR101612,ANT,North Nefiyeberg,16.77,yolda,2026-02-26 08:52:12,
TR101613,IZM,North Zaliha,0.69,yolda,2026-06-05 01:53:25,
TR101614,ANT,Soyselçukmouth,6.05,teslim,2026-03-22 15:09:34,2026-03-25 15:09:34
TR101615,ANT,İhsanoğluview,5.32,iade,2026-02-08 11:24:40,
TR101616,IZM,Pakerburgh,9.82,yolda,2026-06-24 21:28:39,
TR101617,BUR,Bayzettinfurt,23.26,iade,2026-02-07 19:24:23,
TR101618,IST,Baykanview,11.49,yolda,2026-06-09 23:37:45,
TR101619,BUR,South Berki,18.99,yolda,2026-04-22 20:33:32,
TR101620,ANK,New Özdoğdu,19.25,teslim,2026-07-20 00:52:59,2026-07-27 00:52:59
TR101621,BUR,Sakaryaberg,18.98,yolda,2026-03-20 08:54:19,
TR101622,BUR,Bilirville,25.48,iade,2026-08-08 00:45:38,
TR101623,ANK,Dilderton,10.37,teslim,2026-06-30 13:32:37,2026-07-01 13:32:37
TR101624,IZM,New Şahıgülview,19.63,yolda,2026-02-07 09:21:46,
TR101625,IZM,South Gencaslantown,18.2,iade,2026-07-02 05:37:33,
TR101626,IZM,Aslanberg,26.64,yolda,2026-01-24 18:21:27,
TR101627,ANT,Durdutown,15.68,yolda,2026-05-18 03:57:01,
TR101628,BUR,Güçlüchester,5.1,yolda,2026-07-29 05:25:17,
TR101629,ANK,New Musafettown,19.89,teslim,2026-06-15 22:26:36,2026-06-17 22:26:36
TR101630,IST,Demirshire,6.4,iade,2026-06-08 08:47:38,
TR101631,IST,Türabiport,2.96,yolda,2026-08-05 23:05:58,
TR101632,ANT,Lake Seferland,1.71,yolda,2026-06-14 15:42:16,
TR101633,ANT,Boztaşmouth,22.97,yolda,2026-05-31 23:03:45,
TR101634,IZM,East Hümeyra,18.58,teslim,2026-05-02 16:18:52,2026-05-03 16:18:52
TR101635,BUR,Ülkerborough,9.35,teslim,2026-01-25 08:17:49,2026-01-31 08:17:49
TR101636,IZM,Akçayville,13.35,teslim,2026-05-06 03:22:38,2026-05-12 03:22:38
TR101637,ANT,Çorlumouth,25.17,teslim,2026-05-29 14:15:36,2026-05-31 14:15:36
TR101638,IZM,North Kelâmi,25.83,teslim,2026-03-24 15:38:27,2026-03-25 15:38:27
TR101639,BUR,South Över,14.07,yolda,2026-01-19 22:07:08,
TR101640,IZM,,16.5,iade,2026-02-03 12:50:15,
TR101641,ANT,North Ummanton,5.39,teslim,2026-07-03 13:33:04,2026-07-09 13:33:04
TR101642,BUR,South Emirşanborough,18.97,iade,2026-05-21 05:28:09,
TR101643,ANT,Akçaside,13.11,iade,2026-08-01 05:31:56,
TR101644,ANT,North Aru,9.36,iade,2026-03-08 22:03:08,
TR101645,BUR,Şensoytown,16.24,yolda,2026-03-06 01:25:21,
TR101646,IZM,East Zöhrehanberg,11.04,teslim,2026-07-12 01:47:21,2026-07-16 01:47:21
TR101647,ANK,Lake Ayşan,9.18,yolda,2026-01-15 15:35:50,
TR101648,ANK,South Neşrinburgh,10.38,teslim,2026-05-09 10:17:43,2026-05-14 10:17:43
TR101649,ANT,Port Dolunville,0.35,yolda,2026-08-27 14:37:09,
TR101650,BUR,North Kâmil,9.06,yolda,2026-07-22 03:25:01,
TR101651,IZM,Tomurcukfurt,17.95,yolda,2026-06-24 14:16:57,
TR101652,IZM,Lake Mehdiyeside,5.74,teslim,2026-05-15 23:47:33,2026-05-20 23:47:33
TR101653,BUR,Mecitton,11.9,iade,2026-03-04 09:42:24,
TR101654,BUR,West Başay,24.87,teslim,2026-08-28 09:39:32,2026-09-03 09:39:32
TR101655,IST,Fazulchester,12.72,teslim,2026-02-25 23:08:00,2026-02-28 23:08:00
TR101656,ANT,Hurşideburgh,24.25,teslim,2026-03-16 08:03:04,2026-03-21 08:03:04
TR101657,IZM,New Atalay,8.61,iade,2026-06-29 10:19:21,
TR101658,ANT,Port Refetfurt,24.28,iade,2026-03-02 20:48:38,
TR101659,ANK,South Boğatimurtown,25.62,yolda,2026-03-12 08:04:28,
TR101660,IZM,North Çolpan,3.4,teslim,2026-01-12 21:02:11,2026-01-14 21:02:11
TR101661,ANT,İsmetfort,13.64,yolda,2026-08-28 15:40:24,
TR101662,ANT,East Safinaz,14.81,iade,2026-02-28 08:25:37,
TR101663,IST,Sevenbury,4.65,yolda,2026-04-25 07:08:18,
TR101664,IST,New Ilgıfort,5.66,iade,2026-03-18 20:37:04,
TR101665,IZM,Lake Sıylıhanstad,3.84,teslim,2026-09-04 18:25:17,2026-09-07 18:25:17
TR101666,IST,New Nebihborough,7.06,yolda,2026-06-21 17:04:16,
TR101667,BUR,New Yilmazside,6.59,teslim,2026-02-24 16:57:22,2026-02-25 16:57:22
TR101668,IZM,South Perinur,23.59,yolda,2026-07-26 04:19:35,
TR101669,IZM,Bababorough,13.96,yolda,2026-03-31 21:25:03,
TR101670,IST,Lake Büreyre,25.32,teslim,2026-02-22 19:56:57,2026-02-25 19:56:57
TR101671,IZM,East Süsen,23.29,teslim,2026-07-22 06:52:41,2026-07-23 06:52:41
TR101672,BUR,Lake Yurdanurport,5.53,teslim,2026-01-26 19:34:13,2026-01-31 19:34:13
TR101673,BUR,Eraslanmouth,24.86,yolda,2026-04-01 11:13:19,
TR101674,ANK,Türkville,11.61,teslim,2026-09-06 14:52:36,2026-09-13 14:52:36
TR101675,ANK,East Alsoy,22.15,yolda,2026-01-30 10:38:04,
TR101676,BUR,North Nazlimmouth,22.09,teslim,2026-07-17 10:48:13,2026-07-19 10:48:13
TR101677,ANK,Şafiiborough,14.24,teslim,2026-08-28 06:07:49,2026-09-02 06:07:49
TR101678,IZM,Port Duruk,28.09,iade,2026-05-16 13:18:27,
TR101679,IST,North Nehip,22.37,teslim,2026-05-16 17:28:35,2026-05-22 17:28:35
TR101680,ANT,South Mihin,3.75,iade,2026-06-19 07:22:20,
TR101681,IZM,Zenginfort,6.04,yolda,2026-02-07 15:03:01,
TR101682,ANK,Mançoborough,29.2,teslim,2026-01-31 04:11:00,2026-02-07 04:11:00
TR101683,BUR,Akçayfurt,9.8,teslim,2026-09-03 18:02:10,2026-09-09 18:02:10
TR101684,IZM,South İlkbahar,17.58,teslim,2026-06-04 02:50:13,2026-06-11 02:50:13
TR101685,ANK,Sakipborough,0.37,yolda,2026-03-26 11:21:32,
TR101686,BUR,North Yeşil,20.68,teslim,2026-05-20 12:26:17,2026-05-25 12:26:17
TR101687,IST,West Esentürkville,7.54,teslim,2026-08-18 22:03:13,2026-08-21 22:03:13
TR101688,IST,Sevenburgh,20.61,yolda,2026-07-09 20:47:52,
TR101689,IST,West Necva,1.89,yolda,2026-05-23 12:03:51,
TR101690,ANK,New Hurican,21.07,iade,2026-03-11 23:04:30,
TR101691,BUR,South Güldünyafort,7.06,teslim,2026-04-09 06:41:04,2026-04-11 06:41:04
TR101692,IZM,Karadenizmouth,24.19,iade,2026-04-04 03:05:42,
TR101693,ANK,Lake Şükribury,0.74,yolda,2026-04-28 11:45:54,
TR101694,IZM,Akyıldızshire,21.76,yolda,2026-04-16 07:39:37,
TR101695,IST,New Abdülkerim,14.61,yolda,2026-04-06 10:41:01,
TR101696,ANT,North Bilkayhaven,8.91,yolda,2026-06-21 07:37:11,
TR101697,BUR,Fıratfurt,5.77,iade,2026-01-23 03:04:12,
TR101698,IZM,South Enfesbury,9.78,teslim,2026-07-15 04:49:04,2026-07-20 04:49:04
TR101699,IZM,Lake Şemsinisachester,26.04,yolda,2026-02-11 08:10:22,
TR101700,ANT,West Sudi,4.89,iade,2026-04-04 17:40:17,
TR101701,ANK,North Cihanport,13.54,iade,2026-04-12 21:55:36,
TR101702,ANT,Akdenizshire,11.08,yolda,2026-03-13 21:48:56,
TR101703,ANT,South Belkizeberg,11.43,teslim,2026-08-24 17:48:37,2026-08-31 17:48:37
TR101704,ANT,Port Zihni,25.72,teslim,2026-06-16 11:56:11,2026-06-17 11:56:11
TR101705,ANK,Port Pesentland,9.69,iade,2026-07-09 09:15:15,
TR101706,ANT,Gülsiyeton,24.59,teslim,2026-06-08 13:02:19,2026-06-14 13:02:19
TR101707,BUR,İnönüview,23.0,teslim,2026-05-05 06:07:22,2026-05-10 06:07:22
TR101708,IZM,Port Uğur,9.75,teslim,2026-09-04 22:37:45,2026-09-09 22:37:45
TR101709,IZM,Şirivanton,3.4,iade,2026-02-10 12:17:48,
TR101710,IST,Ağakişiville,1.41,iade,2026-07-28 23:23:44,
TR101711,IST,Bergenton,6.14,teslim,2026-06-07 19:06:11,2026-06-09 19:06:11
TR101712,ANK,Hiçsönmezside,3.05,yolda,2026-06-01 01:04:26,
TR101713,BUR,East Tüzeer,19.77,iade,2026-02-05 02:14:39,
TR101714,ANT,Lake Cemiyleshire,21.07,iade,2026-04-12 17:55:18,
TR101715,IST,West Yalgın,11.05,yolda,2026-04-01 13:07:31,
TR101716,IST,Aslanton,0.49,iade,2026-04-23 21:39:34,
TR101717,BUR,Uğurkanmouth,27.86,teslim,2026-02-03 16:20:50,2026-02-09 16:20:50
TR101718,IST,South Özbilgeside,10.89,teslim,2026-07-17 21:40:01,2026-07-21 21:40:01
TR101719,BUR,Aysunastad,24.68,iade,2026-08-05 00:16:36,
TR101720,IST,South Cangür,24.73,iade,2026-02-04 13:23:50,
TR101721,ANT,Akçayburgh,1.32,yolda,2026-02-10 04:56:46,
TR101722,IZM,North Gürelcemview,2.43,teslim,2026-05-02 01:31:55,2026-05-09 01:31:55
TR101723,IST,South Giz,3.13,teslim,2026-02-22 13:50:55,2026-02-27 13:50:55
TR101724,BUR,West İvecenside,5.76,teslim,2026-03-30 09:30:33,2026-04-04 09:30:33
TR101725,ANK,Ergülchester,17.14,iade,2026-03-02 08:17:17,
TR101726,ANT,West Karlukhanland,12.51,teslim,2026-07-01 10:46:45,2026-07-06 10:46:45
TR101727,ANT,Port Gülbiye,10.8,teslim,2026-01-18 15:06:00,2026-01-25 15:06:00
TR101728,BUR,Zenginmouth,26.5,yolda,2026-05-20 12:18:28,
TR101729,ANK,Zenginhaven,16.54,teslim,2026-05-16 19:06:00,2026-05-23 19:06:00
TR101730,IZM,,19.76,iade,2026-08-11 01:48:10,
TR101731,ANT,Port Tansev,13.35,iade,2026-08-18 08:52:21,
TR101732,IZM,Mutluhanfort,16.55,yolda,2026-03-17 18:24:35,
TR101733,IZM,Aykutalpberg,12.43,yolda,2026-06-03 12:05:04,
TR101734,BUR,Azadeburgh,24.8,iade,2026-05-27 05:01:45,
TR101735,ANT,Lake Günar,7.3,yolda,2026-09-07 07:45:19,
TR101736,ANK,East Örfiye,11.31,iade,2026-04-30 20:23:41,
TR101737,IZM,East Elnur,10.86,iade,2026-03-10 16:17:09,
TR101738,BUR,Maşideberg,28.8,yolda,2026-01-26 01:15:47,
TR101739,IST,Zeynelabidinburgh,29.49,teslim,2026-06-30 07:05:01,2026-07-06 07:05:01
TR101740,IST,Lake Temuçinstad,15.58,iade,2026-03-30 17:53:25,
TR101741,IST,Ayhanside,9.08,yolda,2026-03-08 12:38:38,
TR101742,IZM,Eraycantown,0.75,teslim,2026-03-14 05:13:24,2026-03-16 05:13:24
TR101743,IZM,Öcalanberg,27.58,iade,2026-06-16 04:29:53,
TR101744,ANT,Görklütown,17.16,iade,2026-07-06 22:57:10,
TR101745,ANK,Seferport,2.92,iade,2026-08-10 04:08:58,
TR101746,IZM,Masumeberg,4.77,yolda,2026-07-13 02:52:17,
TR101747,IZM,Şamaville,26.7,yolda,2026-08-17 14:02:36,
TR101748,IZM,East Ticenside,24.35,teslim,2026-07-15 02:07:57,2026-07-17 02:07:57
TR101749,BUR,Aliabbasfurt,17.12,teslim,2026-02-24 11:04:05,2026-03-01 11:04:05
TR101750,IST,South Yazganalp,21.74,teslim,2026-09-06 21:25:33,2026-09-12 21:25:33
TR101751,ANK,Balatekinborough,14.7,yolda,2026-02-14 23:41:25,
TR101752,ANT,Port Sayın,24.6,iade,2026-08-24 15:40:44,
TR101753,IZM,North Gürtenmouth,1.22,teslim,2026-03-27 01:54:22,2026-04-01 01:54:22
TR101754,BUR,Akarfort,2.45,iade,2026-02-13 00:06:57,
TR101755,IZM,Lake Yetişalfurt,10.5,teslim,2026-05-13 11:25:16,2026-05-20 11:25:16
TR101756,BUR,Arsoyfurt,27.91,yolda,2026-03-08 12:39:35,
TR101757,ANK,West Uğanstad,22.46,teslim,2026-06-03 20:44:31,2026-06-10 20:44:31
TR101758,IST,Bilgeside,19.05,iade,2026-05-09 17:16:02,
TR101759,BUR,Lake Atanur,1.72,iade,2026-02-13 02:10:56,
TR101760,IST,Arslanburgh,9.65,iade,2026-06-20 11:28:03,
TR101761,ANK,Yamanshire,9.87,iade,2026-06-23 16:06:22,
TR101762,ANK,East Kızılport,4.68,iade,2026-08-30 06:52:07,
TR101763,BUR,Bekbayshire,29.13,iade,2026-07-13 09:25:07,
TR101764,ANT,North İlalmışview,15.19,iade,2026-06-05 00:09:23,
TR101765,IZM,New Begim,23.61,teslim,2026-06-20 01:15:16,2026-06-24 01:15:16
TR101766,IZM,East Karabaş,2.57,teslim,2026-08-18 15:04:03,2026-08-20 15:04:03
TR101767,IST,Hüdafort,16.49,iade,2026-06-07 08:03:13,
TR101768,IST,Minibeport,12.02,yolda,2026-01-26 11:20:35,
TR101769,ANK,Bilgintown,22.88,yolda,2026-07-20 23:03:15,
TR101770,ANT,West Süvari,6.02,yolda,2026-01-11 00:30:30,
TR101771,ANT,Lake Subutiyeport,5.96,yolda,2026-07-12 14:06:24,
TR101772,ANT,South Vezrife,7.46,iade,2026-06-21 01:53:12,
TR101773,BUR,North Sayinfort,-0.5,teslim,2026-04-15 02:56:30,2026-04-18 02:56:30
TR101774,IST,Meryemefort,3.46,iade,2026-02-04 23:37:27,
TR101775,BUR,Bilgeview,11.02,yolda,2026-08-17 17:14:28,
TR101776,IZM,West Gabelshire,17.86,teslim,2026-07-13 22:43:29,2026-07-16 22:43:29
TR101777,IZM,Günsershire,5.16,teslim,2026-01-16 21:14:09,2026-01-23 21:14:09
TR101778,ANT,West Bağdat,24.67,yolda,2026-02-01 19:03:37,
TR101779,ANT,Günverton,4.46,yolda,2026-03-03 16:37:52,
TR101780,ANK,Şahatstad,6.07,teslim,2026-04-25 23:10:32,2026-05-02 23:10:32
TR101781,ANK,Siperhaven,22.76,yolda,2026-01-28 23:45:34,
TR101782,IST,Port Pürçek,7.37,teslim,2026-02-08 21:46:49,2026-02-09 21:46:49
TR101783,ANK,New Hacialiside,26.08,iade,2026-03-22 05:41:39,
TR101784,IST,Uğurport,10.36,yolda,2026-05-15 08:37:03,
TR101785,BUR,Dalkılıçside,14.19,teslim,2026-04-25 11:53:05,2026-04-28 11:53:05
TR101786,ANK,Ferihantown,22.23,yolda,2026-08-23 08:07:49,
TR101787,ANT,Âdemfort,15.75,teslim,2026-03-04 06:09:54,2026-03-06 06:09:54
TR101788,ANT,Günserville,14.54,yolda,2026-06-19 01:46:15,
TR101789,ANK,New Milay,20.88,iade,2026-04-04 16:27:26,
TR101790,IST,South Basriyeland,11.36,iade,2026-03-24 05:52:32,
TR101791,ANT,North Cihan,1.4,iade,2026-02-24 08:10:28,
TR101792,IZM,Yekbunstad,6.1,teslim,2026-05-25 07:15:19,2026-05-26 07:15:19
TR101793,ANT,Akgündüzhaven,8.21,iade,2026-03-05 01:24:29,
TR101794,IST,Lake Tanbay,2.09,yolda,2026-05-22 21:47:44,
TR101795,IZM,East Erkanberg,19.92,iade,2026-01-21 05:45:43,
TR101796,IZM,Erensoyborough,25.94,iade,2026-04-08 01:31:50,
TR101797,BUR,South Yaşarville,7.01,teslim,2026-03-01 15:25:33,2026-03-04 15:25:33
TR101798,ANT,Port Dilfezachester,29.3,yolda,2026-02-09 06:14:57,
TR101799,BUR,North Apaydın,26.02,teslim,2026-01-26 13:59:25,2026-01-29 13:59:25
TR101800,IST,South Emrullahview,5.67,iade,2026-07-28 11:40:36,
TR101801,BUR,West Söylertown,16.86,iade,2026-01-26 21:07:00,
TR101802,IST,New Kılıçbayshire,1.29,iade,2026-02-16 13:10:57,
TR101803,IZM,Lake Yadigar,10.07,iade,2026-03-28 18:04:00,
TR101804,ANK,East Sayrakshire,0.65,yolda,2026-01-21 10:25:07,
TR101805,IZM,Gündenhaven,10.73,iade,2026-05-25 03:46:31,
TR101806,ANK,New Lâle,29.88,yolda,2026-09-05 02:52:18,
TR101807,IZM,Port Melûltown,24.38,iade,2026-02-05 14:39:04,
TR101808,IZM,Lake Kayrabay,26.37,iade,2026-08-03 10:50:17,
TR101809,IZM,Port Günver,6.84,teslim,2026-04-29 12:47:58,2026-05-04 12:47:58
TR101810,BUR,East Fatmanurfort,19.74,yolda,2026-01-11 18:03:08,
TR101811,BUR,South Tanses,15.67,teslim,2026-06-01 09:23:12,2026-06-07 09:23:12
TR101812,ANT,Port Yankı,26.19,iade,2026-02-20 18:02:26,
TR101813,ANK,Bilirhaven,12.58,iade,2026-06-06 11:58:21,
TR101814,ANK,Demirmouth,12.85,iade,2026-04-08 10:39:46,
TR101815,ANT,Demirhaven,9.95,yolda,2026-02-27 01:52:58,
TR101816,ANK,İnönüstad,6.28,iade,2026-03-03 20:29:56,
TR101817,ANT,North Turabifort,20.55,teslim,2026-05-02 00:35:12,2026-05-07 00:35:12
TR101818,ANK, Istanbul ,9.34,teslim,2026-02-24 00:19:00,2026-03-03 00:19:00
TR101819,ANT,Verdemouth,27.3,iade,2026-08-31 05:44:22,
TR101820,ANK,Arslanchester,19.72,yolda,2026-04-07 18:59:48,
TR101821,ANK,Port Canfezastad,9.59,iade,2026-03-24 09:18:26,
TR101822,ANT,Lake Egenurville,28.46,iade,2026-03-20 16:52:32,
TR101823,IZM,Fıratland,25.2,teslim,2026-06-13 00:08:16,2026-06-15 00:08:16
TR101824,IST,South Özüdoğru,22.99,teslim,2026-02-25 08:53:41,2026-03-03 08:53:41
TR101825,BUR,Lake Halukland,9.17,yolda,2026-08-27 10:05:46,
TR101826,IZM,West Koçak,4.64,iade,2026-05-31 07:43:36,
TR101827,ANK,Demirbury,5.62,teslim,2026-08-29 03:08:26,2026-08-30 03:08:26
TR101828,ANT,Aslanshire,8.08,iade,2026-06-24 00:14:02,
TR101829,ANT,Saryafurt,7.0,iade,2026-08-28 14:55:21,
TR101830,IST,Ülkerfurt,10.84,teslim,2026-05-28 08:46:16,2026-05-30 08:46:16
TR101831,BUR,Fuzulimouth,4.11,iade,2026-07-17 05:52:38,
TR101832,BUR,West Dürrüşehvarfort,21.39,iade,2026-02-21 00:40:43,
TR101833,ANK,North Demirok,25.58,yolda,2026-04-09 17:07:08,
TR101834,BUR,South Ticentown,4.21,yolda,2026-01-30 14:19:26,
TR101835,IST,Tevetoğlumouth,12.32,teslim,2026-03-20 14:59:48,2026-03-22 14:59:48
TR101836,BUR,Nüriceville,6.75,teslim,2026-03-10 09:18:45,2026-03-13 09:18:45
TR101837,ANK,Çetinmouth,22.76,iade,2026-02-08 18:53:47,
TR101838,BUR,Silanurfort,26.03,teslim,2026-03-29 11:50:39,2026-03-31 11:50:39
TR101839,IZM,Haliyemouth,26.02,yolda,2026-07-19 11:10:06,
TR101840,BUR,Port Amaçchester,23.31,teslim,2026-08-07 23:47:57,2026-08-11 23:47:57
TR101841,BUR,Dumanlımouth,21.63,iade,2026-02-25 08:06:51,
TR101842,ANT,Ertaşton,28.18,yolda,2026-06-05 05:24:53,
TR101843,ANT,New Seyhan,16.13,iade,2026-01-22 19:58:45,
TR101844,IST,South Afife,15.67,iade,2026-05-07 18:17:02,
TR101845,BUR,Ümrayfurt,24.83,yolda,2026-03-03 07:13:30,
TR101846,ANT,New Tayyibefort,16.18,teslim,2026-07-18 09:06:47,2026-07-20 09:06:47
TR101847,IST,Güçlüside,16.78,iade,2026-08-13 03:20:38,
TR101848,IST,South Resulcanfort,5.78,iade,2026-03-11 18:37:39,
TR101849,BUR,Mansızstad,26.54,yolda,2026-08-27 14:38:37,
TR101850,BUR,Bayruhantown,5.08,yolda,2026-04-30 12:51:14,
TR101851,ANT,East Yümunstad,27.58,yolda,2026-08-27 09:13:18,
TR101852,ANT,Port Pembesinmouth,27.12,iade,2026-08-24 20:40:14,
TR101853,BUR,South Uğanstad,2.8,yolda,2026-06-06 20:54:17,
TR101854,IST,Barakbury,5.48,iade,2026-06-19 01:09:57,
TR101855,ANT,Lake Taşkan,4.15,iade,2026-04-16 05:37:58,
TR101856,IZM,Lake Behremport,13.58,yolda,2026-08-28 04:29:57,
TR101857,ANT,Hanedantown,26.91,teslim,2026-02-23 12:39:13,2026-02-27 12:39:13
TR101858,IST,Arıelmouth,7.58,teslim,2026-08-07 04:06:44,2026-08-11 04:06:44
TR101859,ANK,Aslantown,21.58,iade,2026-06-23 03:26:16,
TR101860,IST,West Çağverenshire,21.22,teslim,2026-07-11 11:37:27,2026-07-12 11:37:27
TR101861,IZM,Mahterville,2.65,iade,2026-06-10 15:34:15,
TR101862,BUR,Lake Tayyibeborough,21.83,iade,2026-07-18 17:32:10,
TR101863,ANT,Zorlumouth,28.5,iade,2026-05-20 13:08:51,
TR101864,ANT,Yuntchester,11.48,yolda,2026-03-15 18:46:55,
TR101865,ANT,Şenerland,26.15,teslim,2026-03-29 10:13:50,2026-04-01 10:13:50
TR101866,ANK,West Ruhsat,5.45,teslim,2026-08-06 04:02:20,2026-08-08 04:02:20
TR101867,IST,Masumefurt,12.65,iade,2026-01-28 12:43:41,
TR101868,BUR,Lake Melûlville,8.73,yolda,2026-04-07 19:06:49,
TR101869,ANK,Sançarland,28.82,teslim,2026-08-27 22:16:56,2026-08-28 22:16:56
TR101870,IZM,Şafakborough,0.47,teslim,2026-08-18 01:11:53,2026-08-23 01:11:53
TR101871,BUR,Lake Tahirhaven,16.35,yolda,2026-05-24 22:55:41,
TR101872,BUR,Ülkerside,7.21,teslim,2026-05-06 13:03:30,2026-05-11 13:03:30
TR101873,BUR,South Ülfet,13.67,iade,2026-05-11 18:21:54,
TR101874,IST,Ülkerside,18.08,yolda,2026-04-17 15:39:41,
TR101875,ANT,Lake Zümrehaven,8.42,teslim,2026-03-21 05:01:32,2026-03-23 05:01:32
TR101876,ANT,Bilirmouth,24.62,iade,2026-03-23 12:22:22,
TR101877,ANK,İhsanoğlushire,4.53,teslim,2026-04-24 03:02:52,2026-04-25 03:02:52
TR101878,IZM,West Behiza,1.2,iade,2026-02-02 07:50:29,
TR101879,ANT,East Vacibe,25.16,teslim,2026-03-08 10:46:29,2026-03-14 10:46:29
TR101880,IZM,Sevenmouth,27.62,yolda,2026-05-06 16:28:33,
TR101881,BUR,Port İlmafer,29.81,teslim,2026-02-04 02:12:43,2026-02-05 02:12:43
TR101882,IZM,Seblâburgh,18.37,teslim,2026-04-23 17:42:58,2026-04-29 17:42:58
TR101883,ANT,South Nevsal,17.21,iade,2026-04-19 15:57:35,
TR101884,ANK,East Alpcan,28.99,iade,2026-02-23 04:08:47,
TR101885,ANT,Benekfort,10.87,iade,2026-04-15 10:44:13,
TR101886,IZM,Şafakton,9.75,teslim,2026-08-15 11:39:04,2026-08-16 11:39:04
TR101887,IST,West Esentürk,22.78,yolda,2026-03-29 12:23:30,
TR101888,IST,Sayrakside,8.86,iade,2026-01-21 09:19:32,
TR101889,IZM,Lake Divantown,9.94,teslim,2026-03-19 10:00:18,2026-03-20 10:00:18
TR101890,ANT,West Nazlihanport,6.37,yolda,2026-01-31 13:23:29,
TR101891,IST,Akçaystad,3.37,teslim,2026-02-03 18:19:41,2026-02-08 18:19:41
TR101892,ANT,Akçaberg,29.62,iade,2026-02-14 03:25:10,
TR101893,ANT,New Şeydahaven,28.02,yolda,2026-04-11 17:46:00,
TR101894,IZM,Eremland,12.87,iade,2026-02-25 22:10:28,
TR101895,IZM,Port Tecimermouth,15.81,yolda,2026-04-12 12:44:27,
TR101896,IZM,Sezginbury,27.82,iade,2026-08-25 00:01:08,
TR101897,ANT,East Dorukhan,14.94,iade,2026-06-23 07:07:43,
TR101898,BUR,West Anargül,14.83,iade,2026-03-19 02:15:35,
TR101899,ANK,Musaffaton,21.29,teslim,2026-06-17 16:02:23,2026-06-22 16:02:23
TR101900,IST,Zeynoville,0.82,teslim,2026-07-19 12:10:37,2026-07-20 12:10:37
TR101901,IST,Güçlübury,22.15,iade,2026-05-12 23:36:14,
TR101902,ANT,West Canan,29.97,teslim,2026-04-27 22:22:12,2026-05-04 22:22:12
TR101903,IST,Akınalton,10.08,yolda,2026-06-01 21:16:56,
TR101904,ANK,West Huban,0.44,iade,2026-01-31 07:17:13,
TR101905,IZM,Sadetistad,7.71,teslim,2026-06-08 11:16:35,2026-06-14 11:16:35
TR101906,IZM,Port Asiman,15.25,teslim,2026-02-26 11:19:38,2026-03-01 11:19:38
TR101907,IST,South Ozansüport,3.5,yolda,2026-06-09 22:30:58,
TR101908,IZM,West Mahir,11.94,yolda,2026-02-14 02:53:52,
TR101909,ANT,Şenermouth,28.81,iade,2026-03-13 07:07:47,
TR101910,IZM,West Boztaşfort,25.03,teslim,2026-06-16 20:35:24,2026-06-18 20:35:24
TR101911,BUR,İhsanoğlumouth,27.49,iade,2026-07-12 00:35:34,
TR101912,ANK,Port Gündenview,14.5,teslim,2026-06-23 02:26:25,2026-06-29 02:26:25
TR101913,BUR,West Şahmettinside,26.77,iade,2026-07-25 17:05:01,
TR101914,IZM,Sezertown,13.93,iade,2026-05-16 23:24:20,
TR101915,IST,Lake Asu,25.07,yolda,2026-01-30 07:18:00,
TR101916,ANT,South Kotuzport,21.78,yolda,2026-03-03 22:10:31,
TR101917,ANT,North Gülelbury,16.12,yolda,2026-05-11 21:48:10,
TR101918,IZM,Port Müret,24.01,teslim,2026-07-29 14:34:58,2026-08-03 14:34:58
TR101919,IST,Aysevimfort,29.09,yolda,2026-06-18 10:07:41,
TR101920,IST,Heyvetullahshire,10.24,yolda,2026-03-02 22:06:19,
TR101921,ANT,Korayland,25.29,yolda,2026-05-17 06:58:29,
TR101922,ANT,Jankatfurt,11.75,iade,2026-06-20 01:05:26,
TR101923,IST,North Alattin,25.95,iade,2026-06-05 14:34:53,
TR101924,IZM,North Behiza,21.32,yolda,2026-08-14 23:34:50,
TR101925,BUR,Zöhrehanburgh,2.7,yolda,2026-03-28 01:40:43,
TR101926,BUR,Mansızchester,24.9,teslim,2026-01-29 09:42:53,2026-02-01 09:42:53
TR101927,ANK,Gençayland,15.8,yolda,2026-08-31 05:46:11,
TR101928,IZM,New Elöve,23.57,teslim,2026-06-01 22:58:05,2026-06-02 22:58:05
TR101929,BUR,Öcalanmouth,15.23,teslim,2026-01-15 13:15:51,2026-01-16 13:15:51
TR101930,ANT,East Ülkeborough,4.71,yolda,2026-07-20 23:30:24,
TR101931,BUR,Sevindikfort,,yolda,2026-03-25 01:42:15,
TR101932,IZM,South Kırgız,23.29,iade,2026-06-07 10:53:13,
TR101933,IST,Port Selâtin,24.68,teslim,2026-08-31 02:52:51,2026-09-07 02:52:51
TR101934,ANK,Akçaychester,6.24,iade,2026-03-24 14:41:47,
TR101935,BUR,West Recepalibury,21.44,teslim,2026-03-07 17:59:23,2026-03-11 17:59:23
TR101936,IST,Çamurcuoğlubury,0.22,iade,2026-09-06 22:54:03,
TR101937,ANT,Çorlutown,26.17,teslim,2026-06-02 14:58:38,2026-06-08 14:58:38
TR101938,BUR,Port Topuz,26.69,yolda,2026-07-11 03:59:50,
TR101939,IZM,Lake Çıvgın,0.77,teslim,2026-06-13 11:10:56,2026-06-18 11:10:56
TR101940,ANK,Bicanville,9.69,yolda,2026-06-23 11:03:41,
TR101941,IZM,North Tümkurtbury,16.02,teslim,2026-08-14 09:19:11,2026-08-17 09:19:11
TR101942,IST,Neribanton,8.25,yolda,2026-07-11 23:06:43,
TR101943,IST,Fayizefurt,0.56,teslim,2026-01-12 03:40:18,2026-01-15 03:40:18
TR101944,ANT,Ülkerstad,15.47,iade,2026-05-07 13:16:36,
TR101945,IZM,New Idıkview,16.53,teslim,2026-03-02 10:15:13,2026-03-07 10:15:13
TR101946,ANK,İhsanoğlumouth,28.3,yolda,2026-03-17 00:58:27,
TR101947,ANT,North Temuçin,7.42,yolda,2026-07-10 20:34:15,
TR101948,ANT,Mançoview,26.78,teslim,2026-08-04 01:36:43,2026-08-07 01:36:43
TR101949,BUR,Avşinberg,1.62,iade,2026-02-24 10:45:02,
TR101950,IST,Yertanchester,3.27,teslim,2026-07-22 22:41:02,2026-07-26 22:41:02
TR101951,BUR,Nirgülview,11.82,teslim,2026-04-29 22:45:38,2026-04-30 22:45:38
TR101952,ANT,Algışburgh,26.75,iade,2026-07-29 20:14:18,
TR101953,BUR,İnönüberg,18.53,iade,2026-05-12 14:46:37,
TR101954,IZM,Yorulmazborough,24.54,yolda,2026-08-13 20:58:03,
TR101955,ANT,East Kalgayton,2.45,iade,2026-03-08 18:57:00,
TR101956,ANT,Günvermouth,4.04,yolda,2026-07-11 16:43:42,
TR101957,BUR,South Atalaymouth,3.01,iade,2026-06-28 13:31:30,
TR101958,BUR,Ertaşfort,14.17,yolda,2026-05-28 12:42:43,
TR101959,ANT,North Velitdin,7.82,teslim,2026-02-22 18:11:41,2026-02-24 18:11:41
TR101960,BUR,Port Sencar,5.58,yolda,2026-02-15 09:54:46,
TR101961,IZM,Lake Feryas,23.68,iade,2026-03-21 05:31:48,
TR101962,BUR,New Abdülcemal,14.68,yolda,2026-04-26 00:18:19,
TR101963,IST,South Birsen,10.61,teslim,2026-08-02 08:31:22,2026-08-06 08:31:22
TR101964,ANK,Tarhanville,8.54,yolda,2026-04-15 16:03:26,
TR101965,ANT,West Türcanville,17.28,yolda,2026-05-17 17:00:59,
TR101966,IST,Mübetcelville,12.23,iade,2026-06-12 03:37:57,
TR101967,IST,North Buhari,9.84,iade,2026-05-15 17:17:59,
TR101968,IST,Ertaşview,23.79,iade,2026-07-07 19:23:16,
TR101969,BUR,West Atılganmouth,12.08,iade,2026-08-28 20:05:20,
TR101970,ANK,East Aytek,18.66,yolda,2026-05-16 06:08:07,
TR101971,ANK,Baliland,29.22,iade,2026-04-29 23:01:35,
TR101972,IST,Çorlufurt,10.29,yolda,2026-08-10 13:34:10,
TR101973,ANT,East Özsözlü,12.99,iade,2026-04-19 04:00:13,
TR101974,ANT,Port Kızıltunçburgh,23.64,yolda,2026-02-13 16:59:57,
TR101975,ANK,Arslanberg,5.28,iade,2026-06-09 22:48:48,
TR101976,IST,Efilchester,22.21,iade,2026-02-25 21:47:45,
TR101977,ANT,West Soykan,25.12,iade,2026-05-10 12:03:27,
TR101978,ANT,Gabelborough,13.94,teslim,2026-02-16 09:31:40,2026-02-21 09:31:40
TR101979,IST,Akgündüzfurt,24.68,iade,2026-07-19 05:19:16,
TR101980,BUR,Kitanchester,2.18,teslim,2026-07-14 02:26:37,2026-07-17 02:26:37
TR101981,ANT,Sezginstad,23.16,teslim,2026-02-14 02:38:13,2026-02-20 02:38:13
TR101982,IZM,South Rana,14.88,yolda,2026-09-05 11:21:58,
TR101983,IST,North Gelengülmouth,2.81,iade,2026-06-24 12:28:15,
TR101984,IST,Lake Vecide,22.74,teslim,2026-07-09 02:04:07,2026-07-14 02:04:07
TR101985,ANK,Fırathaven,13.64,iade,2026-03-11 07:03:29,
TR101986,BUR,Beyhatunchester,18.51,yolda,2026-02-11 16:21:43,
TR101987,ANK,Hançerberg,6.25,yolda,2026-02-09 19:44:38,
TR101988,IZM,Oldağhaven,17.15,yolda,2026-02-28 16:47:26,
TR101989,IZM,Leyliton,27.56,iade,2026-06-25 04:27:11,
TR101990,IZM,North Gelengülville,29.71,yolda,2026-08-12 01:20:35,
TR101991,IST,Sevenville,18.38,iade,2026-07-27 09:19:17,
TR101992,BUR,Yargıview,25.44,iade,2026-07-09 12:36:58,
TR101993,IST,Port Fatinurtown,11.14,yolda,2026-08-25 11:35:31,
TR101994,IST,Akçayburgh,0.13,iade,2026-02-23 07:39:34,
TR101995,IZM,North İsmetport,3.38,iade,2026-06-11 16:19:54,
TR101996,IST,İnönümouth,7.13,yolda,2026-05-11 23:53:45,
TR101997,ANT,Ushanburgh,11.89,iade,2026-09-09 08:02:17,
TR101998,BUR,North Nefaret,12.24,yolda,2026-04-02 01:00:13,
TR101999,ANT,South Gülşatown,6.42,yolda,2026-04-20 18:43:11,
TR102000,ANK,Demirtown,5.73,teslim,2026-01-12 08:12:09,2026-01-16 08:12:09
TR102001,IZM,Ertaşfurt,25.21,yolda,2026-03-17 18:23:36,
TR102002,ANK,Hançerstad,4.11,teslim,2026-08-31 19:42:05,2026-09-03 19:42:05
TR102003,IST,Cannurberg,4.41,teslim,2026-06-12 11:20:41,2026-06-18 11:20:41
TR102004,BUR,East Ebatown,29.25,yolda,2026-03-03 13:03:25,
TR102005,ANK,East Dehaberg,19.3,teslim,2026-03-24 04:03:06,2026-03-25 04:03:06
TR102006,BUR,Karadenizside,26.82,yolda,2026-04-13 23:15:31,
TR102007,ANT,West Belkizeberg,27.92,iade,2026-03-25 05:09:20,
TR102008,ANK,Yıldırımville,13.69,iade,2026-07-13 03:36:08,
TR102009,ANT,Lake Zülbiye,24.62,yolda,2026-03-15 13:55:09,
TR102010,IZM,Güçlütown,6.85,yolda,2026-07-01 23:52:59,
TR102011,ANT,East Soyselçuk,0.32,yolda,2026-07-03 15:29:57,
TR102012,ANK,Yorulmazmouth,21.39,yolda,2026-08-19 05:10:49,
TR102013,BUR,Lake Ügechester,27.8,yolda,2026-01-13 03:05:51,
TR102014,IZM,Korutürkshire,1.1,iade,2026-06-20 12:10:38,
TR102015,BUR,Arufort,21.18,teslim,2026-08-29 11:19:51,2026-09-03 11:19:51
TR102016,BUR,Zorlushire,28.86,teslim,2026-06-14 06:59:41,2026-06-19 06:59:41
TR102017,ANT,Bilginton,29.51,teslim,2026-09-04 13:15:11,2026-09-06 13:15:11
TR102018,BUR,South Mehrigülmouth,15.56,yolda,2026-08-03 05:53:56,
TR102019,ANT,West Sejdachester,2.74,iade,2026-08-12 22:25:14,
TR102020,IST,South Oluşstad,0.0,yolda,2026-07-12 21:32:00,
TR102021,ANT,Yıldırımburgh,9.44,iade,2026-07-03 04:23:57,
TR102022,ANT,South Uçan,23.38,teslim,2026-05-01 22:09:32,2026-05-04 22:09:32
TR102023,BUR,New Mevlüt,15.43,yolda,2026-06-29 05:11:29,
TR102024,ANT,Nazıdilmouth,22.04,yolda,2026-08-26 07:04:48,
TR102025,IZM,İnsaffurt,28.82,yolda,2026-03-02 00:11:25,
TR102026,IZM,Birsanburgh,5.11,yolda,2026-06-20 23:07:50,
TR102027,ANT,West Yaşar,22.51,iade,2026-09-08 13:41:41,
TR102028,ANT,Yamanburgh,7.89,iade,2026-02-12 13:04:14,
TR102029,BUR,New Elamiye,17.39,iade,2026-03-28 13:01:53,
TR102030,IST,Akçafort,19.72,iade,2026-02-18 06:11:41,
TR102031,ANT,East Irıs,0.92,yolda,2026-05-07 23:56:40,
TR102032,IST,West Rasulstad,3.89,yolda,2026-01-28 08:14:07,
TR102033,IZM,Port Fatinur,7.64,teslim,2026-03-12 16:00:50,2026-03-19 16:00:50
TR102034,IZM,West Adviyeville,8.33,iade,2026-01-22 11:41:09,
TR102035,IST,North Kerime,22.27,yolda,2026-09-06 21:48:27,
TR102036,ANK,Eraslanmouth,27.31,iade,2026-04-07 02:25:35,
TR102037,ANK,Port Irısview,19.81,iade,2026-05-28 00:47:23,
TR102038,ANK,Lake Azettinmouth,7.91,yolda,2026-03-09 18:47:18,
TR102039,ANK,North Nezizeville,14.6,iade,2026-07-06 14:31:00,
TR102040,IST,New Diricanburgh,10.35,iade,2026-08-16 12:19:51,
TR102041,ANT,West Gücal,28.02,teslim,2026-02-24 22:05:48,2026-02-26 22:05:48
TR102042,BUR,İnönühaven,22.61,teslim,2026-05-03 12:29:14,2026-05-10 12:29:14
TR102043,BUR,East Seferstad,7.21,yolda,2026-07-22 15:02:40,
TR102044,ANK,North Kuddusi,6.4,yolda,2026-05-20 00:28:19,
TR102045,IZM,Öcalantown,1.72,iade,2026-06-29 14:29:28,
TR102046,IST,Şamaport,1.67,yolda,2026-04-15 08:12:55,
TR102047,BUR,North Rüknettin,14.34,yolda,2026-07-25 04:51:24,
TR102048,ANT,Arsoybury,7.09,yolda,2026-06-03 17:03:44,
TR102049,BUR,Çetinbury,14.29,iade,2026-03-09 22:49:22,
TR102050,BUR,Sevenchester,0.45,teslim,2026-03-04 15:54:15,2026-03-09 15:54:15
TR102051,BUR,Altoğanmouth,20.39,yolda,2026-07-07 05:35:32,
TR102052,IST,Lake Gözemland,3.01,iade,2026-03-07 14:38:52,
TR102053,IZM,Tekinerfurt,28.69,iade,2026-02-11 23:53:38,
TR102054,ANT,Yorulmazfurt,27.55,yolda,2026-03-14 21:19:15,
TR102055,IZM,New Barışcan,8.18,yolda,2026-01-24 11:26:33,
TR102056,ANT,Şafiifurt,11.8,teslim,2026-07-30 22:23:21,2026-08-02 22:23:21
TR102057,ANK,İmgemouth,22.06,iade,2026-08-13 01:43:37,
TR102058,ANK,Port Sebattinhaven,15.65,iade,2026-05-23 17:28:58,
TR102059,ANK,Lake Ünlen,9.47,iade,2026-09-04 03:03:14,
TR102060,IST,New Paye,24.97,teslim,2026-07-02 08:29:14,2026-07-08 08:29:14
TR102061,IST,Sezerstad,15.81,teslim,2026-09-07 03:37:43,2026-09-11 03:37:43
TR102062,BUR,West Büget,10.61,iade,2026-06-16 03:58:13,
TR102063,IZM,Özalpsanberg,7.63,iade,2026-01-24 10:17:27,
TR102064,ANT,Mefarettinland,2.85,teslim,2026-07-31 04:49:59,2026-08-01 04:49:59
TR102065,ANK,Güldermouth,28.52,iade,2026-07-27 18:49:44,
TR102066,IST,North Habibeshire,21.27,iade,2026-03-13 05:16:00,
TR102067,ANT,Port Tanak,3.98,teslim,2026-04-20 12:52:16,2026-04-21 12:52:16
TR102068,ANT,Lake Baydustad,24.12,iade,2026-06-23 05:58:51,
TR102069,ANK,Erdoganton,7.67,teslim,2026-04-20 22:48:34,2026-04-21 22:48:34
TR102070,IST,Hançershire,19.2,yolda,2026-02-27 12:27:22,
TR102071,BUR,Şamabury,20.8,yolda,2026-01-12 02:17:46,
TR102072,IZM,West Süha,7.79,iade,2026-08-23 22:33:04,
TR102073,IST,Lake Çağveren,11.55,teslim,2026-04-30 13:46:00,2026-05-03 13:46:00
TR102074,IST,North Turabi,7.82,yolda,2026-07-30 21:20:53,
TR102075,ANK,Port Yetişal,13.27,yolda,2026-07-29 15:23:01,
TR102076,ANK,East Özlemchester,18.35,yolda,2026-07-05 12:10:34,
TR102077,BUR,North Bayzettinchester,3.34,teslim,2026-06-19 02:18:56,2026-06-25 02:18:56
TR102078,BUR,Bilirmouth,6.63,iade,2026-03-01 13:58:54,
TR102079,IST,Tercanhaven,27.39,iade,2026-02-09 09:23:38,
TR102080,IZM,Bilgeview,3.19,iade,2026-06-15 11:38:25,
TR102081,ANT,Şenerchester,21.85,teslim,2026-08-24 23:48:35,2026-08-25 23:48:35
TR102082,IST,Gülchester,26.91,yolda,2026-06-29 23:32:46,
TR102083,IST,New Ergün,27.99,teslim,2026-03-14 07:30:30,2026-03-20 07:30:30
TR102084,BUR,Yamanhaven,8.07,iade,2026-07-17 08:02:08,
TR102085,IZM,Lake Mazlummouth,27.15,iade,2026-08-03 13:39:23,
TR102086,IST,Lake Gücalside,15.51,iade,2026-07-12 21:41:51,
TR102087,BUR,New İdirisville,13.14,yolda,2026-06-02 12:07:41,
TR102088,IST,Mahigülport,16.25,iade,2026-02-26 00:15:38,
TR102089,BUR,North Zoral,3.72,teslim,2026-01-25 17:09:38,2026-01-29 17:09:38
TR102090,IZM,Tamaydınport,10.07,iade,2026-05-08 11:48:25,
TR102091,BUR,Port Feratberg,1.75,yolda,2026-07-17 18:51:29,
TR102092,IST,Yorulmazport,11.02,iade,2026-08-27 01:24:00,
TR102093,IST,East Döner,25.25,yolda,2026-04-30 03:57:01,
TR102094,ANK,New Veisland,5.38,yolda,2026-01-10 21:08:40,
TR102095,ANK,Güçlüshire,9.04,teslim,2026-01-27 10:10:29,2026-01-31 10:10:29
TR102096,IST,Akçaymouth,18.96,yolda,2026-05-10 08:20:04,
TR102097,BUR,Karadenizberg,2.64,yolda,2026-06-05 14:26:50,
TR102098,BUR,İnönümouth,22.09,iade,2026-03-04 20:49:30,
TR102099,ANK,Port Şahıgül,0.86,teslim,2026-07-03 11:23:01,2026-07-04 11:23:01
TR102100,ANK,Port Pekkanchester,14.73,iade,2026-05-16 08:56:21,
TR102101,ANT,South Umman,19.34,teslim,2026-06-09 10:59:48,2026-06-16 10:59:48
TR102102,ANT,Lake Asliyeview,28.95,yolda,2026-08-08 04:08:15,
TR102103,IST,Lake Aliabbas,1.21,yolda,2026-02-13 10:51:44,
TR102104,IST,Kefserville,12.22,teslim,2026-08-20 05:04:54,2026-08-23 05:04:54
TR102105,ANT,istanbul,13.81,teslim,2026-08-15 07:15:00,2026-08-22 07:15:00
TR102106,ANT,New Güldünyaborough,4.55,iade,2026-08-22 02:23:15,
TR102107,ANK,North Sevlaside,27.75,iade,2026-07-13 20:48:50,
TR102108,ANK,West Kınelbury,14.72,teslim,2026-03-20 21:02:01,2026-03-26 21:02:01
TR102109,ANT,Çorluside,1.47,teslim,2026-08-23 03:31:37,2026-08-27 03:31:37
TR102110,ANK,Übeydullahshire,0.53,iade,2026-09-02 18:00:02,
TR102111,IST,Bilgetown,27.15,iade,2026-01-27 12:58:54,
TR102112,ANT,Akçaychester,5.2,teslim,2026-05-22 02:19:43,2026-05-26 02:19:43
TR102113,IST,Çopurview,24.55,iade,2026-01-19 09:55:50,
TR102114,BUR,North Halenurburgh,17.89,teslim,2026-02-14 10:07:09,2026-02-15 10:07:09
TR102115,ANK,East Ozansü,1.99,iade,2026-04-30 21:22:29,
TR102116,IZM,West Ğanim,24.36,teslim,2026-02-13 21:06:09,2026-02-17 21:06:09
TR102117,BUR,New Tulunburgh,9.79,iade,2026-03-16 18:40:43,
TR102118,ANT,West Özalpsanville,16.42,iade,2026-01-20 14:57:27,
TR102119,ANK,South Torhan,22.95,teslim,2026-05-14 08:42:23,2026-05-12 08:42:23
TR102120,ANK,Akçaville,10.13,iade,2026-04-20 05:49:32,
TR102121,ANK,East Nafile,22.75,teslim,2026-01-30 05:14:34,2026-02-02 05:14:34
TR102122,IZM,South Feryas,16.65,teslim,2026-08-25 15:53:26,2026-08-31 15:53:26
TR102123,ANK,Akçaville,27.78,yolda,2026-07-24 23:15:02,
TR102124,IST,West Beniceside,23.75,teslim,2026-04-24 15:38:44,2026-04-26 15:38:44
TR102125,ANT,South Alsoychester,11.35,iade,2026-06-17 03:55:53,
TR102126,BUR,ISTANBUL,2.51,teslim,2026-04-10 20:19:22,2026-04-11 20:19:22
TR102127,IST,Port Hürmet,21.23,teslim,2026-02-18 11:50:24,2026-02-20 11:50:24
TR102128,IZM,Lerzechester,12.55,iade,2026-02-27 20:06:49,
TR102129,ANK,Port Ruhugülhaven,6.26,yolda,2026-07-02 06:33:35,
TR102130,IZM,West Hacile,15.74,iade,2026-03-30 02:03:34,
TR102131,ANK,New Şekim,28.15,yolda,2026-03-16 09:19:57,
TR102132,IST,Türktown,17.93,iade,2026-08-13 16:05:52,
TR102133,BUR,Serdaburgh,18.4,iade,2026-07-09 12:34:29,
TR102134,IZM,South Sançarview,10.5,teslim,2026-01-10 06:45:51,2026-01-16 06:45:51
TR102135,ANK,Refetborough,-0.5,teslim,2026-06-06 16:59:29,2026-06-11 16:59:29
TR102136,IST,Aydinçburgh,18.61,iade,2026-08-25 07:46:57,
TR102137,ANT,West Cebesoyfurt,6.66,iade,2026-08-05 11:46:36,
TR102138,ANK,Lake Ildız,8.37,iade,2026-02-26 19:55:56,
TR102139,ANK,Bilirhaven,20.59,teslim,2026-04-28 14:26:38,2026-04-29 14:26:38
TR102140,BUR,Rojnuview,5.37,yolda,2026-05-13 16:30:41,
TR102141,IST,Okbaymouth,1.72,iade,2026-07-04 21:20:32,
TR102142,IZM,South Natalia,6.37,yolda,2026-05-22 17:55:28,
TR102143,IZM,Lake Ertuncaytown,18.54,yolda,2026-05-17 15:08:50,
TR102144,IST,Yılmaztown,3.22,yolda,2026-09-03 12:00:27,
TR102145,ANK,Durmuşfort,4.83,teslim,2026-03-18 11:10:36,2026-03-23 11:10:36
TR102146,ANT,Port Selimeland,3.57,teslim,2026-06-11 14:46:55,2026-06-15 14:46:55
TR102147,BUR,Port Tagangülmouth,17.82,teslim,2026-08-07 06:16:46,2026-08-13 06:16:46
TR102148,BUR,Çağastad,6.04,yolda,2026-02-27 00:01:14,
TR102149,IZM,Port Zelha,6.98,iade,2026-06-09 06:29:05,
TR102150,ANK,South Zihniborough,3.03,teslim,2026-01-13 08:17:24,2026-01-16 08:17:24
TR102151,BUR,East Akçabayview,26.11,iade,2026-07-01 17:28:04,
TR102152,ANK,North Niğmet,2.3,yolda,2026-05-29 00:50:15,
TR102153,BUR,İdebury,1.72,iade,2026-09-09 21:19:51,
TR102154,ANK,Arsoyton,6.56,yolda,2026-04-11 01:08:46,
TR102155,BUR,Akçayborough,5.42,iade,2026-04-29 02:32:34,
TR102156,ANK,Port Sabır,13.79,yolda,2026-01-12 20:12:38,
TR102157,IZM,Port Sayrakshire,29.27,teslim,2026-06-12 21:29:40,2026-06-18 21:29:40
TR102158,ANK,Aksuside,1.06,teslim,2026-07-23 09:04:36,2026-07-26 09:04:36
TR102159,IST,North Muhiye,8.49,iade,2026-03-26 07:46:24,
TR102160,BUR,East Rafihshire,13.81,teslim,2026-02-28 21:02:48,2026-03-07 21:02:48
TR102161,IZM,Kayrabaytown,6.67,teslim,2026-04-08 14:29:35,2026-04-15 14:29:35
TR102162,ANT,Tülinside,4.79,yolda,2026-08-05 01:04:43,
TR102163,ANT,South Sahilton,27.18,iade,2026-07-05 08:36:07,
TR102164,ANT,Akdenizchester,25.66,iade,2026-05-15 12:16:30,
TR102165,ANT,Lake Gülaymouth,14.73,teslim,2026-04-26 11:54:02,2026-04-30 11:54:02
TR102166,BUR,Gözemton,25.13,teslim,2026-07-21 12:47:42,2026-07-26 12:47:42
TR102167,IST,West Şahinbeyside,21.93,yolda,2026-04-07 06:38:41,
TR102168,ANK,Abdülkerimfurt,7.51,iade,2026-07-03 09:23:46,
TR102169,ANT,Bulunçshire,6.75,yolda,2026-03-26 15:34:59,
TR102170,ANK,Lake Şekim,27.42,iade,2026-01-19 22:11:14,
TR102171,IST,East Gürarda,1.3,teslim,2026-02-07 23:32:18,2026-02-11 23:32:18
TR102172,ANT,Bağdaşville,1.11,yolda,2026-05-17 22:17:59,
TR102173,BUR,Şafaktown,14.43,iade,2026-01-20 21:29:48,
TR102174,IST,Onatbury,13.63,iade,2026-08-28 04:29:27,
TR102175,ANT,Yükselmouth,22.62,teslim,2026-02-20 22:51:05,2026-02-21 22:51:05
TR102176,BUR,Gülbiyebury,28.5,iade,2026-01-31 05:03:17,
TR102177,IZM,İnönüville,7.25,teslim,2026-02-07 09:16:55,2026-02-10 09:16:55
TR102178,BUR,Zenginville,20.1,teslim,2026-09-09 22:22:36,2026-09-10 22:22:36
TR102179,BUR,North Çağlasınmouth,25.75,teslim,2026-02-12 06:56:42,2026-02-18 06:56:42
TR102180,ANT,North Arıpınar,0.83,iade,2026-02-04 07:48:38,
TR102181,BUR,Nezizechester,23.18,yolda,2026-01-31 08:22:22,
TR102182,BUR,Lake Baltaşside,5.63,iade,2026-02-04 14:54:48,
TR102183,BUR,Çokanfurt,21.15,yolda,2026-01-30 08:16:20,
TR102184,IST,Bilgintown,11.61,teslim,2026-02-16 06:54:23,2026-02-23 06:54:23
TR102185,IZM,Ertaşchester,15.97,iade,2026-07-05 03:48:10,
TR102186,BUR,West Semattown,22.61,yolda,2026-09-07 22:29:11,
TR102187,ANT,Mufideborough,16.32,iade,2026-07-05 10:00:21,
TR102188,IST,North Müveddetland,18.65,teslim,2026-02-21 00:23:53,2026-02-28 00:23:53
TR102189,IST,New Erginel,15.49,yolda,2026-08-28 07:48:23,
TR102190,IZM,Yargıchester,26.65,iade,2026-07-26 16:58:37,
TR102191,IZM,Akçaybury,14.01,teslim,2026-07-16 00:40:14,2026-07-20 00:40:14
TR102192,IZM,North Erikport,5.34,teslim,2026-03-04 12:54:23,2026-03-07 12:54:23
TR102193,IST,Zorlustad,16.87,iade,2026-08-25 01:50:47,
TR102194,IZM,East Bilay,7.24,teslim,2026-05-10 22:11:18,2026-05-12 22:11:18
TR102195,BUR,Sidkistad,22.15,teslim,2026-05-09 22:45:28,2026-05-15 22:45:28
TR102196,ANK,North Nerim,22.62,iade,2026-01-13 05:01:55,
TR102197,IZM,South Uçanborough,26.95,teslim,2026-07-26 00:17:30,2026-07-29 00:17:30
TR102198,BUR,Port Beren,8.39,iade,2026-03-28 21:18:19,
TR102199,IZM,Lake Canfeza,13.63,teslim,2026-05-22 17:11:54,2026-05-25 17:11:54
TR102200,ANT,Melûlshire,24.9,iade,2026-07-10 14:12:35,
TR102201,ANT,Şabettinmouth,20.38,yolda,2026-05-20 10:17:10,
TR102202,IZM,South Atgunfort,13.61,iade,2026-03-14 02:15:46,
TR102203,IST,Lake Mucahitbury,5.73,yolda,2026-04-05 06:42:53,
TR102204,IST,East Damlanur,2.5,yolda,2026-07-10 06:08:29,
TR102205,IST,Bilirfurt,3.37,teslim,2026-05-18 19:38:55,2026-05-21 19:38:55
TR102206,IST,West Adıgünland,20.94,yolda,2026-03-22 14:59:13,
TR102207,ANK,New Efserberg,26.26,yolda,2026-05-29 01:26:57,
TR102208,IST,Akarshire,8.87,iade,2026-05-02 22:04:13,
TR102209,ANT,North Korkmazalpborough,27.96,iade,2026-05-29 20:18:04,
TR102210,IZM,East Recepali,12.66,yolda,2026-04-30 09:42:57,
TR102211,IST,Hümeyrabury,8.82,iade,2026-03-18 18:09:12,
TR102212,ANK,,25.06,teslim,2026-03-20 09:49:50,2026-03-21 09:49:50
TR102213,IZM,North Teybetberg,12.41,iade,2026-04-21 17:45:01,
TR102214,IZM,West Mahirport,14.64,yolda,2026-06-06 05:31:11,
TR102215,ANT,West Zülgarni,25.27,iade,2026-07-06 05:49:49,
TR102216,BUR,Akgündüzland,9.19,yolda,2026-03-17 14:53:34,
TR102217,IZM,East Kasim,5.23,teslim,2026-02-25 02:08:30,2026-03-04 02:08:30
TR102218,ANK,Sezerstad,14.58,yolda,2026-03-25 12:18:10,
TR102219,IST,Şenerbury,4.54,yolda,2026-05-13 13:13:39,
TR102220,BUR,Port Günar,28.69,yolda,2026-01-28 00:16:27,
TR102221,ANK,West Oktüremiş,21.38,iade,2026-05-04 07:41:08,
TR102222,ANK,Erginelhaven,29.2,yolda,2026-01-30 18:06:48,
TR102223,ANK,Bilirland,4.92,iade,2026-08-24 21:44:41,
TR102224,IZM,East Feryasfurt,17.28,teslim,2026-07-11 20:38:27,2026-07-12 20:38:27
TR102225,IZM,Esmanperihaven,11.15,yolda,2026-07-26 19:24:18,
TR102226,IST,West Özyurt,20.0,teslim,2026-07-09 08:59:18,2026-07-14 08:59:18
TR102227,ANK,Demirelfort,11.25,yolda,2026-06-04 06:30:22,
TR102228,ANK,Meryemefurt,16.06,iade,2026-07-13 01:26:59,
TR102229,BUR,East Mevlütborough,27.94,teslim,2026-08-24 20:48:59,2026-08-25 20:48:59
TR102230,IZM,South Mestur,4.77,teslim,2026-07-04 15:23:43,2026-07-08 15:23:43
TR102231,ANT,Akgündüzfurt,29.27,iade,2026-05-08 21:49:17,
TR102232,IZM,Port Çaltı,14.27,yolda,2026-08-19 23:15:42,
TR102233,ANT,East Bügetport,20.04,yolda,2026-04-18 22:05:18,
TR102234,BUR,Münifshire,10.23,iade,2026-07-01 16:47:37,
TR102235,BUR,Zorlumouth,27.02,teslim,2026-01-26 01:11:01,2026-02-01 01:11:01
TR102236,ANT,Ertaşchester,3.59,teslim,2026-06-24 13:15:56,2026-06-30 13:15:56
TR102237,ANT,Erişmouth,25.24,teslim,2026-06-17 21:25:12,2026-06-21 21:25:12
TR102238,IZM,Yıldırımburgh,2.87,yolda,2026-04-26 02:25:47,
TR102239,ANK,West Saçı,17.54,teslim,2026-06-30 14:32:20,2026-07-05 14:32:20
TR102240,IZM,Burakhanport,5.95,teslim,2026-02-08 13:02:07,2026-02-15 13:02:07
TR102241,BUR,Port Saydambury,20.34,teslim,2026-07-23 22:29:30,2026-07-28 22:29:30
TR102242,BUR,North Yeneralton,5.91,teslim,2026-02-17 06:56:35,2026-02-22 06:56:35
TR102243,ANT,West Kocabaş,18.19,yolda,2026-08-10 03:02:08,
TR102244,IZM,Talayerview,11.99,teslim,2026-05-17 22:27:18,2026-05-23 22:27:18
TR102245,BUR,Port Ünal,11.15,iade,2026-03-25 02:37:12,
TR102246,IST,Adakport,8.61,yolda,2026-08-09 00:00:06,
TR102247,IZM,Ünlenfurt,29.33,yolda,2026-04-29 12:41:31,
TR102248,IST,South Sermahaven,6.55,iade,2026-08-23 07:15:53,
TR102249,BUR,Bilginbury,24.13,yolda,2026-03-09 01:06:17,
TR102250,ANK,Bilginhaven,24.19,yolda,2026-04-01 13:52:51,
TR102251,BUR,Gülmouth,4.27,yolda,2026-08-26 00:58:27,
TR102252,ANT,West Karanbaychester,2.67,iade,2026-05-22 08:52:52,
TR102253,BUR,South Aynilhayat,29.65,teslim,2026-06-21 06:50:13,2026-06-24 06:50:13
TR102254,IZM,West Ezgütekinshire,2.08,iade,2026-08-14 22:48:19,
TR102255,BUR,Adlanfort,2.74,iade,2026-02-28 21:58:19,
TR102256,IZM,Muratcanchester,12.49,yolda,2026-05-27 19:23:50,
TR102257,BUR,İnönüside,21.34,iade,2026-06-24 09:41:44,
TR102258,ANK,Muarratown,24.99,teslim,2026-05-06 10:31:30,2026-05-08 10:31:30
TR102259,ANT,East Göktenmouth,14.77,yolda,2026-08-18 11:54:32,
TR102260,ANT,Kısakürekborough,9.19,yolda,2026-08-18 17:37:36,
TR102261,BUR,New Önelborough,6.81,iade,2026-06-10 18:41:48,
TR102262,IZM,West Limonmouth,9.08,teslim,2026-07-13 10:57:08,2026-07-15 10:57:08
TR102263,BUR,East Dinçkolside,3.81,iade,2026-05-08 09:12:19,
TR102264,IZM,Port Yalınfort,12.57,iade,2026-03-20 01:23:32,
TR102265,ANK,East Berki,0.95,yolda,2026-01-20 11:51:24,
TR102266,BUR,Kınelbury,29.83,yolda,2026-06-08 22:29:51,
TR102267,IZM,South Barsenstad,17.47,teslim,2026-05-03 03:00:14,2026-05-08 03:00:14
TR102268,BUR,East Tunçboğachester,26.06,iade,2026-07-30 10:46:10,
TR102269,BUR,North Erkinel,29.23,iade,2026-06-10 23:04:09,
TR102270,ANT,Güçlüland,22.02,teslim,2026-08-06 09:48:30,2026-08-09 09:48:30
TR102271,IZM,East Kınel,4.97,teslim,2026-06-10 03:22:49,2026-06-17 03:22:49
TR102272,IZM,Alemdarfort,13.89,teslim,2026-05-10 08:51:00,2026-05-12 08:51:00
TR102273,ANK,Mufideborough,10.79,iade,2026-03-12 17:39:08,
TR102274,IZM,Aslanborough,12.64,teslim,2026-07-24 05:06:37,2026-07-27 05:06:37
TR102275,IST,South Başok,8.77,yolda,2026-01-12 23:04:49,
TR102276,IST,New Tutkun,15.46,iade,2026-06-14 02:51:41,
TR102277,ANK,Ertaşmouth,22.96,iade,2026-08-19 03:18:12,
TR102278,ANK,Lake Cenanport,16.36,iade,2026-08-21 19:39:01,
TR102279,IZM,Zinnureport,8.22,yolda,2026-07-06 06:47:23,
TR102280,IZM,South Oliver,2.97,iade,2026-06-10 22:55:49,
TR102281,IZM,Ertaşfurt,24.72,iade,2026-03-20 19:29:35,
TR102282,ANT,South Zerideton,8.51,teslim,2026-03-22 07:31:43,2026-03-24 07:31:43
TR102283,BUR,West Pürçek,10.28,yolda,2026-04-13 03:49:32,
TR102284,ANK,Sunayland,4.72,teslim,2026-08-06 21:46:51,2026-08-07 21:46:51
TR102285,ANK,Sevenside,23.87,teslim,2026-04-04 10:39:57,2026-04-11 10:39:57
TR102286,ANT,Birgitville,20.72,iade,2026-02-26 03:39:18,
TR102287,ANT,İlbekmouth,21.41,iade,2026-07-24 23:00:16,
TR102288,IST,Kıvılcımhaven,12.58,iade,2026-03-15 02:06:56,
TR102289,ANK,Yıldırımland,27.71,teslim,2026-01-27 09:44:01,2026-01-28 09:44:01
TR102290,IZM,Şamafurt,9.42,yolda,2026-07-08 10:57:39,
TR102291,ANK,Türktown,24.53,yolda,2026-03-26 13:40:35,
TR102292,ANT,Lake Esentürkmouth,22.93,iade,2026-04-17 09:31:07,
TR102293,ANK,Ertaşland,21.33,yolda,2026-07-09 08:47:09,
TR102294,IST,Lake Altınbike,6.75,teslim,2026-02-11 03:06:46,2026-02-17 03:06:46
TR102295,ANK,İSTANBUL,20.67,iade,2026-03-05 12:58:56,
TR102296,ANK,Port Aksay,6.37,yolda,2026-03-13 17:44:56,
TR102297,IST,East Soykutville,2.42,teslim,2026-09-02 19:14:50,2026-09-06 19:14:50
TR102298,BUR,Aksuland,1.37,yolda,2026-08-05 17:02:19,
TR102299,ANT,Göktenmouth,17.84,teslim,2026-01-14 10:11:39,2026-01-15 10:11:39
TR102300,IST,East Ümmahan,27.27,yolda,2026-05-29 03:18:59,
TR102301,IZM,South Zehranur,20.06,teslim,2026-01-23 10:45:11,2026-01-24 10:45:11
TR102302,IST,South Yazgülport,27.61,teslim,2026-01-28 14:49:20,2026-02-04 14:49:20
TR102303,ANK,New Abdülhaditon,5.62,teslim,2026-07-01 11:57:35,2026-07-06 11:57:35
TR102304,IST,East Çamok,2.81,yolda,2026-06-05 15:17:06,
TR102305,IZM,North Akgöl,28.47,iade,2026-04-12 17:03:39,
TR102306,IZM,North Uludağborough,4.9,yolda,2026-06-22 20:04:18,
TR102307,ANT,North Solma,7.33,iade,2026-02-03 14:30:17,
TR102308,IST,North İsak,3.06,iade,2026-03-16 06:29:08,
TR102309,IST,Port Tunçboğamouth,15.91,iade,2026-07-28 02:33:03,
TR102310,ANK,New Kıvılcım,28.93,iade,2026-08-16 08:25:40,
TR102311,ANT,Akçachester,0.23,teslim,2026-08-08 10:44:18,2026-08-15 10:44:18
TR102312,IST,East Dirlik,27.73,iade,2026-02-25 23:40:42,
TR102313,BUR,Heyvetullahtown,11.06,iade,2026-05-28 13:14:10,
TR102314,ANK,Akalanfurt,13.25,iade,2026-06-15 05:54:56,
TR102315,IZM,Bilginland,29.44,teslim,2026-04-02 16:50:41,2026-04-04 16:50:41
TR102316,ANK,Atılganland,15.48,yolda,2026-04-28 05:07:01,
TR102317,IST,Hançerfort,22.87,yolda,2026-04-04 22:50:19,
TR102318,IST,West Cüneyit,14.03,yolda,2026-02-18 14:40:31,
TR102319,ANK,Raylafurt,14.92,iade,2026-08-31 00:52:15,
TR102320,IZM,Hudaventmouth,16.76,yolda,2026-03-02 16:42:52,
TR102321,IZM,West Aksayshire,-0.5,teslim,2026-07-16 07:29:05,2026-07-17 07:29:05
TR102322,IZM,Zorlubury,13.76,yolda,2026-07-03 09:51:46,
TR102323,IZM,East Akınalville,20.64,iade,2026-07-24 13:55:07,
TR102324,ANK,Lake Abiye,16.66,yolda,2026-05-10 00:22:54,
TR102325,BUR,North Evcimenstad,5.74,yolda,2026-04-14 15:42:52,
TR102326,BUR,Kuddusiberg,28.18,teslim,2026-07-22 18:10:17,2026-07-29 18:10:17
TR102327,ANK,Lake Arıkol,0.48,yolda,2026-06-04 23:55:42,
TR102328,BUR,Korutürkmouth,20.2,iade,2026-04-12 12:37:15,
TR102329,BUR,Tenvirton,15.73,yolda,2026-03-03 05:09:47,
TR102330,IST,Şensoyport,3.66,iade,2026-07-31 08:35:26,
TR102331,BUR,Port Şennur,20.88,yolda,2026-01-19 06:32:30,
TR102332,ANK,Nurkanborough,2.03,teslim,2026-05-18 17:21:59,2026-05-24 17:21:59
TR102333,ANK,Lake Olcabury,17.89,teslim,2026-08-07 12:27:13,2026-08-10 12:27:13
TR102334,IST,Fıratmouth,7.06,yolda,2026-09-03 05:15:49,
TR102335,BUR,Şenertown,8.43,yolda,2026-03-22 08:28:18,
TR102336,ANT,Erdoğanborough,17.85,iade,2026-02-04 03:58:36,
TR102337,BUR,East Ergener,10.75,iade,2026-01-30 07:22:30,
TR102338,ANT,New Hekime,28.51,iade,2026-02-14 16:57:48,
TR102339,ANT,New Borataş,8.44,yolda,2026-03-30 10:36:05,
TR102340,IST,Hançerburgh,3.75,yolda,2026-06-24 14:32:48,
TR102341,BUR,South Huzuri,7.0,yolda,2026-03-27 18:52:31,
TR102342,IST,West Serezli,22.16,teslim,2026-09-02 08:38:48,2026-09-03 08:38:48
TR102343,IST,Şenerborough,29.16,teslim,2026-08-21 22:20:41,2026-08-25 22:20:41
TR102344,ANT,Çorlustad,20.41,teslim,2026-04-25 15:37:48,2026-04-23 15:37:48
TR102345,ANT,Aksufort,18.73,teslim,2026-06-13 17:36:41,2026-06-16 17:36:41
TR102346,ANT,Zorluchester,23.05,teslim,2026-06-30 11:37:37,2026-07-06 11:37:37
TR102347,ANK,Yıldırımfurt,8.88,yolda,2026-03-11 14:35:47,
TR102348,BUR,Port Süvariside,15.19,yolda,2026-06-25 01:20:07,
TR102349,IZM,West Çeviköz,24.3,iade,2026-03-10 09:53:27,
TR102350,ANT,Ayyarukport,0.63,iade,2026-07-09 03:14:47,
TR102351,IST,Erdoğanmouth,11.57,teslim,2026-06-04 18:19:34,2026-06-08 18:19:34
TR102352,BUR,Akarberg,13.33,yolda,2026-03-04 03:26:00,
TR102353,ANK,North Ezginstad,16.74,teslim,2026-03-24 17:08:40,2026-03-25 17:08:40
TR102354,ANK,İhsanoğluchester,,yolda,2026-07-19 22:23:04,
TR102355,BUR,Ögefort,14.67,teslim,2026-06-12 08:06:20,2026-06-15 08:06:20
TR102356,BUR,South Asaletville,19.84,teslim,2026-05-09 14:42:31,2026-05-14 14:42:31
TR102357,ANT,East Alize,17.21,iade,2026-06-08 12:32:32,
TR102358,ANT,Feyzinfort,25.65,yolda,2026-04-19 04:53:05,
TR102359,IST,Lake Ömürchester,11.8,iade,2026-06-02 01:23:42,
TR102360,ANT,South Argu,29.13,yolda,2026-04-15 21:58:13,
TR102361,IZM,Lake Subutiyeberg,23.02,iade,2026-05-30 10:19:45,
TR102362,IZM,Akçaberg,1.94,yolda,2026-04-21 13:28:57,
TR102363,IST,New Melûl,3.93,iade,2026-04-18 19:50:24,
TR102364,IZM,North Cezayirfurt,24.31,yolda,2026-03-13 18:18:59,
TR102365,IST,New Karcanchester,22.98,iade,2026-06-13 12:13:41,
TR102366,IZM,Eraslanport,11.48,iade,2026-03-15 11:17:30,
TR102367,IZM,Zenginport,29.76,yolda,2026-07-23 12:04:13,
TR102368,IZM,North Ruhugülshire,1.79,yolda,2026-06-18 22:10:39,
TR102369,ANK,istanbul,19.48,teslim,2026-05-23 19:40:39,2026-05-25 19:40:39
TR102370,IST,Abidburgh,27.32,iade,2026-06-13 15:03:18,
TR102371,IZM,North Berksaychester,3.52,teslim,2026-07-20 00:53:48,2026-07-27 00:53:48
TR102372,ANT,Şensoyport,9.85,teslim,2026-08-01 22:42:15,2026-08-02 22:42:15
TR102373,BUR,East Çamok,17.08,yolda,2026-06-26 10:26:42,
TR102374,IZM,East Doğannur,0.71,yolda,2026-03-23 11:04:41,
TR102375,ANT,South Laikaborough,0.76,yolda,2026-03-21 17:55:14,
TR102376,BUR,North Kahir,17.15,yolda,2026-03-23 03:58:33,
TR102377,ANT,İkizmouth,3.02,yolda,2026-03-25 14:12:00,
TR102378,IST,Port Rumeysaburgh,20.76,yolda,2026-09-09 13:44:01,
TR102379,BUR,Canalfurt,15.13,teslim,2026-02-10 01:35:06,2026-02-13 01:35:06
TR102380,IZM,Başokmouth,5.08,iade,2026-02-27 11:49:13,
TR102381,IZM,South Dilsitan,29.09,yolda,2026-01-21 14:13:01,
TR102382,IST,North Rüknettintown,25.23,teslim,2026-02-18 05:18:47,2026-02-22 05:18:47
TR102383,ANK,North Maksurhaven,8.69,iade,2026-08-24 06:29:20,
TR102384,ANT,Tevetoğluhaven,12.12,teslim,2026-01-12 21:23:24,2026-01-15 21:23:24
TR102385,IST,Güçlümouth,21.56,teslim,2026-04-23 07:28:23,2026-04-28 07:28:23
TR102386,IST,Şamastad,17.8,iade,2026-09-01 18:51:18,
TR102387,IST,Nihaistad,17.04,yolda,2026-05-23 07:25:02,
TR102388,BUR,Mansızton,12.87,iade,2026-06-13 19:43:33,
TR102389,IST,Denizalptown,19.58,yolda,2026-05-28 08:08:12,
TR102390,ANT,Gülberg,24.14,yolda,2026-07-06 12:30:00,
TR102391,ANT,Port Gülsevilview,9.47,yolda,2026-01-20 01:03:46,
TR102392,BUR,Aysunafort,7.61,yolda,2026-04-16 14:14:33,
TR102393,BUR,Ülkerborough,20.18,iade,2026-07-29 01:03:00,
TR102394,ANK,Akkermanstad,26.44,iade,2026-01-11 06:52:09,
TR102395,ANT,Ticenmouth,25.9,iade,2026-01-27 20:09:52,
TR102396,BUR,Gülenland,6.47,iade,2026-04-10 18:37:41,
TR102397,BUR,Akçafort,8.11,iade,2026-05-25 08:24:42,
TR102398,ANT,Arslanborough,24.29,iade,2026-02-18 02:01:08,
TR102399,ANT,East Ervaniyeland,21.83,yolda,2026-03-06 16:03:54,
TR102400,ANK,Aksumouth,10.99,teslim,2026-05-07 02:28:25,2026-05-12 02:28:25
TR102401,ANK,Ülkerside,22.42,teslim,2026-02-23 23:54:25,2026-02-25 23:54:25
TR102402,BUR,East Hasbek,12.37,yolda,2026-04-13 15:04:10,
TR102403,ANK,South Ümraytown,25.39,teslim,2026-02-13 19:16:07,2026-02-19 19:16:07
TR102404,IZM,Çıvgınview,19.42,yolda,2026-03-13 07:12:17,
TR102405,ANT,Subutiyefort,7.16,yolda,2026-04-05 15:45:26,
TR102406,ANK,New Revza,5.84,teslim,2026-02-26 21:03:41,2026-02-27 21:03:41
TR102407,IZM,Port Yepelekmouth,13.98,teslim,2026-07-20 03:05:31,2026-07-27 03:05:31
TR102408,BUR,Lake Uzbayfurt,12.72,iade,2026-04-06 23:43:44,
TR102409,ANK,Sezginbury,8.25,teslim,2026-06-07 06:56:39,2026-06-09 06:56:39
TR102410,IZM,Ekberport,19.79,teslim,2026-04-06 21:20:55,2026-04-09 21:20:55
TR102411,IST,North Uraltayshire,28.92,teslim,2026-02-13 02:56:38,2026-02-19 02:56:38
TR102412,IST,New Zahidberg,1.75,yolda,2026-03-24 03:26:54,
TR102413,ANT,Durdutown,9.01,teslim,2026-05-11 18:32:43,2026-05-14 18:32:43
TR102414,IZM,New Günarborough,20.18,teslim,2026-05-10 18:33:35,2026-05-14 18:33:35
TR102415,ANK,Hayrioğlustad,7.16,teslim,2026-06-09 19:28:56,2026-06-13 19:28:56
TR102416,ANT,North Özgür,27.99,iade,2026-02-28 02:58:25,
TR102417,ANT,Hayrioğluberg,28.5,iade,2026-01-13 15:20:49,
TR102418,IZM,South Tutkucan,14.94,iade,2026-05-05 08:17:59,
TR102419,ANT,New Semender,3.76,teslim,2026-07-06 01:55:25,2026-07-08 01:55:25
TR102420,IZM,New Timurtaşport,24.99,yolda,2026-03-07 17:19:02,
TR102421,BUR,West Çisemshire,24.19,iade,2026-07-24 04:12:22,
TR102422,ANK,South Sidki,28.07,iade,2026-07-14 19:37:19,
TR102423,IST,Port Türabiberg,5.34,teslim,2026-06-05 08:52:58,2026-06-07 08:52:58
TR102424,BUR,Lake Şirivan,12.31,yolda,2026-04-01 20:45:36,
TR102425,IST,Port Durgadin,14.76,iade,2026-01-30 11:39:26,
TR102426,IST,Seyhanburgh,9.56,yolda,2026-06-11 05:37:04,
TR102427,BUR,Şamachester,20.51,yolda,2026-01-18 10:42:42,
TR102428,ANK,Özbilekfurt,10.95,yolda,2026-07-12 22:18:47,
TR102429,IZM,Selviborough,24.66,iade,2026-02-06 23:08:41,
TR102430,ANT,Sakaryaberg,1.14,teslim,2026-08-10 21:31:39,2026-08-16 21:31:39
TR102431,IST,Port Özbilgeport,20.75,iade,2026-05-15 16:11:00,
TR102432,ANK,New Evcimen,7.66,iade,2026-07-06 18:12:57,
TR102433,IZM,Arslanberg,0.0,yolda,2026-06-30 16:21:31,
TR102434,IZM,Port Kiramettin,27.1,iade,2026-04-01 12:52:04,
TR102435,IST,Şadımanshire,16.09,iade,2026-01-13 14:49:30,
TR102436,BUR,South Şinasi,11.72,teslim,2026-02-18 15:55:35,2026-02-25 15:55:35
TR102437,IZM,North Yasanfort,9.1,yolda,2026-03-16 09:39:18,
TR102438,ANK,North Gökperimouth,25.8,teslim,2026-03-20 20:00:13,2026-03-23 20:00:13
TR102439,IZM,Mançofurt,26.4,teslim,2026-08-28 12:31:18,2026-09-01 12:31:18
TR102440,BUR,North Nuralfurt,23.7,iade,2026-04-15 05:16:43,
TR102441,IST,Vezrifeburgh,24.71,yolda,2026-07-18 20:01:38,
TR102442,BUR,Port Belkizefurt,22.13,yolda,2026-06-04 20:25:16,
TR102443,BUR,Arsoytown,26.32,yolda,2026-04-26 22:54:11,
TR102444,ANK,North Erbilfort,20.98,teslim,2026-02-25 16:11:18,2026-03-04 16:11:18
TR102445,IST,North Miyesser,10.62,iade,2026-07-27 00:54:15,
TR102446,ANT,Aslanville,22.16,iade,2026-08-20 14:16:56,
TR102447,IST,South Dilfeza,22.88,yolda,2026-08-28 07:44:12,
TR102448,ANK,Mahigülberg,18.94,iade,2026-06-27 11:40:30,
TR102449,ANK,Başhanside,0.19,iade,2026-02-17 16:33:48,
TR102450,IZM,Alemdartown,9.48,teslim,2026-03-22 21:00:07,2026-03-28 21:00:07
TR102451,ANK,Erdoğanhaven,7.56,teslim,2026-06-12 00:09:13,2026-06-13 00:09:13
TR102452,ANK,Port Kıvılcımville,25.42,iade,2026-08-25 03:42:13,
TR102453,BUR,North Hürmet,23.8,iade,2026-03-21 05:36:57,
TR102454,BUR,Erdemerton,14.4,yolda,2026-07-02 18:12:59,
TR102455,ANK,Lake Güneri,7.89,iade,2026-03-01 02:21:21,
TR102456,ANT,Arifcanland,24.82,iade,2026-02-13 04:15:15,
TR102457,ANK,Yuntside,2.62,yolda,2026-02-27 12:09:06,
TR102458,ANK,Akçatown,11.87,yolda,2026-03-17 17:09:41,
TR102459,ANT,Aydınbeyhaven,6.81,yolda,2026-04-16 12:22:23,
TR102460,ANT,Yamanshire,18.84,teslim,2026-05-04 00:21:37,2026-05-09 00:21:37
TR102461,ANK,Gülerstad,7.93,teslim,2026-07-19 12:57:44,2026-07-23 12:57:44
TR102462,BUR,Lake Demiriz,18.58,teslim,2026-09-02 11:38:15,2026-09-03 11:38:15
TR102463,IZM,North Karataş,4.56,iade,2026-01-27 10:40:10,
TR102464,ANK,Melihcanberg,28.42,yolda,2026-03-06 02:08:20,
TR102465,ANT,New Yekda,13.11,teslim,2026-08-31 22:05:46,2026-09-01 22:05:46
TR102466,BUR,Lake Oguş,3.64,yolda,2026-04-27 19:13:09,
TR102467,ANK,New Oymakview,5.8,iade,2026-06-22 23:10:08,
TR102468,IZM,South Azize,22.42,yolda,2026-06-07 08:10:22,
TR102469,ANK,Temimechester,13.0,yolda,2026-02-11 09:41:17,
TR102470,ANK,North Rahiye,29.86,teslim,2026-03-06 16:50:03,2026-03-11 16:50:03
TR102471,ANK,Lake Zülgarni,-0.5,yolda,2026-04-24 16:41:27,
TR102472,ANK,South Gökten,0.96,yolda,2026-08-16 23:13:46,
TR102473,ANK,Kısakürektown,18.57,yolda,2026-05-12 22:23:45,
TR102474,ANT,North Salami,20.56,teslim,2026-09-01 11:43:52,2026-09-04 11:43:52
TR102475,IST,Lake Hazinechester,0.41,yolda,2026-02-27 11:15:28,
TR102476,IZM,Safuraland,29.23,teslim,2026-02-04 16:29:22,2026-02-11 16:29:22
TR102477,ANK,Sançarberg,21.43,yolda,2026-05-30 23:25:35,
TR102478,BUR,Adıgünville,22.11,iade,2026-04-07 17:59:26,
TR102479,IST,South Dirican,2.95,yolda,2026-06-05 13:03:08,
TR102480,IZM,New Şamiha,27.94,teslim,2026-02-27 00:50:23,2026-02-28 00:50:23
TR102481,IZM,Sakaryahaven,29.9,yolda,2026-05-09 02:57:10,
TR102482,ANT,Hinetview,21.32,iade,2026-05-25 13:41:22,
TR102483,IZM,North Hasbekmouth,15.19,teslim,2026-09-02 23:42:22,2026-09-03 23:42:22
TR102484,IZM,West Ticen,29.33,yolda,2026-06-10 08:41:50,
TR102485,IZM,Güçlüshire,4.05,iade,2026-08-04 13:20:26,
TR102486,IST,Adlanhaven,17.46,iade,2026-02-28 14:45:46,
TR102487,ANK,East Çelikkan,15.16,yolda,2026-03-11 10:59:15,
TR102488,BUR,Babastad,4.04,yolda,2026-08-18 11:45:13,
TR102489,ANT,Demirelmouth,13.04,yolda,2026-04-16 19:35:33,
TR102490,IST,Ergülmouth,9.47,yolda,2026-03-22 04:21:42,
TR102491,IZM,Savakchester,22.46,teslim,2026-07-24 02:49:11,2026-07-28 02:49:11
TR102492,IZM,West Ruhide,27.09,yolda,2026-07-31 05:59:52,
TR102493,ANT,Üstünmouth,24.9,yolda,2026-02-12 20:03:52,
TR102494,ANT,North Şefiyebury,9.46,yolda,2026-02-14 01:52:30,
TR102495,BUR,New Barsen,22.93,teslim,2026-02-15 10:25:56,2026-02-18 10:25:56
TR102496,BUR,Hüdafort,1.69,teslim,2026-02-11 22:05:39,2026-02-16 22:05:39
TR102497,ANK,Tarhanhaven,5.58,teslim,2026-01-14 05:23:07,2026-01-15 05:23:07
TR102498,IZM,Soyluhaven,4.99,yolda,2026-03-04 01:18:30,
TR102499,BUR,İstanbul,3.57,yolda,2026-08-04 20:07:07,
TR102500,IST,Sezerside,13.3,yolda,2026-01-12 21:39:14,
TR102501,ANT,Lake Sidar,14.61,iade,2026-05-24 01:54:07,
TR102502,IST,New Ayhanburgh,25.39,yolda,2026-08-03 04:03:32,
TR102503,IZM,East Biltaş,2.9,teslim,2026-08-01 09:13:49,2026-08-02 09:13:49
TR102504,ANK,New Yaltırak,25.07,yolda,2026-06-01 14:51:59,
TR102505,ANT,Soylufurt,24.69,iade,2026-01-29 20:11:14,
TR102506,ANT,Ecemişmouth,6.45,iade,2026-03-17 06:43:46,
TR102507,ANT,West Sühafort,5.5,teslim,2026-04-17 01:41:04,2026-04-22 01:41:04
TR102508,BUR,Mecittown,20.34,teslim,2026-05-04 01:44:31,2026-05-06 01:44:31
TR102509,IST,Bilirport,8.6,yolda,2026-08-18 23:41:42,
TR102510,IST,South Nurmelekfort,11.89,iade,2026-07-29 06:46:57,
TR102511,IST,Abdürreşitmouth,25.13,iade,2026-02-01 09:36:44,
TR102512,IST,Yalınville,13.86,teslim,2026-05-17 16:01:43,2026-05-18 16:01:43
TR102513,BUR,İncifirburgh,13.68,iade,2026-01-12 01:44:47,
TR102514,ANT,Adasalville,19.77,yolda,2026-06-15 05:15:00,
TR102515,IST,Akarland,19.72,yolda,2026-06-26 09:05:11,
TR102516,IZM,South Erdogan,28.43,yolda,2026-08-03 13:14:28,
TR102517,ANT,East Sevgenview,3.97,iade,2026-07-18 08:42:52,
TR102518,IZM,Gülenstad,9.76,teslim,2026-04-07 21:03:51,2026-04-14 21:03:51
TR102519,IST,Abiyeburgh,16.46,teslim,2026-05-06 07:14:30,2026-05-12 07:14:30
TR102520,BUR,Duracanmouth,,iade,2026-08-06 09:34:10,
TR102521,ANK,East Yalın,7.28,yolda,2026-06-29 16:48:18,
TR102522,IST,West Özayborough,0.71,yolda,2026-06-27 14:30:20,
TR102523,BUR,West Atagün,23.41,teslim,2026-02-22 01:10:56,2026-02-24 01:10:56
TR102524,ANK,Sevenmouth,3.71,yolda,2026-03-02 23:41:41,
TR102525,BUR,Lake Korkmazalp,22.1,yolda,2026-01-22 08:17:53,
TR102526,ANT,Emrullahchester,4.03,yolda,2026-07-15 05:03:24,
TR102527,IST,Sezginberg,24.98,iade,2026-07-19 00:08:47,
TR102528,ANK,Zorlufurt,14.74,iade,2026-05-16 05:52:36,
TR102529,BUR,North Akınalberg,8.13,yolda,2026-03-02 02:36:19,
TR102530,BUR,Evrimtown,2.8,iade,2026-03-11 11:27:37,
TR102531,IZM,Lake Utkucanchester,18.45,yolda,2026-04-11 22:05:22,
TR102532,BUR,South Cuheynaport,2.88,yolda,2026-08-29 22:57:23,
TR102533,IZM,Çorluchester,29.2,iade,2026-04-29 16:12:58,
TR102534,ANK,Lake Fitnat,19.46,iade,2026-04-16 06:52:33,
TR102535,ANK,West Efser,27.93,iade,2026-03-23 15:22:03,
TR102536,ANT,Lake Acarkan,2.61,iade,2026-04-22 09:59:17,
TR102537,BUR,Demirelville,2.47,yolda,2026-03-28 03:02:31,
TR102538,IZM,East Mücevher,4.54,yolda,2026-07-24 03:47:44,
TR102539,IZM,North Erseç,25.26,teslim,2026-03-08 19:55:53,2026-03-14 19:55:53
TR102540,BUR,West Kayıtberg,8.93,iade,2026-06-14 21:56:02,
TR102541,IST,New Koruganland,27.53,teslim,2026-06-24 15:08:08,2026-06-29 15:08:08
TR102542,IST,Sevenhaven,15.37,iade,2026-01-29 20:38:32,
TR102543,IST,East Ulakbey,13.99,yolda,2026-05-09 01:59:13,
TR102544,ANT,Yorulmazhaven,24.4,iade,2026-06-24 13:01:07,
TR102545,IZM,West Durukview,17.61,yolda,2026-06-24 22:18:40,
TR102546,IST,Vâlâchester,3.51,iade,2026-05-31 06:28:45,
TR102547,BUR,Ayparburgh,5.47,iade,2026-04-15 23:37:06,
TR102548,BUR,North Sezenmouth,-1.2,teslim,2026-01-25 22:49:05,2026-02-01 22:49:05
TR102549,IZM,ISTANBUL,9.49,yolda,2026-04-02 09:28:40,
TR102550,BUR,South Kanpulatview,22.74,iade,2026-09-02 14:53:49,
TR102551,ANT,Türkmenport,24.25,yolda,2026-07-19 20:49:28,
TR102552,ANK,Lake Akbaşside,6.41,yolda,2026-02-22 09:13:33,
TR102553,ANT,Yertanstad,7.85,teslim,2026-03-01 16:15:47,2026-03-07 16:15:47
TR102554,IST,Nesipview,13.07,iade,2026-08-26 18:45:10,
TR102555,BUR,Çorluville,3.59,teslim,2026-04-01 15:21:22,2026-04-02 15:21:22
TR102556,BUR,North Miyesserborough,13.86,teslim,2026-03-01 17:54:57,2026-03-07 17:54:57
TR102557,ANT,İhsanoğluville,21.8,yolda,2026-03-25 23:55:06,
TR102558,ANT,Taciddinfort,24.41,yolda,2026-02-08 03:37:56,
TR102559,IZM,North Erik,20.75,iade,2026-03-29 12:28:19,
TR102560,BUR,Durmuşview,24.16,iade,2026-03-25 12:32:24,
TR102561,ANK,Yücelenmouth,0.51,teslim,2026-08-15 16:30:27,2026-08-17 16:30:27
TR102562,IST,Erdoğanfort,20.91,teslim,2026-02-24 16:13:15,2026-03-03 16:13:15
TR102563,IST,East Nataliaview,6.36,teslim,2026-06-21 19:06:20,2026-06-28 19:06:20
TR102564,ANK,Aydinçshire,19.53,iade,2026-03-01 03:27:29,
TR102565,ANT,Lake Özokçu,5.81,yolda,2026-02-02 16:20:21,
TR102566,BUR,East Altınbikehaven,4.53,yolda,2026-07-21 07:40:46,
TR102567,IST,Gülenview,3.58,yolda,2026-06-08 06:14:43,
TR102568,BUR,North Günaydin,28.92,teslim,2026-03-31 10:22:51,2026-04-06 10:22:51
TR102569,IST,New Zehranur,25.81,yolda,2026-08-20 04:10:45,
TR102570,ANK,Zorluhaven,6.12,iade,2026-01-13 12:17:50,
TR102571,BUR,Mihinport,1.62,iade,2026-04-20 14:13:02,
TR102572,BUR,East Muhipton,29.39,teslim,2026-04-24 08:26:30,2026-04-25 08:26:30
TR102573,ANT,West Aslanhan,17.92,yolda,2026-08-05 06:53:51,
TR102574,IZM,Ertenview,1.21,iade,2026-03-08 14:27:49,
TR102575,BUR,Port Mahir,15.45,yolda,2026-01-30 01:54:17,
TR102576,ANT,North Selcenstad,28.06,iade,2026-08-05 16:29:23,
TR102577,ANK,Toyland,21.46,teslim,2026-09-02 02:11:58,2026-08-31 02:11:58
TR102578,IST,İmrihanberg,12.72,iade,2026-08-11 09:19:07,
TR102579,ANT,Toyton,2.0,yolda,2026-06-17 15:44:07,
TR102580,BUR,Port Yasanbury,26.69,iade,2026-09-10 04:01:48,
TR102581,ANT,West Akgöl,28.18,teslim,2026-04-28 16:36:06,2026-05-02 16:36:06
TR102582,BUR,Lake Vildanefurt,20.96,yolda,2026-08-06 18:31:46,
TR102583,IZM,Port Arıpınar,21.81,teslim,2026-04-20 00:20:04,2026-04-22 00:20:04
TR102584,IZM,Safetborough,13.2,yolda,2026-04-05 18:12:31,
TR102585,ANK,Mançomouth,17.67,iade,2026-08-23 23:12:12,
TR102586,IZM,Arsoyberg,27.66,iade,2026-04-10 01:31:12,
TR102587,BUR,South Işımanmouth,4.02,iade,2026-07-15 02:22:18,
TR102588,BUR,East Limon,28.8,yolda,2026-03-22 22:17:24,
TR102589,IZM,Lake Seler,23.9,iade,2026-07-19 13:39:59,
TR102590,ANK,Günserburgh,8.55,teslim,2026-01-18 05:52:44,2026-01-23 05:52:44
TR102591,IST,North Feremez,20.04,iade,2026-06-12 03:53:21,
TR102592,ANK,Yükselmouth,4.77,teslim,2026-02-07 01:14:46,2026-02-09 01:14:46
TR102593,IST,Lake Gülkadınberg,23.83,yolda,2026-06-15 09:18:57,
TR102594,IZM,South Ögetown,7.12,yolda,2026-01-14 15:34:51,
TR102595,IST,Port Satıaton,29.98,iade,2026-02-21 19:18:33,
TR102596,IZM,Port Börteçin,10.78,yolda,2026-03-02 09:42:06,
TR102597,ANT,Lake Naz,1.06,teslim,2026-04-24 00:26:35,2026-04-26 00:26:35
TR102598,BUR,Port Dolunside,3.51,teslim,2026-01-15 07:30:14,2026-01-18 07:30:14
TR102599,ANT,East Eşreffort,6.8,teslim,2026-05-21 11:43:35,2026-05-22 11:43:35
TR102600,IZM,Alemdarburgh,23.57,yolda,2026-08-16 15:51:27,
TR102601,ANT,Cevaleberg,8.1,teslim,2026-05-09 10:44:22,2026-05-16 10:44:22
TR102602,ANT,New Yeşilview,18.17,teslim,2026-04-14 18:10:01,2026-04-21 18:10:01
TR102603,IST,North Ayaydınville,27.81,teslim,2026-08-09 04:32:36,2026-08-15 04:32:36
TR102604,BUR,Dikenhaven,28.88,yolda,2026-08-09 14:08:10,
TR102605,ANT,North Muhyettin,18.33,teslim,2026-06-20 08:26:15,2026-06-21 08:26:15
TR102606,ANT,South Ömür,1.35,teslim,2026-01-19 09:24:29,2026-01-26 09:24:29
TR102607,IST,Sevcanport,26.14,teslim,2026-03-08 07:21:09,2026-03-10 07:21:09
TR102608,ANK,Tarhanville,21.88,yolda,2026-04-07 19:05:56,
TR102609,BUR,North Muhyettin,22.88,iade,2026-07-20 01:48:14,
TR102610,IST,Yazganalpland,4.71,yolda,2026-02-18 13:57:16,
TR102611,IZM,Emirşanstad,24.59,yolda,2026-09-06 04:24:49,
TR102612,ANK,New Gökayburgh,13.23,teslim,2026-02-12 00:08:14,2026-02-19 00:08:14
TR102613,IST,Nazburgh,7.43,yolda,2026-06-25 12:48:36,
TR102614,IZM,Lake Verde,8.67,yolda,2026-06-24 05:16:13,
TR102615,IZM,,11.24,teslim,2026-05-07 04:28:54,2026-05-08 04:28:54
TR102616,IZM,Ülkerstad,18.92,yolda,2026-04-25 08:28:34,
TR102617,ANT,Port Abdulmenafberg,12.71,teslim,2026-04-23 03:25:12,2026-04-25 03:25:12
TR102618,BUR,Galipfurt,12.46,teslim,2026-03-08 00:00:47,2026-03-10 00:00:47
TR102619,BUR,Alemdarland,28.56,yolda,2026-07-02 13:12:24,
TR102620,IZM,Gülview,28.32,iade,2026-02-23 00:28:08,
TR102621,ANK,West Erikburgh,23.13,yolda,2026-03-07 06:06:20,
TR102622,ANT,Tezcanfort,28.31,iade,2026-06-08 14:19:34,
TR102623,IZM,Sezerchester,12.11,teslim,2026-06-23 16:06:18,2026-06-26 16:06:18
TR102624,IST,Eyyüpbury,11.86,teslim,2026-08-31 18:21:22,2026-09-04 18:21:22
TR102625,ANK,Durmuşfort,27.09,teslim,2026-06-07 21:14:56,2026-06-13 21:14:56
TR102626,ANT,Duranside,29.18,teslim,2026-08-07 07:11:31,2026-08-13 07:11:31
TR102627,BUR,Çorlushire,26.58,yolda,2026-04-09 10:31:35,
TR102628,ANT,Lake Cangür,26.22,iade,2026-06-22 21:32:41,
TR102629,IZM,Abdulsemetborough,27.29,iade,2026-04-11 09:51:43,
TR102630,IZM,Jaruthipfort,27.02,teslim,2026-01-16 17:35:48,2026-01-23 17:35:48
TR102631,ANK,North Velitdinstad,21.04,iade,2026-03-02 22:52:40,
TR102632,ANK,Banüberg,26.64,yolda,2026-03-05 04:31:59,
TR102633,ANT,Yükselborough,19.6,iade,2026-08-12 06:03:36,
TR102634,IZM,Lake Evrimerville,26.64,iade,2026-04-07 07:00:29,
TR102635,BUR,Gültown,23.28,iade,2026-03-06 15:16:27,
TR102636,IST,Bahittinville,1.21,yolda,2026-06-24 00:16:34,
TR102637,BUR,South Müretburgh,21.78,yolda,2026-08-23 22:40:29,
TR102638,ANK,West Fazul,15.66,iade,2026-01-21 19:03:19,
TR102639,IZM,North Akar,6.49,iade,2026-02-09 17:58:29,
TR102640,ANT,Mançoburgh,9.44,iade,2026-08-19 02:52:31,
TR102641,ANK,Lake Gülmisal,0.8,yolda,2026-07-11 12:13:42,
TR102642,ANT,Sevenmouth,7.83,iade,2026-05-06 09:19:04,
TR102643,BUR,West Dölensoyberg,29.61,yolda,2026-07-01 11:50:17,
TR102644,IST,New Heyvetullahhaven,25.26,teslim,2026-02-02 08:57:06,2026-02-08 08:57:06
TR102645,ANT,South Şekimmouth,10.7,yolda,2026-03-13 08:15:46,
TR102646,IST,Mahnazhaven,13.52,teslim,2026-08-13 06:48:41,2026-08-20 06:48:41
TR102647,IST,South Gücal,13.65,iade,2026-05-08 22:08:49,
TR102648,ANT,New Çağverenberg,17.01,teslim,2026-04-25 15:19:14,2026-05-02 15:19:14
TR102649,ANT,Mansızton,25.35,iade,2026-04-02 08:25:18,
TR102650,IZM,Akçayside,8.61,teslim,2026-04-05 02:03:34,2026-04-08 02:03:34
TR102651,ANT,,20.21,iade,2026-09-02 01:29:23,
TR102652,BUR,Senihafurt,15.64,iade,2026-07-14 11:32:45,
TR102653,IZM,North Zoral,15.54,teslim,2026-06-06 19:56:30,2026-06-07 19:56:30
TR102654,IZM,West Duracan,13.68,teslim,2026-06-23 19:44:18,2026-06-30 19:44:18
TR102655,BUR,West Necilalmouth,24.87,teslim,2026-02-19 14:46:58,2026-02-25 14:46:58
TR102656,IST,West Günser,12.8,teslim,2026-01-20 23:08:17,2026-01-21 23:08:17
TR102657,ANK,North Mansuralitown,13.44,teslim,2026-08-08 09:28:57,2026-08-12 09:28:57
TR102658,ANT,New Kuddusi,12.14,yolda,2026-05-10 02:54:43,
TR102659,ANT,West Cabir,23.39,iade,2026-01-22 15:23:03,
TR102660,ANT,New Dilcanton,15.01,yolda,2026-08-19 11:37:59,
TR102661,BUR,Cihandideport,20.7,yolda,2026-01-28 17:33:07,
TR102662,BUR,Selvifurt,24.73,yolda,2026-01-13 08:43:52,
TR102663,ANK, Istanbul ,14.59,teslim,2026-07-23 08:03:20,2026-07-28 08:03:20
TR102664,ANK,Lake Tasvir,29.04,yolda,2026-05-28 06:20:52,
TR102665,ANT,Ğanimhaven,3.63,iade,2026-02-16 21:20:59,
TR102666,BUR,North Muarra,1.07,teslim,2026-02-18 07:07:08,2026-02-22 07:07:08
TR102667,IZM,Zenginton,27.66,teslim,2026-06-07 11:14:36,2026-06-12 11:14:36
TR102668,BUR,East Tüzenur,3.4,teslim,2026-05-02 17:48:45,2026-05-07 17:48:45
TR102669,ANT,Lake Cindorukbury,8.76,yolda,2026-07-08 22:10:00,
TR102670,ANK,Port İhsan,3.62,iade,2026-04-03 19:40:53,
TR102671,IZM,Ayduruberg,9.17,yolda,2026-03-13 14:46:15,
TR102672,IST,Yeneralchester,23.76,yolda,2026-05-21 17:36:21,
TR102673,ANT,Yükselborough,12.71,teslim,2026-01-25 14:39:04,2026-02-01 14:39:04
TR102674,IZM,East Laikafort,6.55,yolda,2026-09-04 02:55:30,
TR102675,BUR,East Tatuside,0.16,iade,2026-02-16 21:35:38,
TR102676,IZM,Sakaryamouth,2.12,iade,2026-02-12 22:09:56,
TR102677,BUR,West Güneri,17.23,teslim,2026-05-11 21:46:26,2026-05-15 21:46:26
TR102678,BUR,Mehrigülstad,27.02,iade,2026-02-05 13:01:05,
TR102679,BUR,North Hıfzullahmouth,25.05,yolda,2026-05-27 07:20:12,
TR102680,ANK,Eraslanmouth,22.88,iade,2026-04-20 05:55:01,
TR102681,BUR,New Dursadiyeton,22.87,iade,2026-03-05 14:46:01,
TR102682,BUR,Öğetchester,4.55,iade,2026-05-31 05:30:34,
TR102683,IZM,South Yıldır,2.77,iade,2026-09-07 17:34:21,
TR102684,ANT,Çakırcaland,12.35,iade,2026-07-28 02:21:24,
TR102685,IZM,Eraslanton,16.28,teslim,2026-06-19 12:57:11,2026-06-23 12:57:11
TR102686,BUR,Lake Oganerside,22.1,iade,2026-09-08 02:14:34,
TR102687,IST,Port Dirican,25.99,iade,2026-01-13 03:44:15,
TR102688,IST,Aksushire,17.2,iade,2026-05-02 22:51:25,
TR102689,IZM,East Öryürekmouth,16.88,iade,2026-06-14 03:16:01,
TR102690,ANT,Beriyemouth,2.65,teslim,2026-02-15 09:12:58,2026-02-21 09:12:58
TR102691,ANT,Sakaryaland,17.35,iade,2026-08-05 21:20:39,
TR102692,ANT,South Akmaralborough,5.76,teslim,2026-03-21 01:58:24,2026-03-26 01:58:24
TR102693,ANT,Bedimouth,26.92,yolda,2026-06-15 00:08:45,
TR102694,ANT,Bilirfort,5.47,teslim,2026-05-23 01:19:21,2026-05-29 01:19:21
TR102695,ANK,Ayülkerton,7.43,teslim,2026-02-23 11:18:12,2026-02-26 11:18:12
TR102696,ANT,South Feyruz,13.38,iade,2026-08-09 18:13:44,
TR102697,ANT,Lerzeton,9.68,iade,2026-04-02 23:23:23,
TR102698,IST,Yorulmazstad,14.8,iade,2026-08-31 12:09:05,
TR102699,BUR,Bilirton,5.5,teslim,2026-06-26 02:37:01,2026-06-29 02:37:01
TR102700,ANT,Port Umuşanchester,9.59,teslim,2026-04-02 04:57:37,2026-04-09 04:57:37
TR102701,IST,Ruhideburgh,3.53,yolda,2026-04-24 20:52:14,
TR102702,ANK,North Sargın,8.63,teslim,2026-02-11 12:49:52,2026-02-16 12:49:52
TR102703,IST,West Özpetekmouth,4.71,teslim,2026-06-16 09:12:56,2026-06-19 09:12:56
TR102704,ANK,Lake Rafih,1.86,yolda,2026-06-22 01:47:42,
TR102705,ANK,North Abiyemouth,0.91,yolda,2026-03-22 13:26:16,
TR102706,BUR,East Velitdin,3.05,teslim,2026-05-05 09:03:32,2026-05-08 09:03:32
TR102707,IZM,Güçlüside,7.81,teslim,2026-06-21 20:00:32,2026-06-25 20:00:32
TR102708,ANK,Ergülshire,7.26,teslim,2026-03-13 11:26:07,2026-03-14 11:26:07
TR102709,ANT,New Nafileborough,7.17,iade,2026-06-10 04:43:57,
TR102710,ANT,West Solma,11.61,iade,2026-02-09 06:56:01,
TR102711,IST,East Bahtinurberg,9.62,teslim,2026-05-12 23:50:24,2026-05-15 23:50:24
TR102712,BUR,Edgübaychester,2.06,iade,2026-07-23 00:52:29,
TR102713,ANK,South Ergenermouth,27.42,teslim,2026-04-22 03:12:09,2026-04-26 03:12:09
TR102714,ANT,North Mesturborough,28.91,teslim,2026-08-22 16:34:06,2026-08-25 16:34:06
TR102715,IST,New Çağveren,7.46,iade,2026-06-22 06:01:44,
TR102716,ANK,Lütfiborough,9.21,iade,2026-04-04 00:14:57,
TR102717,BUR,West Yurdanurtown,2.61,yolda,2026-08-22 02:12:32,
TR102718,ANT,Fadılaville,6.18,iade,2026-05-07 08:01:49,
TR102719,ANT,Sevenchester,29.56,teslim,2026-07-22 21:56:19,2026-07-25 21:56:19
TR102720,BUR,Haliyechester,28.84,teslim,2026-05-26 16:03:20,2026-05-31 16:03:20
TR102721,BUR,Edgübayburgh,1.35,iade,2026-08-01 06:00:00,
TR102722,ANT,Arsoyburgh,8.75,yolda,2026-07-07 06:14:58,
TR102723,IST,New Algış,28.01,teslim,2026-08-12 17:44:26,2026-08-13 17:44:26
TR102724,IZM,Seyhanchester,17.98,yolda,2026-06-07 06:07:54,
TR102725,BUR,North Dincerland,29.98,iade,2026-04-30 01:46:11,
TR102726,ANK,Sakaryafort,17.6,iade,2026-01-16 10:48:35,
TR102727,IZM,Lake Atanurhaven,1.46,iade,2026-09-09 08:10:50,
TR102728,ANT,Lake Sezalchester,16.94,iade,2026-08-23 19:11:36,
TR102729,IST,Port Ayşeana,11.92,yolda,2026-04-02 08:29:09,
TR102730,ANK,Demirborough,21.78,teslim,2026-08-12 06:52:33,2026-08-19 06:52:33
TR102731,BUR,West Benekchester,6.4,yolda,2026-07-11 10:27:10,
TR102732,IZM,West Muhiphaven,26.53,iade,2026-06-12 18:54:25,
TR102733,IZM,Sevlaview,29.39,yolda,2026-04-30 05:05:19,
TR102734,BUR,Tarhanbury,8.26,iade,2026-05-09 10:50:55,
TR102735,IZM,Türktown,10.31,iade,2026-01-11 16:27:18,
TR102736,ANT,Port Çaltı,9.92,yolda,2026-01-20 06:20:31,
TR102737,ANK,Tınalburgh,19.43,iade,2026-07-30 14:47:30,
TR102738,BUR,Yükselside,0.23,teslim,2026-08-20 06:52:38,2026-08-25 06:52:38
TR102739,ANK,New Satıa,12.45,teslim,2026-06-11 01:27:56,2026-06-17 01:27:56
TR102740,BUR,Port Melikkanchester,22.9,iade,2026-06-11 19:41:27,
TR102741,IST,Gülburgh,23.64,iade,2026-03-01 02:51:49,
TR102742,IST,Gözemburgh,16.21,iade,2026-06-15 15:02:43,
TR102743,BUR,North Özdeş,20.2,iade,2026-06-28 22:34:55,
TR102744,BUR,Lake Melahafurt,24.84,yolda,2026-02-28 03:11:14,
TR102745,BUR,West Köktaş,5.4,yolda,2026-04-21 03:13:27,
TR102746,IST,North Alsoytown,3.83,iade,2026-02-15 06:53:53,
TR102747,ANK,North Nurmelek,13.39,yolda,2026-08-28 11:33:02,
TR102748,IST,New Çoğaytown,22.78,teslim,2026-08-09 05:05:55,2026-08-15 05:05:55
TR102749,IZM,Şenerstad,5.83,iade,2026-03-01 18:29:58,
TR102750,IZM,Lake Mishat,24.27,iade,2026-03-23 12:31:26,
TR102751,BUR,New Okanay,29.02,teslim,2026-05-05 09:13:20,2026-05-07 09:13:20
TR102752,BUR,Seyhanton,27.14,teslim,2026-06-05 21:54:58,2026-06-08 21:54:58
TR102753,ANT,East Pesenttown,6.35,iade,2026-04-26 20:33:42,
TR102754,BUR,North Balcaville,3.42,teslim,2026-08-23 01:40:47,2026-08-30 01:40:47
TR102755,ANT,West Recepali,15.06,yolda,2026-02-20 15:43:50,
TR102756,ANK,North Emine.stad,19.83,teslim,2026-03-21 05:16:33,2026-03-26 05:16:33
TR102757,ANT,Sakaryafort,17.0,iade,2026-03-31 20:08:51,
TR102758,ANK,Erdoğanfort,22.4,teslim,2026-01-18 14:21:27,2026-01-23 14:21:27
TR102759,ANT,East Verdechester,25.68,teslim,2026-09-10 01:29:23,2026-09-13 01:29:23
TR102760,IZM,Revzamouth,5.84,iade,2026-06-04 19:19:41,
TR102761,IST,West Adıgün,29.76,iade,2026-03-13 15:17:55,
TR102762,ANT,North Uzbaystad,18.47,iade,2026-03-20 11:05:41,
TR102763,ANT,East Güldünyaview,26.5,iade,2026-07-17 00:04:52,
TR102764,IST,New Altoğan,25.63,teslim,2026-02-26 07:02:18,2026-03-02 07:02:18
TR102765,BUR,New Fügenberg,25.35,yolda,2026-08-06 05:09:32,
TR102766,IZM,Efserborough,3.74,yolda,2026-04-04 01:49:36,
TR102767,BUR,Eyyüpbury,14.92,iade,2026-01-21 12:38:29,
TR102768,IST,West Sargın,26.53,iade,2026-02-11 11:26:48,
TR102769,IZM,North Vedat,27.56,teslim,2026-07-16 02:18:25,2026-07-17 02:18:25
TR102770,BUR,Beseyfort,9.56,iade,2026-08-12 06:01:46,
TR102771,ANK,İhsanoğluborough,10.11,yolda,2026-06-28 10:05:46,
TR102772,IST,East Verde,29.71,iade,2026-04-17 04:44:27,
TR102773,BUR,Sakaryashire,28.74,teslim,2026-04-29 05:35:06,2026-05-05 05:35:06
TR102774,ANK,Güçalborough,9.94,teslim,2026-08-26 06:20:09,2026-08-28 06:20:09
TR102775,IST,Akgündüzmouth,0.93,teslim,2026-07-18 12:37:32,2026-07-24 12:37:32
TR102776,IST,Tevsville,17.82,yolda,2026-06-23 15:13:19,
TR102777,IZM,Şafakborough,-3.5,iade,2026-09-02 22:06:34,
TR102778,BUR,Çakırcaland,7.23,teslim,2026-08-18 07:51:02,2026-08-19 07:51:02
TR102779,IST,North Fitnat,24.67,yolda,2026-07-03 14:26:49,
TR102780,ANK,Arslanhaven,28.31,iade,2026-04-18 08:25:41,
TR102781,ANT,Yıldırımville,13.21,iade,2026-05-26 20:56:34,
TR102782,BUR,Adalburgh,17.41,teslim,2026-03-20 22:31:58,2026-03-26 22:31:58
TR102783,IST,North Melihcan,11.38,teslim,2026-05-29 00:07:28,2026-05-30 00:07:28
TR102784,IST,Fetullahmouth,23.5,iade,2026-06-03 09:49:44,
TR102785,BUR,West Vildanetown,1.74,teslim,2026-02-26 13:39:22,2026-03-05 13:39:22
TR102786,BUR,South Laze,2.07,iade,2026-05-17 18:59:19,
TR102787,IST,New Bekbay,16.82,iade,2026-05-14 22:52:18,
TR102788,BUR,Nazlihanborough,12.11,yolda,2026-06-08 19:40:17,
TR102789,BUR,North Kaver,7.07,iade,2026-08-02 20:08:43,
TR102790,ANT,New Seblâchester,0.42,iade,2026-04-28 01:18:12,
TR102791,BUR,Timurtaşborough,23.88,yolda,2026-06-28 02:06:49,
TR102792,ANT,Port Emalfort,3.13,iade,2026-03-27 15:01:32,
TR102793,IST,Şaliville,13.68,iade,2026-01-28 05:50:07,
TR102794,ANT,Aksumouth,5.86,yolda,2026-02-27 06:19:53,
TR102795,ANT,Yükselshire,21.43,teslim,2026-08-27 15:49:04,2026-08-28 15:49:04
TR102796,ANK,Aksayshire,27.14,iade,2026-01-18 07:56:33,
TR102797,ANT,Arslanberg,7.76,teslim,2026-01-11 21:01:01,2026-01-17 21:01:01
TR102798,BUR,New Gülmisalton,21.77,yolda,2026-06-15 12:10:21,
TR102799,ANK,North Bilginurville,7.37,yolda,2026-05-21 02:24:19,
TR102800,ANK,Sarıcabaymouth,9.42,teslim,2026-06-20 06:31:09,2026-06-21 06:31:09
TR102801,ANT,Çorluside,28.8,yolda,2026-05-24 09:01:17,
TR102802,IZM,Mansızton,17.55,yolda,2026-05-11 16:42:11,
TR102803,ANK,Zehranurmouth,4.51,iade,2026-06-11 19:46:54,
TR102804,ANT,Port Çakırcaville,10.35,yolda,2026-07-20 15:56:04,
TR102805,IST,North Afer,15.58,yolda,2026-01-21 10:41:22,
TR102806,ANK,West Vezrifechester,1.81,iade,2026-03-04 22:48:08,
TR102807,ANT,North Kaygusuz,25.78,iade,2026-04-07 23:21:26,
TR102808,IZM,Lake Aşirview,5.94,yolda,2026-06-02 07:54:37,
TR102809,ANK,North Tanbayland,23.58,teslim,2026-01-26 19:12:10,2026-02-01 19:12:10
TR102810,ANK,Vezrifefurt,20.07,yolda,2026-04-22 11:49:08,
TR102811,BUR,East Meyhanim,18.03,iade,2026-04-24 21:27:59,
TR102812,ANT,East Tezcanberg,17.03,yolda,2026-07-07 23:40:51,
TR102813,ANT,Şenermouth,9.06,yolda,2026-08-24 22:11:34,
TR102814,ANK,New Cedide,3.23,yolda,2026-02-26 14:18:20,
TR102815,ANK,Toközfort,27.61,teslim,2026-07-19 09:48:09,2026-07-23 09:48:09
TR102816,ANK,West Sulhiland,20.83,iade,2026-04-07 18:35:48,
TR102817,ANT,Lake Sefer,6.47,yolda,2026-05-27 03:59:33,
TR102818,IZM,North Emine.ton,24.24,yolda,2026-03-31 00:44:57,
TR102819,ANK,Lake Mengimouth,12.07,yolda,2026-04-02 14:07:07,
TR102820,IST,South Dinçsü,2.3,teslim,2026-06-08 14:43:31,2026-06-11 14:43:31
TR102821,IST,Port Mübetcel,4.36,teslim,2026-05-22 06:55:45,2026-05-27 06:55:45
TR102822,ANK,Taşarmouth,18.98,yolda,2026-08-02 23:42:30,
TR102823,IST,East Metinkayastad,-0.5,yolda,2026-03-10 21:04:40,
TR102824,IZM,Bilgehaven,5.31,teslim,2026-06-08 19:31:49,2026-06-10 19:31:49
TR102825,ANK,Akarland,10.26,yolda,2026-03-29 21:59:39,
TR102826,ANK,Aksuport,5.44,iade,2026-04-27 23:20:44,
TR102827,IZM,East Bağdatville,27.33,teslim,2026-08-22 05:59:30,2026-08-24 05:59:30
TR102828,ANK,North Basriye,11.43,teslim,2026-02-21 20:50:04,2026-02-28 20:50:04
TR102829,ANK,Alpsüfort,9.22,teslim,2026-03-23 16:56:51,2026-03-26 16:56:51
TR102830,IZM,Ergülview,19.86,teslim,2026-08-04 05:54:52,2026-08-07 05:54:52
TR102831,ANT,West Ahterborough,26.46,iade,2026-02-25 00:35:02,
TR102832,IST,Zorluchester,3.64,iade,2026-03-09 13:35:04,
TR102833,ANK,Babamouth,5.83,teslim,2026-07-26 07:55:30,2026-08-02 07:55:30
TR102834,IZM,Delilton,9.61,yolda,2026-04-25 22:24:58,
TR102835,ANK,Akarport,27.64,yolda,2026-06-07 15:04:20,
TR102836,ANT,Akçayview,5.75,iade,2026-03-24 15:30:08,
TR102837,IZM,Fıratchester,23.71,iade,2026-08-03 17:35:11,
TR102838,ANK,Lake Oldağville,1.69,yolda,2026-02-21 11:22:39,
TR102839,ANK,North Arpağshire,25.56,yolda,2026-04-05 08:20:08,
TR102840,BUR,North Gülter,6.36,iade,2026-04-23 10:39:53,
TR102841,BUR,Mutasımfurt,23.75,teslim,2026-02-18 07:23:25,2026-02-25 07:23:25
TR102842,IST,Sakaryabury,5.11,iade,2026-06-11 06:33:07,
TR102843,ANT,Bilirburgh,11.29,teslim,2026-04-24 06:07:59,2026-04-22 06:07:59
TR102844,BUR,Rümeysaport,5.45,iade,2026-03-30 03:09:53,
TR102845,IZM,Şermantown,15.81,iade,2026-08-29 15:44:51,
TR102846,BUR,New Zinnure,14.27,yolda,2026-02-15 16:06:29,
TR102847,BUR,Korutürkport,19.18,iade,2026-09-08 16:16:01,
TR102848,IST,West Türcan,6.3,iade,2026-04-12 17:47:55,
TR102849,ANK,East Tümer,11.94,teslim,2026-02-06 01:04:04,2026-02-10 01:04:04
TR102850,BUR,North Sultane,26.67,yolda,2026-07-05 20:37:39,
TR102851,ANK,Şamatown,28.07,iade,2026-07-13 09:18:10,
TR102852,IZM,Birsenburgh,16.56,yolda,2026-03-20 00:15:50,
TR102853,IST,Buşrashire,8.92,teslim,2026-01-13 20:25:48,2026-01-20 20:25:48
TR102854,IZM,Bilgebury,6.98,iade,2026-01-10 11:05:05,
TR102855,ANT,North Akmanershire,18.67,teslim,2026-07-12 14:21:33,2026-07-16 14:21:33
TR102856,BUR,New Fatigül,14.08,yolda,2026-05-02 22:50:17,
TR102857,IZM,Port Coşkun,24.15,yolda,2026-03-16 01:05:49,
TR102858,IZM,Şöhretmouth,11.53,yolda,2026-02-17 21:42:04,
TR102859,ANK,Korutürkstad,8.04,teslim,2026-07-04 20:23:38,2026-07-08 20:23:38
TR102860,IST,Sirapfort,8.91,teslim,2026-08-10 00:08:13,2026-08-13 00:08:13
TR102861,ANT,Bahtinurtown,16.44,iade,2026-04-18 12:50:18,
TR102862,IZM,Özdeşmouth,27.81,teslim,2026-05-27 00:25:11,2026-06-03 00:25:11
TR102863,IST,Demirview,10.87,teslim,2026-07-30 04:14:20,2026-07-31 04:14:20
TR102864,ANK,East İldembury,10.08,iade,2026-07-30 18:00:49,
TR102865,IZM,Ervaniyetown,7.58,iade,2026-03-06 01:49:13,
TR102866,IZM,Arsoyborough,5.8,iade,2026-04-14 23:22:36,
TR102867,ANK,South Sadeti,29.95,iade,2026-02-13 17:47:51,
TR102868,ANT,Permunside,27.38,iade,2026-02-20 23:41:59,
TR102869,IZM,West Tule,8.53,teslim,2026-07-03 13:11:51,2026-07-10 13:11:51
TR102870,BUR,Özbayshire,28.38,yolda,2026-05-25 13:10:31,
TR102871,IST,Tatuborough,14.21,iade,2026-06-21 03:10:06,
TR102872,ANK,Niliville,25.98,iade,2026-01-26 00:47:00,
TR102873,ANK,Durdustad,14.29,teslim,2026-06-27 09:50:25,2026-06-29 09:50:25
TR102874,ANT,North Esmanperiberg,23.6,iade,2026-05-02 01:51:58,
TR102875,BUR,New Sezal,10.29,yolda,2026-07-10 04:05:51,
TR102876,ANK,West Duha,12.92,teslim,2026-09-09 07:53:45,2026-09-12 07:53:45
TR102877,BUR,Port Soyselçuktown,6.37,iade,2026-05-02 00:28:53,
TR102878,ANT,East Selâtinshire,1.0,yolda,2026-07-05 07:58:07,
TR102879,ANK,South Tanpınartown,9.24,teslim,2026-02-27 00:12:31,2026-03-04 00:12:31
TR102880,IST,Sezentown,15.04,iade,2026-06-26 04:36:12,
TR102881,IZM,,10.26,iade,2026-01-29 10:49:28,
TR102882,BUR,North Üge,20.6,yolda,2026-04-30 01:55:48,
TR102883,ANT,Lake Kocabaş,9.06,yolda,2026-04-25 04:31:15,
TR102884,IST,West Metinkayaton,17.07,iade,2026-06-26 20:42:32,
TR102885,ANK,Oldağfurt,29.32,teslim,2026-07-12 20:02:25,2026-07-14 20:02:25
TR102886,ANT,Akçayville,18.93,yolda,2026-06-23 04:16:45,
TR102887,ANT,Nafileport,17.26,iade,2026-04-21 12:49:55,
TR102888,BUR,Tarhanmouth,6.21,yolda,2026-03-18 08:59:43,
TR102889,IST,Lake Korugan,16.08,yolda,2026-08-22 14:36:53,
TR102890,IST,South Hümeyra,9.93,teslim,2026-04-17 04:03:48,2026-04-21 04:03:48
TR102891,IZM,Tandoğduland,2.89,yolda,2026-03-28 13:23:40,
TR102892,ANT,Duranburgh,5.41,teslim,2026-05-05 13:03:32,2026-05-11 13:03:32
TR102893,ANT,Sakaryaberg,14.71,iade,2026-06-05 01:57:37,
TR102894,IST,Sezermouth,27.35,teslim,2026-08-02 13:42:18,2026-08-04 13:42:18
TR102895,IZM,Bezekstad,6.26,yolda,2026-07-24 17:36:05,
TR102896,ANT,Sevenchester,2.19,yolda,2026-06-25 03:52:10,
TR102897,ANT,New Almuschester,0.43,teslim,2026-07-08 05:10:56,2026-07-11 05:10:56
TR102898,BUR,New Talayer,11.79,yolda,2026-02-13 09:55:18,
TR102899,ANT,Ergünside,12.61,teslim,2026-04-14 07:19:31,2026-04-16 07:19:31
TR102900,IST,Bahaddinfurt,11.73,iade,2026-08-17 17:14:28,
TR102901,ANK,Ülkertown,9.36,teslim,2026-02-27 23:30:39,2026-03-01 23:30:39
TR102902,BUR,Karadenizton,4.85,iade,2026-07-08 19:23:07,
TR102903,IZM,West Selminville,17.67,iade,2026-02-11 22:47:01,
TR102904,BUR,Port Seçmeshire,8.34,iade,2026-05-19 13:59:41,
TR102905,BUR,,2.01,teslim,2026-07-16 01:18:35,2026-07-18 01:18:35
TR102906,ANT,Lake Kürşadhaven,24.25,yolda,2026-08-25 02:44:01,
TR102907,IZM,Yamanbury,27.32,iade,2026-03-07 01:17:49,
TR102908,BUR,Pürçekport,13.93,yolda,2026-03-11 04:18:57,
TR102909,IST,Mansızborough,8.71,teslim,2026-01-12 13:49:46,2026-01-18 13:49:46
TR102910,IZM,North Göksevville,21.04,yolda,2026-02-23 14:52:04,
TR102911,IZM,East Kösemenville,11.79,iade,2026-07-30 22:48:04,
TR102912,ANK,Port Fehmiyemouth,5.47,teslim,2026-07-13 01:18:11,2026-07-17 01:18:11
TR102913,BUR,North Süvarifurt,13.79,iade,2026-06-10 19:25:16,
TR102914,ANK,Port Nazlim,20.99,iade,2026-07-16 22:17:47,
TR102915,IST,Nilimouth,7.27,teslim,2026-08-10 09:29:47,2026-08-14 09:29:47
TR102916,ANT,South Fezatown,8.83,teslim,2026-09-06 18:02:17,2026-09-09 18:02:17
TR102917,ANK,Port Sevican,27.27,teslim,2026-03-22 20:14:16,2026-03-28 20:14:16
TR102918,ANT,New Zeyno,3.72,yolda,2026-04-13 13:01:18,
TR102919,IST,South Cuheyna,22.69,yolda,2026-08-10 09:08:25,
TR102920,IZM,Söylerville,12.36,iade,2026-05-02 17:02:13,
TR102921,ANK,Arsoyview,15.23,teslim,2026-08-26 17:22:48,2026-08-29 17:22:48
TR102922,IST,Sezerville,2.29,yolda,2026-06-10 23:51:06,
TR102923,BUR,Alemdarchester,11.5,iade,2026-07-09 06:09:32,
TR102924,BUR,West Ağbegimville,25.69,iade,2026-03-08 14:42:57,
TR102925,IST,Yılmazshire,0.42,yolda,2026-08-17 04:30:49,
TR102926,ANK,Lake Selçukmouth,9.88,teslim,2026-05-07 15:38:46,2026-05-13 15:38:46
TR102927,BUR,Eşrefmouth,14.59,teslim,2026-01-26 15:03:39,2026-01-24 15:03:39
TR102928,ANT,Adasalburgh,19.74,teslim,2026-07-07 01:50:13,2026-07-08 01:50:13
TR102929,BUR,West Çisem,4.29,iade,2026-05-29 00:09:13,
TR102930,ANK,Zorluland,5.2,yolda,2026-08-01 23:34:38,
TR102931,IST,West Sevdinar,5.4,teslim,2026-03-18 20:07:57,2026-03-23 20:07:57
TR102932,BUR,Ballıberg,5.14,teslim,2026-08-16 18:37:17,2026-08-21 18:37:17
TR102933,IST,Özerdinçland,20.35,iade,2026-04-28 04:01:19,
TR102934,IZM,Güçlüburgh,5.42,teslim,2026-07-16 22:31:51,2026-07-20 22:31:51
TR102935,IST,Erksoymouth,26.79,iade,2026-08-21 18:46:33,
TR102936,ANK,Mihriyefurt,13.32,iade,2026-08-26 18:12:11,
TR102937,ANT,North Şennurburgh,19.27,teslim,2026-02-05 07:30:06,2026-02-12 07:30:06
TR102938,IST,Lake Dolunfort,11.78,iade,2026-04-10 01:20:40,
TR102939,BUR,Müzekkerbury,1.67,yolda,2026-07-14 02:11:41,
TR102940,BUR,Lake Öge,23.04,teslim,2026-02-20 00:23:58,2026-02-21 00:23:58
TR102941,ANK,North Nilcanview,6.08,teslim,2026-06-22 04:54:39,2026-06-25 04:54:39
TR102942,IST,Port Bicanmouth,29.68,teslim,2026-02-23 12:40:36,2026-02-27 12:40:36
TR102943,ANK,East Tokerville,20.43,yolda,2026-06-04 10:38:19,
TR102944,IST,Yamanshire,23.93,teslim,2026-07-03 15:26:14,2026-07-05 15:26:14
TR102945,ANK,East Oranlı,21.75,iade,2026-08-14 04:21:49,
TR102946,ANT,Tarhanport,3.32,teslim,2026-07-19 19:06:56,2026-07-23 19:06:56
TR102947,IZM,Lake Güngördü,16.91,yolda,2026-04-07 15:29:02,
TR102948,ANK,ISTANBUL,28.04,teslim,2026-06-27 15:27:51,2026-07-02 15:27:51
TR102949,BUR,East Aranberg,3.71,yolda,2026-01-19 11:39:55,
TR102950,IZM,İbrahimshire,9.77,teslim,2026-01-12 02:30:34,2026-01-13 02:30:34
TR102951,IZM,West Kapaganhaven,0.46,teslim,2026-08-10 08:12:23,2026-08-14 08:12:23
TR102952,ANK,Port Kıvılcım,2.07,teslim,2026-07-21 18:23:40,2026-07-25 18:23:40
TR102953,ANT,Zorlustad,11.13,yolda,2026-08-19 13:56:17,
TR102954,BUR,Port Bellisan,9.12,teslim,2026-05-28 12:23:12,2026-05-30 12:23:12
TR102955,BUR,Şenerfurt,29.49,iade,2026-06-29 12:20:38,
TR102956,ANT,East Gözemport,23.76,teslim,2026-02-06 14:14:16,2026-02-12 14:14:16
TR102957,ANK,South Müritton,7.63,iade,2026-02-18 06:16:52,
TR102958,IZM,Alanalpbury,29.44,teslim,2026-08-31 15:59:35,2026-09-05 15:59:35
TR102959,BUR,Özaslanstad,20.37,iade,2026-05-02 15:44:05,
TR102960,ANK,West Biltaş,10.03,iade,2026-02-05 11:04:12,
TR102961,IZM,Port Gül,29.34,iade,2026-08-05 14:53:41,
TR102962,BUR,Öztekton,2.12,iade,2026-09-04 10:56:31,
TR102963,ANT,New Binayview,13.52,teslim,2026-08-10 02:14:54,2026-08-15 02:14:54
TR102964,ANK,West Şanlıview,15.15,iade,2026-01-21 17:07:09,
TR102965,IST,Batırhanberg,7.05,iade,2026-03-28 22:36:15,
TR102966,IST,Sirapton,9.33,iade,2026-03-30 09:17:46,
TR102967,BUR,Erdoğanshire,22.74,iade,2026-04-11 13:48:55,
TR102968,IST,West Berranchester,1.89,iade,2026-09-03 23:19:54,
TR102969,BUR,New Cevaleberg,8.97,yolda,2026-08-30 08:50:37,
TR102970,ANK,North Arkutfort,19.3,teslim,2026-04-25 03:01:29,2026-04-29 03:01:29
TR102971,ANT,Lake Vezat,29.66,teslim,2026-07-26 04:55:06,2026-08-01 04:55:06
TR102972,IZM,Hançerbury,4.11,yolda,2026-06-26 15:43:13,
TR102973,IST,North Kiyasiside,15.67,yolda,2026-01-18 09:34:10,
TR102974,IZM,Tarhantown,22.54,yolda,2026-09-03 05:58:09,
TR102975,IZM,Yorulmazfurt,10.35,teslim,2026-08-12 15:20:22,2026-08-19 15:20:22
TR102976,IST,South Zöhrehan,27.21,teslim,2026-06-05 13:43:18,2026-06-10 13:43:18
TR102977,ANK,North Altınbike,24.06,iade,2026-06-24 20:04:52,
TR102978,ANK,Yahşikanborough,18.28,iade,2026-02-24 21:28:27,
TR102979,ANT,Çamurcuoğluton,9.72,yolda,2026-05-23 07:51:59,
TR102980,IST,North Mujde,2.03,yolda,2026-04-12 13:36:40,
TR102981,IST,South Güngören,28.61,yolda,2026-01-13 23:22:24,
TR102982,ANK,İSTANBUL,28.15,teslim,2026-08-18 16:18:02,2026-08-24 16:18:02
TR102983,ANK,North Ergönülmouth,17.82,teslim,2026-02-01 03:53:52,2026-02-02 03:53:52
TR102984,ANT,Atılganmouth,2.44,teslim,2026-03-21 04:57:25,2026-03-23 04:57:25
TR102985,BUR,West Erksoy,,iade,2026-05-25 20:50:27,
TR102986,ANK,Güçlüville,7.42,iade,2026-09-02 11:11:15,
TR102987,ANK,West Hanimborough,9.16,teslim,2026-02-08 21:34:03,2026-02-13 21:34:03
TR102988,BUR,Mihinmouth,29.04,iade,2026-07-21 06:46:43,
TR102989,BUR,Hinetport,2.49,teslim,2026-05-07 15:14:55,2026-05-10 15:14:55
TR102990,BUR,Tezcanside,11.39,yolda,2026-04-14 21:52:00,
TR102991,BUR,North Vafirchester,12.74,yolda,2026-07-24 14:09:18,
TR102992,BUR,Aslanland,22.83,iade,2026-09-08 13:58:08,
TR102993,IST,Port Güldam,22.88,yolda,2026-03-30 02:58:24,
TR102994,IST,Huricanborough,22.79,yolda,2026-04-09 14:27:16,
TR102995,ANT,İzelberg,16.16,yolda,2026-02-26 17:47:55,
TR102996,ANK,Lake Anka,7.79,iade,2026-01-24 00:00:53,
TR102997,IZM,North Esmanperiton,13.66,yolda,2026-07-05 07:04:53,
TR102998,ANT,Muhiyefurt,18.22,yolda,2026-04-25 01:04:09,
TR102999,ANK,North Sağıtfurt,21.47,teslim,2026-05-06 17:45:16,2026-05-09 17:45:16
TR103000,ANK,Port Çoğayfurt,0.22,teslim,2026-07-21 10:46:13,2026-07-23 10:46:13
TR103001,IZM,East Kınelfurt,14.79,iade,2026-07-01 12:16:04,
TR103002,BUR,Duranton,29.12,yolda,2026-03-22 16:41:10,
TR103003,BUR,New Vaysaltown,14.74,yolda,2026-05-08 13:53:24,
TR103004,ANT,Refikshire,2.23,iade,2026-09-03 11:33:55,
TR103005,BUR,West Şadımanchester,27.97,teslim,2026-04-04 04:02:29,2026-04-05 04:02:29
TR103006,BUR,Port Durdaliside,28.72,teslim,2026-06-25 02:45:04,2026-06-27 02:45:04
TR103007,IZM,Gülşerefmouth,-1.2,iade,2026-06-09 19:09:23,
TR103008,IZM,Günkurtfurt,20.92,yolda,2026-06-23 16:07:57,
TR103009,BUR,East Akdurmuş,27.8,iade,2026-07-10 13:33:29,
TR103010,ANK,Canalbury,7.35,iade,2026-04-29 02:01:07,
TR103011,IZM,Ulumanshire,18.97,teslim,2026-08-08 21:00:32,2026-08-15 21:00:32
TR103012,IST,New Sarpkınstad,20.95,iade,2026-06-12 07:39:13,
TR103013,ANK,Serdatown,7.91,iade,2026-04-24 10:36:38,
TR103014,ANK,Leylimouth,7.7,yolda,2026-02-27 08:19:25,
TR103015,ANT,South Behiza,28.56,iade,2026-04-22 19:11:09,
TR103016,IST,Yılmazmouth,23.15,teslim,2026-01-16 18:38:27,2026-01-17 18:38:27
TR103017,BUR,Cuheynaside,11.99,iade,2026-01-24 10:36:14,
TR103018,IST,Yorulmazshire,15.6,iade,2026-04-04 16:08:35,
TR103019,ANK,Nezengülside,24.91,teslim,2026-02-09 23:08:04,2026-02-13 23:08:04
TR103020,IZM,South Ilgıview,15.07,yolda,2026-05-12 00:38:35,
TR103021,BUR,Emişberg,17.62,iade,2026-04-27 07:33:20,
TR103022,BUR,East Nurmelek,22.6,iade,2026-04-08 09:24:06,
TR103023,IST,North Sernur,3.37,iade,2026-01-29 07:49:11,
TR103024,IZM,Lake Feraye,24.45,iade,2026-01-25 00:33:59,
TR103025,ANK,Atatöreside,27.91,yolda,2026-06-30 01:40:48,
TR103026,IZM,Lake Rabihview,0.29,yolda,2026-04-08 14:22:28,
TR103027,BUR,Hacileton,0.15,teslim,2026-01-16 07:56:10,2026-01-23 07:56:10
TR103028,BUR,West Durdali,15.8,teslim,2026-08-31 07:30:15,2026-09-07 07:30:15
TR103029,IZM,Demirhaven,22.02,iade,2026-02-09 03:51:42,
TR103030,IZM,East Tunahan,5.67,teslim,2026-02-09 03:35:32,2026-02-11 03:35:32
TR103031,BUR,Tülinchester,5.54,teslim,2026-08-19 13:53:57,2026-08-21 13:53:57
TR103032,ANT,Akgündüzport,24.45,teslim,2026-02-06 19:08:11,2026-02-10 19:08:11
TR103033,IST, Istanbul ,22.52,teslim,2026-03-06 15:18:04,2026-03-08 15:18:04
TR103034,BUR,Akçaystad,13.28,teslim,2026-05-20 03:59:51,2026-05-23 03:59:51
TR103035,IST,Nüricetown,26.06,iade,2026-07-11 20:48:22,
TR103036,IZM,Ayaydınport,2.66,teslim,2026-03-13 07:55:39,2026-03-14 07:55:39
TR103037,IST,North Nevsaleborough,10.33,teslim,2026-03-09 08:23:41,2026-03-12 08:23:41
TR103038,ANK,Melihcanfurt,14.39,iade,2026-05-11 16:03:40,
TR103039,IST,Lake Şahdiyeberg,0.38,iade,2026-08-24 08:44:00,
TR103040,IST,North Muhyettinshire,19.99,yolda,2026-06-07 01:43:01,
TR103041,ANK,Duranville,15.72,teslim,2026-07-24 14:37:32,2026-07-25 14:37:32
TR103042,ANT,New Birsanhaven,15.65,teslim,2026-08-03 00:45:00,2026-08-07 00:45:00
TR103043,BUR,Hayrioğluview,14.25,yolda,2026-07-31 03:35:12,
TR103044,ANT,N˜zamett˜nmouth,12.94,yolda,2026-03-26 19:27:19,
TR103045,IZM,Müritmouth,29.98,yolda,2026-04-14 11:18:41,
TR103046,BUR,Lake Nuralmouth,11.42,teslim,2026-05-12 08:00:18,2026-05-15 08:00:18
TR103047,IZM,Bozerkstad,24.21,teslim,2026-06-18 06:29:21,2026-06-21 06:29:21
TR103048,BUR,West Serfinazfort,21.78,teslim,2026-08-15 17:32:34,2026-08-19 17:32:34
TR103049,ANT,South Şabettin,3.77,teslim,2026-09-02 02:44:59,2026-09-03 02:44:59
TR103050,IZM,New Oganer,28.54,iade,2026-04-09 07:15:11,
TR103051,BUR,New Ramadan,18.59,teslim,2026-06-17 08:58:25,2026-06-20 08:58:25
TR103052,BUR,Tekbayville,15.5,iade,2026-05-01 11:40:03,
TR103053,ANK,Sevenhaven,0.19,iade,2026-02-10 17:23:40,
TR103054,IZM,Şenerborough,-0.5,iade,2026-03-08 16:52:43,
TR103055,IST,Yılmazburgh,29.09,yolda,2026-03-20 22:38:23,
TR103056,IZM,Eraslanside,20.37,iade,2026-02-25 23:32:15,
TR103057,BUR,East Arcanchester,12.06,teslim,2026-07-11 13:07:08,2026-07-16 13:07:08
TR103058,IST,North Ertan,10.52,iade,2026-01-19 08:45:40,
TR103059,IST,Akçaychester,22.05,yolda,2026-07-29 00:53:33,
TR103060,ANT,South Zelha,5.93,yolda,2026-05-27 16:39:03,
TR103061,ANT,Lake Songurkan,26.3,teslim,2026-08-14 08:46:05,2026-08-21 08:46:05
TR103062,ANT,Ulushire,1.05,iade,2026-02-25 07:08:26,
TR103063,IST,Lake Ayboraland,9.11,yolda,2026-09-03 11:44:04,
TR103064,ANT,Çamurcuoğluchester,29.62,iade,2026-05-27 22:08:55,
TR103065,ANK,Arslanfort,26.9,yolda,2026-07-03 17:42:44,
TR103066,ANT,Lake Musaffa,7.3,teslim,2026-03-03 08:19:06,2026-03-07 08:19:06
TR103067,IST,East Acarshire,3.25,teslim,2026-07-26 21:24:48,2026-07-28 21:24:48
TR103068,IST,Tanyumouth,4.89,iade,2026-08-28 09:18:52,
TR103069,BUR,Alışıkburgh,23.01,yolda,2026-06-06 09:43:52,
TR103070,IZM,Dayarbury,20.01,teslim,2026-07-26 14:49:32,2026-08-01 14:49:32
TR103071,IST,Şamaton,20.0,iade,2026-05-05 13:11:35,
TR103072,BUR,Arslanmouth,2.8,iade,2026-08-17 03:47:20,
TR103073,IZM,Hüsmenberg,26.17,iade,2026-06-08 05:28:29,
TR103074,ANT,South Gülbeyan,2.03,iade,2026-01-26 08:33:39,
TR103075,BUR,Demirokstad,27.31,yolda,2026-04-28 03:14:23,
TR103076,BUR,North Sevindik,19.65,iade,2026-04-30 16:08:52,
TR103077,BUR,Dumanlıbury,24.27,iade,2026-04-26 10:09:24,
TR103078,IST,Rafihville,8.8,teslim,2026-03-16 19:53:16,2026-03-19 19:53:16
TR103079,IZM,Fatihville,22.24,teslim,2026-04-10 01:04:03,2026-04-11 01:04:03
TR103080,IST,North Narhanim,17.23,teslim,2026-03-31 09:37:17,2026-04-06 09:37:17
TR103081,IZM,North Duyguhan,28.63,teslim,2026-01-25 12:09:16,2026-02-01 12:09:16
TR103082,IST,Kökerport,9.39,iade,2026-01-20 01:57:56,
TR103083,ANT,Gülmouth,5.78,iade,2026-08-19 21:20:56,
TR103084,BUR,Port Ayçan,9.66,yolda,2026-07-31 08:47:12,
TR103085,ANK,Lake Çisemville,15.64,yolda,2026-05-04 14:45:31,
TR103086,ANT,Soyluview,6.74,iade,2026-07-01 15:51:33,
TR103087,IST,West Şemsinisa,16.19,yolda,2026-02-12 19:20:00,
TR103088,IZM,Boynakbury,4.43,yolda,2026-02-24 07:12:51,
TR103089,ANK,Gözelhaven,15.04,yolda,2026-02-07 22:41:57,
TR103090,ANK,Ayyarukhaven,18.08,yolda,2026-05-20 07:16:22,
TR103091,IST,Arısoychester,18.01,teslim,2026-02-07 20:15:31,2026-02-13 20:15:31
TR103092,ANT,Kavurtside,29.71,yolda,2026-02-18 01:51:40,
TR103093,ANT,Lake Pesenttown,14.4,teslim,2026-09-10 05:11:59,2026-09-13 05:11:59
TR103094,IZM,New Çağa,21.15,teslim,2026-04-15 13:47:09,2026-04-19 13:47:09
TR103095,IST,West Bilginur,29.44,yolda,2026-04-05 14:12:20,
TR103096,ANK,Alemdarburgh,24.85,yolda,2026-03-09 21:09:45,
TR103097,ANK,Erselborough,21.04,teslim,2026-07-21 23:31:46,2026-07-28 23:31:46
TR103098,ANK,North Akyıldız,25.72,teslim,2026-02-13 12:33:24,2026-02-20 12:33:24
TR103099,BUR,Durmuşborough,9.04,iade,2026-02-05 04:37:27,
TR103100,ANK,South Vezrifeview,29.73,iade,2026-03-20 05:51:22,
TR103101,BUR,Şenershire,10.19,iade,2026-09-05 06:48:11,
TR103102,BUR,Dilfezahaven,29.71,iade,2026-04-11 05:24:48,
TR103103,BUR,Müzekkerport,2.25,yolda,2026-03-21 00:01:30,
TR103104,IZM,Çetinfurt,8.54,iade,2026-07-17 10:47:25,
TR103105,ANT,Hanbikenfort,11.87,teslim,2026-08-30 05:59:46,2026-09-05 05:59:46
TR103106,ANT,East Ebuakilport,25.99,teslim,2026-05-04 19:11:31,2026-05-07 19:11:31
TR103107,IZM,Hayrioğlubury,13.78,teslim,2026-06-22 00:36:13,2026-06-29 00:36:13
TR103108,ANK,East Benicemouth,13.31,teslim,2026-06-24 01:44:07,2026-06-29 01:44:07
TR103109,IZM,Zelhafurt,26.93,yolda,2026-02-23 03:56:19,
TR103110,ANK,Karadenizfort,22.09,teslim,2026-02-28 19:17:22,2026-03-02 19:17:22
TR103111,ANT,Tarhanbury,3.15,teslim,2026-08-31 11:58:40,2026-09-03 11:58:40
TR103112,BUR,Sadathaven,20.42,teslim,2026-01-21 07:39:15,2026-01-25 07:39:15
TR103113,IST,Yorulmazside,10.73,teslim,2026-04-03 14:38:19,2026-04-04 14:38:19
TR103114,ANK,Tayyibemouth,28.36,yolda,2026-05-15 14:04:18,
TR103115,IZM,Sezginmouth,17.84,teslim,2026-06-18 18:38:12,2026-06-23 18:38:12
TR103116,BUR,Eraslanton,7.43,teslim,2026-06-24 04:50:54,2026-06-30 04:50:54
TR103117,BUR,Gülbury,14.71,teslim,2026-04-24 06:36:06,2026-04-26 06:36:06
TR103118,ANT,West Ayduruchester,28.64,iade,2026-05-22 01:15:24,
TR103119,BUR,New Kırat,23.3,iade,2026-04-06 00:27:46,
TR103120,IST,New Nezizemouth,23.35,iade,2026-09-09 21:47:47,
TR103121,BUR,Lake Akınalfurt,8.33,iade,2026-03-01 06:04:41,
TR103122,BUR,Yalgınside,11.08,iade,2026-02-14 02:55:12,
TR103123,IST,New Mahsunstad,3.75,teslim,2026-02-03 17:14:18,2026-02-04 17:14:18
TR103124,ANT,East Günebakan,6.83,iade,2026-08-06 00:40:15,
TR103125,ANT,West Güneri,29.62,iade,2026-06-12 16:16:33,
TR103126,IZM,İlterişborough,20.84,yolda,2026-06-04 06:31:03,
TR103127,ANT,North Arpağ,5.51,teslim,2026-08-12 19:34:56,2026-08-19 19:34:56
TR103128,BUR,New Özokçufort,9.02,yolda,2026-01-17 20:22:54,
TR103129,IZM,West Taciddin,2.0,teslim,2026-01-26 11:49:48,2026-01-27 11:49:48
TR103130,ANK,Lake Vildane,12.22,iade,2026-01-19 11:40:39,
TR103131,IST,West Erdoganfurt,11.87,iade,2026-04-16 02:47:18,
TR103132,ANT,Port Sakip,14.71,iade,2026-06-14 16:58:24,
TR103133,ANT,North Fayizechester,16.22,iade,2026-02-12 01:11:03,
TR103134,IST,Lake Halenurberg,22.63,iade,2026-01-17 21:33:16,
TR103135,IST,Akarport,5.5,teslim,2026-02-16 04:21:23,2026-02-22 04:21:23
TR103136,ANK,Zorlutown,0.26,iade,2026-05-15 19:03:20,
TR103137,IZM,Bahtinurborough,3.78,yolda,2026-05-07 09:58:59,
TR103138,ANK,Sevdinarshire,19.61,teslim,2026-02-17 18:46:53,2026-02-22 18:46:53
TR103139,IZM,Arslanchester,25.56,teslim,2026-07-12 03:28:25,2026-07-17 03:28:25
TR103140,IST,South Kaver,15.23,teslim,2026-02-15 05:06:29,2026-02-16 05:06:29
TR103141,ANT,Arslanside,5.23,yolda,2026-04-28 06:03:06,
TR103142,IST,South Akmaner,7.53,iade,2026-07-25 19:29:51,
TR103143,IZM,Akçastad,19.81,teslim,2026-07-22 02:24:17,2026-07-27 02:24:17
TR103144,ANK,South Muhipshire,17.35,yolda,2026-08-10 08:12:42,
TR103145,IZM,Öcalanbury,15.73,iade,2026-01-19 17:42:46,
TR103146,ANT,Cansevenshire,-0.5,yolda,2026-07-02 16:50:26,
TR103147,IST,Tümerberg,19.91,teslim,2026-02-21 09:10:37,2026-02-27 09:10:37
TR103148,IST,New Hamiborough,5.72,teslim,2026-02-11 13:14:03,2026-02-13 13:14:03
TR103149,ANK,North Fazul,28.73,yolda,2026-07-19 07:04:39,
TR103150,ANT,Fıratshire,6.56,iade,2026-06-15 15:45:15,
TR103151,IZM,Port Elvanview,3.94,yolda,2026-04-10 08:06:22,
TR103152,BUR,Ulumanberg,2.32,iade,2026-06-19 00:30:14,
TR103153,IZM,Yalınshire,11.52,yolda,2026-01-24 05:59:56,
TR103154,BUR,Bilgetown,2.59,teslim,2026-08-30 14:16:22,2026-09-03 14:16:22
TR103155,BUR,Port Kezban,28.21,yolda,2026-04-24 04:59:43,
TR103156,ANK,Hayrioğlubury,2.21,teslim,2026-07-18 20:58:07,2026-07-23 20:58:07
TR103157,IZM,Demirelfort,29.86,iade,2026-05-15 01:27:03,
TR103158,ANK,North Şerafeddinland,21.46,teslim,2026-07-28 20:32:57,2026-07-26 20:32:57
TR103159,ANT,Port Akbaş,18.19,iade,2026-06-04 23:21:06,
TR103160,ANK,East Konguralpmouth,9.56,yolda,2026-03-14 00:31:16,
TR103161,BUR,South Enfesburgh,0.87,yolda,2026-02-23 05:08:04,
TR103162,ANK,Yamanside,2.42,iade,2026-09-10 05:59:01,
TR103163,IST,Yılmazport,20.55,teslim,2026-06-21 11:07:10,2026-06-26 11:07:10
TR103164,IST,Arslanview,9.95,yolda,2026-02-24 17:39:34,
TR103165,IZM,Nurdastad,23.36,teslim,2026-07-31 23:34:17,2026-08-03 23:34:17
TR103166,ANK,East Sezginbaş,8.28,teslim,2026-08-17 00:47:51,2026-08-24 00:47:51
TR103167,ANK,Port Nura,11.42,teslim,2026-08-01 06:45:32,2026-08-05 06:45:32
TR103168,IST,Birgülmouth,5.35,teslim,2026-06-03 06:02:07,2026-06-10 06:02:07
TR103169,IZM,İlkbaharberg,17.71,iade,2026-04-01 20:47:52,
TR103170,IST,Yılmazmouth,15.92,yolda,2026-03-14 20:30:53,
TR103171,ANT,East Bilkay,25.98,iade,2026-06-20 17:55:42,
TR103172,IZM,West Zöhrehanborough,18.26,iade,2026-02-05 02:38:11,
TR103173,IZM,New Bahtinurmouth,28.4,teslim,2026-03-28 11:00:46,2026-03-30 11:00:46
TR103174,ANK,New Bezekburgh,10.42,yolda,2026-02-15 20:30:27,
TR103175,ANT,Rumeysaside,16.59,iade,2026-02-05 00:03:50,
TR103176,BUR,Rabbiyetown,17.81,yolda,2026-04-07 20:27:05,
TR103177,IST,Seracettinchester,20.63,yolda,2026-03-25 21:14:42,
TR103178,ANK,Yılmafurt,19.76,iade,2026-08-25 01:20:38,
TR103179,ANT,North Mükrüme,22.09,teslim,2026-04-19 00:08:24,2026-04-23 00:08:24
TR103180,IZM,Lake Mengüçview,21.25,teslim,2026-03-10 06:22:41,2026-03-16 06:22:41
TR103181,ANT,Koncagülville,12.61,teslim,2026-03-20 07:48:56,2026-03-26 07:48:56
TR103182,ANK,Şamashire,13.22,yolda,2026-02-28 06:40:17,
TR103183,BUR,Nureyfort,15.12,yolda,2026-08-28 01:07:41,
TR103184,BUR,North Müzekker,15.67,yolda,2026-04-01 08:35:01,
TR103185,ANK,Port Nurdaberg,9.23,iade,2026-04-04 03:06:11,
TR103186,BUR,South Abdiş,23.14,teslim,2026-03-06 17:40:02,2026-03-09 17:40:02
TR103187,IST,North Eskinalphaven,2.39,teslim,2026-05-15 15:25:52,2026-05-21 15:25:52
TR103188,ANK,Ülkerfort,17.3,teslim,2026-06-29 19:54:09,2026-06-30 19:54:09
TR103189,IZM,Evrimville,16.67,teslim,2026-05-17 02:23:51,2026-05-23 02:23:51
TR103190,IST,Kısakürekfurt,28.87,yolda,2026-04-13 13:52:11,
TR103191,ANT,Taşarhaven,27.98,yolda,2026-07-13 08:09:33,
TR103192,BUR,New Mehmedburgh,15.5,teslim,2026-05-13 04:05:46,2026-05-17 04:05:46
TR103193,ANT,Port Alsoy,20.97,iade,2026-04-27 22:23:53,
TR103194,IST,Soyluview,18.53,yolda,2026-08-15 17:48:38,
TR103195,IST,Şensoystad,21.45,iade,2026-02-25 18:25:12,
TR103196,ANT,Port Yönetmenmouth,22.52,iade,2026-03-20 04:53:59,
TR103197,ANT,Bilirside,20.55,teslim,2026-05-24 10:34:44,2026-05-30 10:34:44
TR103198,BUR,Arsoyburgh,28.94,teslim,2026-03-25 05:48:14,2026-03-30 05:48:14
TR103199,ANT,South Yetişal,27.12,iade,2026-01-14 05:10:41,
TR103200,IZM,North Misra,25.2,teslim,2026-08-02 08:24:12,2026-08-03 08:24:12
TR103201,IZM,Coşkunstad,28.58,iade,2026-05-10 14:45:17,
TR103202,BUR,New Sançarton,11.43,yolda,2026-04-18 14:55:17,
TR103203,IST,Gülenton,-1.2,yolda,2026-04-26 20:26:12,
TR103204,ANK,Pembesinton,24.97,iade,2026-04-18 08:11:18,
TR103205,IZM,Port İdefort,14.55,teslim,2026-08-20 06:48:59,2026-08-23 06:48:59
TR103206,ANK,Soyluburgh,0.17,yolda,2026-09-03 00:26:43,
TR103207,ANT,North Zennuntown,11.87,iade,2026-07-12 22:33:46,
TR103208,ANT,Lake Şöhret,24.79,yolda,2026-09-05 02:32:12,
TR103209,ANT,North Şahat,25.47,teslim,2026-03-19 18:36:10,2026-03-23 18:36:10
TR103210,IST,South Rıfkıyeton,18.5,teslim,2026-02-25 10:50:31,2026-02-28 10:50:31
TR103211,IZM,Port Hansultanview,10.68,yolda,2026-05-12 02:36:03,
TR103212,ANK,West Talibemouth,12.12,teslim,2026-03-26 11:36:53,2026-03-29 11:36:53
TR103213,BUR,Gölitown,14.81,teslim,2026-03-16 18:53:18,2026-03-17 18:53:18
TR103214,ANT,Karadenizton,26.97,teslim,2026-06-15 15:32:57,2026-06-20 15:32:57
TR103215,IST,Port Fadile,27.4,yolda,2026-02-04 07:07:38,
TR103216,IZM,Börteçinburgh,6.86,teslim,2026-03-08 08:38:00,2026-03-10 08:38:00
TR103217,IZM,West Neviseborough,9.05,yolda,2026-07-01 06:28:51,
TR103218,ANK,Akçaytown,16.14,yolda,2026-07-25 08:59:12,
TR103219,IST,Kaverstad,29.68,yolda,2026-05-10 21:58:02,
TR103220,BUR,Beriyeshire,4.94,iade,2026-02-24 18:52:59,
TR103221,BUR,Çorluville,0.27,yolda,2026-02-12 12:10:10,
TR103222,ANK,Lake Canberk,3.41,iade,2026-02-14 05:48:01,
TR103223,IST,Mücevhertown,4.1,yolda,2026-03-23 04:10:12,
TR103224,IZM,East Sabihestad,27.04,yolda,2026-03-16 20:01:41,
TR103225,ANK,Lake Oksevenport,28.46,teslim,2026-07-07 20:28:06,2026-07-13 20:28:06
TR103226,IZM,West Bahaddin,3.65,iade,2026-03-25 06:45:18,
TR103227,ANT,Hüryaşarview,14.92,yolda,2026-06-06 09:08:00,
TR103228,ANK,İmambury,9.81,iade,2026-03-05 14:34:11,
TR103229,ANT,Koruganburgh,21.81,yolda,2026-03-24 04:16:37,
TR103230,BUR,Zemzemmouth,4.03,iade,2026-05-04 14:40:21,
TR103231,IST,South Yargıshire,3.87,teslim,2026-04-22 19:26:36,2026-04-29 19:26:36
TR103232,ANT,Salimethaven,0.51,yolda,2026-05-31 06:49:28,
TR103233,ANK,North Minibe,1.66,iade,2026-07-03 16:57:40,
TR103234,BUR,New Leyli,29.3,yolda,2026-06-08 20:30:30,
TR103235,IST,Ergülport,13.09,iade,2026-04-01 21:13:24,
TR103236,IZM,,14.63,yolda,2026-03-31 15:14:58,
TR103237,ANK,Cemalettinhaven,18.57,yolda,2026-08-12 07:05:34,
TR103238,ANT,Merzukmouth,5.69,iade,2026-04-01 21:46:30,
TR103239,IST,North Görsevburgh,25.94,yolda,2026-04-21 08:57:50,
TR103240,ANK,South Miyesser,20.02,iade,2026-07-13 14:58:49,
TR103241,ANK,Koncagülfurt,14.27,yolda,2026-05-15 12:11:52,
TR103242,ANT,West Zöhrehanville,18.37,teslim,2026-08-26 13:54:12,2026-09-01 13:54:12
TR103243,ANT,East Şanlıfort,18.9,teslim,2026-05-29 10:44:47,2026-06-05 10:44:47
TR103244,IST,Sehelville,4.06,teslim,2026-05-20 01:27:01,2026-05-22 01:27:01
TR103245,ANK,Tansevburgh,27.88,teslim,2026-03-23 17:42:34,2026-03-26 17:42:34
TR103246,IST,Port Alaaddin,18.53,yolda,2026-07-10 08:58:46,
TR103247,IST,Zenginshire,11.47,teslim,2026-06-29 13:33:41,2026-07-06 13:33:41
TR103248,IZM,Güçlübury,0.0,iade,2026-06-27 23:54:14,
TR103249,IZM,Nazimouth,12.84,teslim,2026-04-18 03:52:16,2026-04-20 03:52:16
TR103250,BUR,Hançerton,19.35,teslim,2026-07-16 11:27:59,2026-07-21 11:27:59
TR103251,IST,South Şevketview,8.15,yolda,2026-04-11 01:33:59,
TR103252,IZM,Zengintown,21.38,yolda,2026-08-22 08:16:55,
TR103253,IST,West Nafile,5.53,teslim,2026-03-14 18:32:12,2026-03-17 18:32:12
TR103254,IZM,New Eşref,6.44,teslim,2026-08-01 14:32:03,2026-08-02 14:32:03
TR103255,IZM,Bahittinland,27.26,yolda,2026-03-01 12:22:26,
TR103256,ANK,Port Uğurtan,7.64,teslim,2026-05-10 04:20:31,2026-05-14 04:20:31
TR103257,IZM,Aksumouth,10.1,yolda,2026-07-07 05:13:25,
TR103258,IST,East Hayret,20.52,teslim,2026-01-10 09:33:47,2026-01-11 09:33:47
TR103259,IZM,Boztaşburgh,22.26,teslim,2026-05-07 01:51:31,2026-05-10 01:51:31
TR103260,ANT,South Celilay,15.91,yolda,2026-04-11 19:05:39,
TR103261,ANK,Lake Hürüyet,19.54,yolda,2026-04-15 02:46:34,
TR103262,BUR,South Gümüştekinstad,2.71,teslim,2026-06-04 10:02:22,2026-06-09 10:02:22
TR103263,ANT,Durmuşfurt,3.7,teslim,2026-02-17 20:57:53,2026-02-19 20:57:53
TR103264,ANK,Ülkerfurt,5.87,iade,2026-04-02 14:16:18,
TR103265,IST,Port Dalkılıç,2.34,yolda,2026-07-09 01:41:15,
TR103266,ANT,West Ertuncay,10.35,iade,2026-06-09 14:09:16,
TR103267,BUR,Selâtinchester,29.69,iade,2026-06-14 08:53:19,
TR103268,ANK,Duranland,1.41,teslim,2026-08-29 21:34:38,2026-09-03 21:34:38
TR103269,ANT,Ülkershire,21.38,teslim,2026-05-24 18:44:25,2026-05-28 18:44:25
TR103270,IZM,New Hüryaşar,26.86,iade,2026-01-20 12:23:43,
TR103271,IST,Yilmazmouth,27.33,yolda,2026-04-11 09:31:53,
TR103272,BUR,New Nataliafurt,15.76,teslim,2026-07-23 19:36:42,2026-07-27 19:36:42
TR103273,IST,East Evde,5.09,iade,2026-02-09 01:54:32,
TR103274,ANK,East Tahirchester,8.76,yolda,2026-03-24 01:42:59,
TR103275,IST,Ögeburgh,23.85,iade,2026-02-15 03:07:54,
TR103276,ANK,West Tayyip,22.25,iade,2026-06-24 09:37:15,
TR103277,BUR,Türkview,20.57,yolda,2026-06-09 07:05:08,
TR103278,IST,East Özpınar,5.05,iade,2026-06-22 20:34:35,
TR103279,BUR,South Burçstad,16.92,iade,2026-07-29 23:44:31,
TR103280,BUR,Sezgintown,18.26,yolda,2026-02-18 10:52:04,
TR103281,IST,Erkanshire,4.88,teslim,2026-03-13 13:14:57,2026-03-15 13:14:57
TR103282,IST,Tarhanmouth,26.39,teslim,2026-07-25 23:00:38,2026-07-30 23:00:38
TR103283,BUR,Şensoyfurt,15.16,iade,2026-01-14 13:43:04,
TR103284,ANT,West Şenkalview,7.84,iade,2026-06-23 03:17:20,
TR103285,IZM,Zorlustad,16.61,teslim,2026-02-24 02:30:52,2026-02-27 02:30:52
TR103286,IST,Gülşerefstad,16.05,teslim,2026-07-12 23:29:04,2026-07-14 23:29:04
TR103287,IST,South Gülsü,19.22,yolda,2026-02-22 10:33:49,
TR103288,ANK,East Abuzarmouth,8.19,yolda,2026-06-07 23:55:13,
TR103289,ANK,Konguralphaven,29.69,teslim,2026-08-27 06:19:43,2026-09-02 06:19:43
TR103290,IST,Şafakton,0.14,teslim,2026-09-05 17:26:47,2026-09-10 17:26:47
TR103291,ANT,Asımville,29.17,yolda,2026-07-09 13:36:38,
TR103292,IST,Arsoyton,28.4,yolda,2026-07-19 05:18:22,
TR103293,IZM,Onursuchester,21.69,iade,2026-08-30 19:50:52,
TR103294,ANT,Alcanside,8.92,yolda,2026-05-21 03:04:31,
TR103295,IST,West Yayak,24.74,teslim,2026-04-23 20:31:10,2026-04-29 20:31:10
TR103296,IZM,South Toyport,5.38,teslim,2026-06-21 00:59:13,2026-06-27 00:59:13
TR103297,ANT,West Şemsinisaton,3.28,teslim,2026-01-23 21:39:37,2026-01-28 21:39:37
TR103298,BUR,Yükselburgh,28.38,iade,2026-08-04 09:29:07,
TR103299,ANT,East Şahinderberg,16.57,yolda,2026-02-11 17:04:38,
TR103300,ANK,Akçayview,9.8,yolda,2026-07-20 16:59:38,
TR103301,BUR,Sezerbury,4.75,teslim,2026-05-24 04:56:14,2026-05-29 04:56:14
TR103302,BUR,Türkland,11.12,teslim,2026-08-01 09:37:30,2026-08-07 09:37:30
TR103303,IST,Arısoyberg,14.93,yolda,2026-05-16 21:43:44,
TR103304,ANK,South Gabelland,24.49,yolda,2026-09-03 17:17:24,
TR103305,ANT,Şefifurt,14.77,teslim,2026-05-21 05:58:26,2026-05-23 05:58:26
TR103306,ANK,Lake Oğuzman,19.46,iade,2026-01-18 18:19:58,
TR103307,ANK,Demirborough,26.57,teslim,2026-02-09 20:40:39,2026-02-12 20:40:39
TR103308,ANT,Talihaven,5.72,yolda,2026-08-19 18:49:55,
TR103309,BUR,Lake Aytuna,7.43,teslim,2026-08-07 11:01:01,2026-08-08 11:01:01
TR103310,BUR,Bilirchester,-1.2,iade,2026-06-04 09:50:23,
TR103311,ANK,West Fadile,21.83,iade,2026-04-26 18:54:07,
TR103312,IST,Çamurcuoğluburgh,11.4,teslim,2026-01-27 20:03:06,2026-02-01 20:03:06
TR103313,IST,Abdülkerimchester,22.93,teslim,2026-04-30 17:16:51,2026-05-01 17:16:51
TR103314,IST,Port İmrenberg,4.05,iade,2026-03-31 12:21:16,
TR103315,ANK,Behizamouth,28.16,teslim,2026-04-26 18:44:00,2026-04-29 18:44:00
TR103316,IST,East Aksöğüt,23.79,iade,2026-02-16 19:11:09,
TR103317,IST,North Nihan,16.32,teslim,2026-05-16 03:16:39,2026-05-23 03:16:39
TR103318,IST,Zenginchester,6.15,yolda,2026-05-01 20:29:10,
TR103319,ANT,Hafızafurt,26.78,yolda,2026-08-29 05:39:24,
TR103320,IZM,West Urhanmouth,14.42,teslim,2026-07-13 18:38:38,2026-07-16 18:38:38
TR103321,ANT,Mançomouth,20.79,teslim,2026-05-24 14:04:18,2026-05-25 14:04:18
TR103322,ANT,New Zemzem,3.78,iade,2026-07-22 20:29:04,
TR103323,ANT,Eraslanfurt,8.97,teslim,2026-03-17 02:20:37,2026-03-18 02:20:37
TR103324,BUR,Lake Doğannurside,4.34,iade,2026-01-22 14:26:58,
TR103325,ANK,East Gülselinstad,12.87,teslim,2026-05-24 04:07:32,2026-05-25 04:07:32
TR103326,IZM,Teksoymouth,6.85,teslim,2026-05-08 03:29:39,2026-05-11 03:29:39
TR103327,BUR,East Pekkanshire,20.63,iade,2026-07-10 14:00:08,
TR103328,IST,Kutgünchester,14.81,iade,2026-03-15 19:46:48,
TR103329,IST,Port Sencarside,28.7,teslim,2026-06-20 09:26:49,2026-06-22 09:26:49
TR103330,IZM,South Günver,2.38,yolda,2026-07-19 15:53:22,
TR103331,IST,Tevetoğluville,10.88,yolda,2026-03-02 05:12:45,
TR103332,ANT,Bilirborough,4.62,teslim,2026-02-16 17:37:16,2026-02-17 17:37:16
TR103333,ANT,Hüsmenburgh,10.11,yolda,2026-02-22 00:52:33,
TR103334,BUR,Ergülborough,4.59,teslim,2026-06-14 20:22:50,2026-06-20 20:22:50
TR103335,IZM,Tezolstad,18.78,iade,2026-06-21 11:25:26,
TR103336,IZM,Fadılaside,26.27,yolda,2026-02-20 02:19:43,
TR103337,BUR,Bilginfurt,19.89,yolda,2026-08-04 21:02:30,
TR103338,IST,Arslanmouth,23.69,yolda,2026-07-21 05:53:01,
TR103339,ANK,South Seydo,9.68,teslim,2026-03-12 00:44:59,2026-03-19 00:44:59
TR103340,BUR,Benekburgh,21.67,yolda,2026-01-11 08:48:37,
TR103341,IST,Zenginchester,3.48,yolda,2026-02-17 06:08:29,
TR103342,IZM,Akartown,4.43,yolda,2026-06-21 12:15:32,
TR103343,ANK,East Neyran,5.54,yolda,2026-09-07 10:02:45,
TR103344,IZM,New Lüfenchester,9.65,yolda,2026-09-07 19:46:47,
TR103345,BUR,Neyranbury,20.83,yolda,2026-01-18 22:31:43,
TR103346,ANT,Tarhanland,23.83,yolda,2026-03-15 17:12:46,
TR103347,ANK,Lake Nazimetfurt,24.08,yolda,2026-06-02 21:06:43,
TR103348,ANK,Port Güneri,11.56,iade,2026-08-12 11:15:05,
TR103349,BUR,İnsafbury,16.21,iade,2026-07-06 20:25:09,
TR103350,ANT,İSTANBUL,16.13,yolda,2026-03-19 02:47:19,
TR103351,IST,West Bedi,17.47,teslim,2026-05-15 09:42:41,2026-05-19 09:42:41
TR103352,ANT,New Bağdat,17.38,yolda,2026-01-22 01:37:02,
TR103353,ANK,Lake Necilal,21.12,iade,2026-07-07 09:41:31,
TR103354,IST,Port Hükümdar,6.18,teslim,2026-07-01 08:51:04,2026-07-04 08:51:04
TR103355,ANT,Port Nefaretmouth,14.27,teslim,2026-07-08 06:19:17,2026-07-11 06:19:17
TR103356,IST,South İmrihan,27.35,teslim,2026-03-12 22:10:33,2026-03-13 22:10:33
TR103357,ANK,Lake Annakchester,8.91,yolda,2026-02-06 04:40:51,
TR103358,ANT,Bilgefurt,29.16,teslim,2026-07-30 22:17:17,2026-08-06 22:17:17
TR103359,ANK,Eraslanside,6.4,yolda,2026-02-06 09:33:32,
TR103360,ANK,South Damlanurton,3.61,teslim,2026-02-26 01:20:15,2026-02-27 01:20:15
TR103361,ANK,Karadenizton,11.39,iade,2026-05-03 20:19:03,
TR103362,BUR,Demirelhaven,11.21,teslim,2026-05-31 04:35:17,2026-06-06 04:35:17
TR103363,IST,Çetinville,19.92,iade,2026-06-29 23:13:41,
TR103364,ANT,Port Refik,26.13,teslim,2026-02-19 07:32:25,2026-02-23 07:32:25
TR103365,IZM,Lake Hamistad,4.32,teslim,2026-08-23 05:56:35,2026-08-25 05:56:35
TR103366,IST,Fehimbury,17.12,teslim,2026-06-19 10:08:45,2026-06-20 10:08:45
TR103367,ANK,West Dayar,22.99,yolda,2026-07-16 11:46:41,
TR103368,ANK,South Özayfort,22.47,yolda,2026-05-18 05:45:58,
TR103369,IZM,Uygunport,14.16,iade,2026-04-15 02:44:17,
TR103370,IZM,Aynımahview,13.37,iade,2026-07-01 18:20:52,
TR103371,IST,Müsemmaton,8.67,iade,2026-08-18 18:00:08,
TR103372,IST,New Seydo,18.16,teslim,2026-03-05 10:47:38,2026-03-06 10:47:38
TR103373,ANK,West Koncagül,0.42,teslim,2026-01-20 03:29:12,2026-01-25 03:29:12
TR103374,BUR,Tansığburgh,16.67,yolda,2026-05-30 22:32:19,
TR103375,ANT,Cananmouth,15.11,yolda,2026-08-18 12:29:29,
TR103376,ANK,Lake Zahfer,12.77,iade,2026-05-04 14:10:52,
TR103377,IST,New Sittik,15.69,teslim,2026-02-28 23:54:19,2026-03-03 23:54:19
TR103378,ANK,Rümeysabury,12.07,teslim,2026-06-08 06:57:21,2026-06-14 06:57:21
TR103379,BUR,New Tali,5.59,teslim,2026-01-20 22:43:35,2026-01-22 22:43:35
TR103380,ANT,West Yurdanurhaven,18.19,iade,2026-03-08 16:33:02,
TR103381,BUR,Güçlüburgh,14.37,teslim,2026-07-29 18:47:47,2026-08-05 18:47:47
TR103382,BUR,New Eşim,24.83,iade,2026-05-23 18:00:23,
TR103383,IZM,Çelemfort,19.43,teslim,2026-05-12 03:09:25,2026-05-13 03:09:25
TR103384,IST,Akçayfort,3.22,teslim,2026-03-16 18:01:28,2026-03-19 18:01:28
TR103385,ANT,Lake Bedimouth,23.39,yolda,2026-06-06 14:22:15,
TR103386,IST,Kıratbury,7.26,yolda,2026-04-07 09:13:35,
TR103387,IST,Neviseville,2.05,teslim,2026-03-09 08:37:49,2026-03-14 08:37:49
TR103388,IST,Esmanperimouth,22.72,iade,2026-03-27 13:20:17,
TR103389,ANK,Port Gülfezabury,16.6,yolda,2026-08-19 04:58:15,
TR103390,IST,Solmaton,7.29,iade,2026-03-29 17:25:12,
TR103391,ANT,West Ferinazland,1.44,teslim,2026-06-13 19:54:40,2026-06-18 19:54:40
TR103392,IST,Port Baltaşmouth,1.54,yolda,2026-04-25 12:01:15,
TR103393,IST,East Oğulbaş,29.42,teslim,2026-08-18 03:45:03,2026-08-21 03:45:03
TR103394,BUR,East Yasemen,15.06,yolda,2026-03-22 00:26:53,
TR103395,BUR,North Nevsale,21.8,yolda,2026-07-06 04:32:51,
TR103396,IST,Cercisborough,10.01,teslim,2026-04-23 06:47:51,2026-04-29 06:47:51
TR103397,ANT,New Tali,3.12,iade,2026-02-03 19:08:28,
TR103398,ANT,East N˜zamett˜n,23.9,teslim,2026-02-02 17:00:28,2026-02-03 17:00:28
TR103399,ANT,Ertaşville,26.08,yolda,2026-08-25 12:36:46,
TR103400,ANK,West Rezinland,4.63,teslim,2026-08-06 14:17:17,2026-08-09 14:17:17
TR103401,IST,Demirmouth,26.57,yolda,2026-03-27 08:31:31,
TR103402,ANK,Akarville,26.54,teslim,2026-02-11 10:55:10,2026-02-17 10:55:10
TR103403,ANK,New Duha,23.09,iade,2026-08-08 16:56:52,
TR103404,ANT,New Adilaville,29.77,teslim,2026-05-06 13:32:33,2026-05-11 13:32:33
TR103405,ANT,New Rojnu,27.91,iade,2026-06-30 23:25:28,
TR103406,BUR,Yılmazview,23.58,yolda,2026-09-05 16:27:02,
TR103407,IZM,Elginburgh,10.87,yolda,2026-06-17 04:47:34,
TR103408,IST,Zorluport,26.73,yolda,2026-05-17 16:50:42,
TR103409,BUR,Gülterbury,7.25,iade,2026-05-06 10:31:32,
TR103410,ANT,Ticenside,2.34,iade,2026-05-22 13:22:49,
TR103411,BUR,Perenmouth,3.01,teslim,2026-07-24 10:35:03,2026-07-29 10:35:03
TR103412,IZM,South Abid,16.46,teslim,2026-02-22 08:40:48,2026-02-24 08:40:48
TR103413,IST,Soyluburgh,13.7,teslim,2026-05-14 00:56:01,2026-05-18 00:56:01
TR103414,ANK,Port Akayport,2.14,teslim,2026-03-20 12:11:44,2026-03-23 12:11:44
TR103415,IZM,Şamaside,10.67,iade,2026-02-15 19:08:28,
TR103416,BUR,ISTANBUL,7.81,teslim,2026-03-22 00:10:41,2026-03-24 00:10:41
TR103417,IZM,West Fadile,22.92,yolda,2026-04-10 02:15:45,
TR103418,ANK,Gülsevilfort,28.2,yolda,2026-05-08 16:05:14,
TR103419,BUR,Neyranborough,1.28,iade,2026-02-19 00:57:39,
TR103420,BUR,West Gözel,12.33,yolda,2026-08-19 19:53:17,
TR103421,ANK,Çetinburgh,13.28,iade,2026-03-25 14:22:45,
TR103422,ANT,West Göli,28.57,iade,2026-03-12 09:50:27,
TR103423,IST,Öcalanview,20.5,yolda,2026-07-13 01:36:31,
TR103424,BUR,Birgülport,7.96,iade,2026-04-08 21:33:44,
TR103425,IST,West Türkalp,18.66,iade,2026-06-03 01:43:39,
TR103426,IST,Aynilhayatport,22.26,iade,2026-05-27 12:36:13,
TR103427,ANT,İnönüchester,0.34,teslim,2026-06-24 05:46:03,2026-06-30 05:46:03
TR103428,BUR,Yorulmazchester,4.83,teslim,2026-01-12 06:34:32,2026-01-15 06:34:32
TR103429,IST,South Sarpkın,6.77,yolda,2026-05-27 09:36:22,
TR103430,IST,East Silanur,10.53,yolda,2026-01-17 15:16:01,
TR103431,ANT,Çakartown,27.01,yolda,2026-04-19 11:08:17,
TR103432,IST,Çetinfurt,2.67,yolda,2026-05-15 01:31:26,
TR103433,IST,Port Melihcan,27.53,iade,2026-05-16 13:18:33,
TR103434,BUR,Akdenizview,6.06,yolda,2026-09-06 21:44:29,
TR103435,IST,East Gündenmouth,9.59,yolda,2026-02-20 13:28:27,
TR103436,BUR,Akçaton,6.46,iade,2026-07-15 08:40:14,
TR103437,BUR,Yükselview,3.52,iade,2026-06-10 13:21:16,
TR103438,IST,Yorulmazville,16.4,yolda,2026-09-02 16:36:10,
TR103439,ANK,Savniside,19.24,yolda,2026-01-31 20:43:46,
TR103440,ANT,İhsanoğluport,1.04,yolda,2026-06-02 13:12:59,
TR103441,BUR,Yamanland,1.97,iade,2026-02-22 04:35:09,
TR103442,BUR,Alemdarberg,29.36,yolda,2026-05-16 02:41:14,
TR103443,ANK,Maynurborough,26.05,teslim,2026-03-09 11:42:57,2026-03-10 11:42:57
TR103444,BUR,South Okanaymouth,8.17,iade,2026-08-16 06:23:54,
TR103445,ANK,Irıshaven,2.6,iade,2026-08-20 11:57:50,
TR103446,BUR,East Benolmouth,2.54,teslim,2026-05-03 05:55:45,2026-05-06 05:55:45
TR103447,BUR,Korutürkborough,26.15,iade,2026-05-30 08:36:28,
TR103448,ANK,Bezekbury,20.12,iade,2026-03-22 14:00:48,
TR103449,ANK,Türabiborough,24.93,yolda,2026-07-08 00:42:20,
TR103450,IZM,Necvatown,28.9,teslim,2026-04-20 15:59:58,2026-04-24 15:59:58
TR103451,ANK,Lake İlgichester,6.04,yolda,2026-03-05 13:06:52,
TR103452,BUR,Sezginton,14.32,yolda,2026-06-12 23:33:43,
TR103453,ANK,New Çakartown,28.97,iade,2026-08-03 06:43:28,
TR103454,IZM,Türkhaven,27.39,yolda,2026-08-17 18:32:45,
TR103455,BUR,Arslanshire,24.71,iade,2026-05-17 02:13:02,
TR103456,ANT,Lake Binbaşarshire,6.04,iade,2026-05-19 16:30:11,
TR103457,ANT,New Güleğenhaven,18.53,iade,2026-02-14 20:32:37,
TR103458,IZM,Mansızborough,0.52,yolda,2026-02-13 03:24:32,
TR103459,ANK,Alemdarview,15.03,yolda,2026-02-07 10:53:31,
TR103460,IST,Akgündüzberg,23.78,yolda,2026-07-09 22:29:01,
TR103461,BUR,İstanbul,7.96,iade,2026-05-18 09:31:46,
TR103462,IST,Fıratchester,29.65,iade,2026-05-22 00:57:36,
TR103463,BUR,Durduport,19.2,teslim,2026-01-18 09:56:41,2026-01-24 09:56:41
TR103464,IST, Istanbul ,1.19,iade,2026-01-12 12:55:37,
TR103465,ANK,Şinasiberg,12.66,iade,2026-04-07 12:59:56,
TR103466,ANK,New Tasvir,18.07,iade,2026-04-20 14:23:17,
TR103467,ANK,Şensoyborough,28.58,teslim,2026-05-16 22:00:58,2026-05-19 22:00:58
TR103468,ANT,Ümmühanshire,28.66,iade,2026-08-21 03:51:28,
TR103469,IZM,Port Gazel,,yolda,2026-03-10 08:05:00,
TR103470,ANT,Işımanville,24.59,yolda,2026-03-31 03:06:24,
TR103471,BUR,Port Ergünside,19.5,teslim,2026-01-20 06:08:01,2026-01-26 06:08:01
TR103472,BUR,West Teksoybury,12.37,yolda,2026-05-25 10:08:31,
TR103473,ANT,West Günver,12.83,yolda,2026-04-01 03:55:42,
TR103474,IST,Nakipborough,27.8,yolda,2026-06-23 20:18:50,
TR103475,BUR,East Anargülville,11.26,yolda,2026-05-28 01:45:25,
TR103476,ANT,South Ledünfurt,4.96,iade,2026-06-04 18:01:09,
TR103477,BUR,Dumanlıfurt,8.62,yolda,2026-01-29 04:24:51,
TR103478,BUR,Port Çeviköz,19.06,iade,2026-03-28 05:08:30,
TR103479,ANT,North Hiçsönmezhaven,28.14,iade,2026-08-27 06:55:36,
TR103480,IST,East Lütfiville,2.78,teslim,2026-08-22 15:53:00,2026-08-23 15:53:00
TR103481,BUR,Temizkalchester,3.2,teslim,2026-07-19 00:31:29,2026-07-24 00:31:29
TR103482,ANT,North Ferhan,27.82,iade,2026-03-25 05:46:37,
TR103483,BUR,Eraslanhaven,15.15,teslim,2026-05-29 19:49:40,2026-06-04 19:49:40
TR103484,IZM,Yıldırımtown,25.57,teslim,2026-02-22 13:32:53,2026-02-28 13:32:53
TR103485,BUR,Gülenville,16.59,teslim,2026-06-06 15:49:55,2026-06-08 15:49:55
TR103486,BUR,Tayaydınland,28.52,teslim,2026-05-27 19:34:16,2026-05-29 19:34:16
TR103487,BUR,Mükraminland,12.45,yolda,2026-06-27 16:15:53,
TR103488,BUR,Yıldırımview,0.33,iade,2026-06-10 09:50:33,
TR103489,ANK,East Oldağburgh,15.28,yolda,2026-05-15 14:48:26,
TR103490,IZM,East Gülbaniberg,9.29,yolda,2026-08-17 07:57:50,
TR103491,ANK,İnönüton,0.22,yolda,2026-03-05 12:39:08,
TR103492,IST,Port Seçgül,0.56,yolda,2026-02-02 19:57:23,
TR103493,IZM,Nuriyetchester,25.24,teslim,2026-05-03 21:27:00,2026-05-10 21:27:00
TR103494,ANT,Akçayburgh,9.59,iade,2026-03-12 05:32:56,
TR103495,BUR,Lake Süleyla,7.33,teslim,2026-07-30 11:24:11,2026-08-04 11:24:11
TR103496,ANK,Durmuşaliburgh,18.53,yolda,2026-03-21 14:28:31,
TR103497,IST,Bilirport,24.06,yolda,2026-01-21 17:08:20,
TR103498,BUR,Ruhsatmouth,3.95,iade,2026-06-15 20:02:04,
TR103499,BUR,West Alpsüfort,29.32,iade,2026-01-21 03:08:23,
TR103500,IZM,South Aygutalp,15.57,teslim,2026-01-23 08:40:59,2026-01-27 08:40:59
TR103501,ANK,İnönühaven,3.08,yolda,2026-08-07 13:58:28,
TR103502,IST,North Akdora,18.98,teslim,2026-03-16 23:47:51,2026-03-21 23:47:51
TR103503,IZM,North Şahat,25.14,yolda,2026-05-25 11:30:37,
TR103504,ANK,South Benicechester,2.89,teslim,2026-02-04 19:54:16,2026-02-07 19:54:16
TR103505,IST,Yamantown,18.9,teslim,2026-08-06 12:21:50,2026-08-10 12:21:50
TR103506,ANK,Güçlüview,0.93,iade,2026-05-11 00:27:00,
TR103507,ANT,Sevgenside,27.63,iade,2026-02-28 20:36:05,
TR103508,BUR,South Elifnurshire,0.86,teslim,2026-06-01 01:10:54,2026-06-06 01:10:54
TR103509,ANK,East Gök,29.5,iade,2026-03-27 07:13:56,
TR103510,IZM,East Seyhan,5.68,iade,2026-03-01 11:35:54,
TR103511,ANK,Lake Ünlenport,8.98,iade,2026-02-10 23:45:38,
TR103512,ANK,East Mutasımview,21.82,iade,2026-09-05 22:03:18,
TR103513,IZM,Tutkunmouth,19.81,yolda,2026-03-22 18:32:59,
TR103514,IST,Erselmouth,28.06,yolda,2026-08-27 12:12:57,
TR103515,IST,Sidarberg,19.19,iade,2026-06-22 23:13:27,
TR103516,IST,Lake Öktürkton,3.42,iade,2026-08-23 01:48:36,
TR103517,IST,North Ferat,3.3,iade,2026-03-27 22:13:46,
TR103518,IZM,East Özkutlu,26.85,yolda,2026-01-23 07:40:11,
TR103519,BUR,New Damlanurfort,25.35,teslim,2026-05-15 07:55:24,2026-05-16 07:55:24
TR103520,IST,Lake Meleknur,14.78,teslim,2026-05-23 15:06:02,2026-05-27 15:06:02
TR103521,IST,Bilirmouth,14.65,teslim,2026-06-16 14:41:59,2026-06-20 14:41:59
TR103522,IST,Hasretmouth,6.39,iade,2026-09-08 08:45:24,
TR103523,BUR,Sevcanhaven,26.7,yolda,2026-02-24 19:51:27,
TR103524,BUR,Karacaview,24.28,iade,2026-05-21 02:02:13,
TR103525,IST,Öcalanside,27.12,teslim,2026-05-22 11:53:44,2026-05-25 11:53:44
TR103526,ANT,Lake Uygunhaven,18.97,iade,2026-07-06 06:52:38,
TR103527,IZM,Port Yönetmenchester,29.81,teslim,2026-04-22 03:46:04,2026-04-20 03:46:04
TR103528,ANT,North Muvaffak,18.04,yolda,2026-01-19 22:34:45,
TR103529,ANT,North Hezniyeport,22.28,teslim,2026-07-06 17:17:33,2026-07-08 17:17:33
TR103530,ANT,Tansığmouth,0.98,teslim,2026-02-28 02:53:53,2026-03-02 02:53:53
TR103531,ANT,Port Fayizeburgh,22.85,teslim,2026-06-28 11:02:52,2026-07-03 11:02:52
TR103532,IZM,East Tuğçe,3.53,teslim,2026-06-13 11:12:50,2026-06-20 11:12:50
TR103533,IZM,East Şermanstad,4.24,teslim,2026-04-06 05:33:42,2026-04-07 05:33:42
TR103534,ANK,New Gülsevil,8.1,teslim,2026-08-02 04:24:54,2026-08-08 04:24:54
TR103535,ANK,Port Gülçestad,28.6,yolda,2026-08-01 23:28:48,
TR103536,ANT,Lake Gülsiye,19.59,yolda,2026-08-07 13:48:34,
TR103537,BUR,Gülşahinville,13.14,yolda,2026-03-15 19:57:31,
TR103538,ANK,Port Ünal,7.58,yolda,2026-03-15 09:32:19,
TR103539,IZM,Akdenizborough,28.86,teslim,2026-03-10 02:55:21,2026-03-16 02:55:21
TR103540,ANT,South Sunelfurt,9.42,teslim,2026-04-28 04:46:45,2026-05-03 04:46:45
TR103541,BUR,Akçayfort,13.06,teslim,2026-07-31 16:45:10,2026-08-06 16:45:10
TR103542,BUR,Esenbayport,17.93,yolda,2026-07-10 19:49:07,
TR103543,IZM,West Örfiyeside,18.73,yolda,2026-01-10 04:59:59,
TR103544,BUR,Lake Nirgül,12.94,iade,2026-05-11 02:04:34,
TR103545,IZM,North İldemberg,11.28,iade,2026-08-28 18:02:40,
TR103546,IST,Alemdarburgh,13.54,iade,2026-03-06 21:56:18,
TR103547,IZM,Çetinburgh,17.65,teslim,2026-04-14 05:37:24,2026-04-19 05:37:24
TR103548,ANT,Zenginborough,24.82,yolda,2026-06-21 19:09:12,
TR103549,ANT,Berranbury,10.63,iade,2026-04-16 14:34:29,
TR103550,ANK,South Erdibay,24.29,teslim,2026-04-27 08:14:27,2026-04-28 08:14:27
TR103551,ANK,East Asu,10.8,yolda,2026-08-25 14:57:53,
TR103552,IZM,Tunçkılıçtown,11.22,teslim,2026-03-06 09:02:48,2026-03-08 09:02:48
TR103553,IST,Gülfezaville,0.39,yolda,2026-02-24 14:56:40,
TR103554,IST,Bilginmouth,21.53,iade,2026-08-30 11:37:46,
TR103555,ANT,New Nezengülmouth,23.88,teslim,2026-05-06 02:55:43,2026-05-10 02:55:43
TR103556,IST,Port İlkbaharmouth,11.63,teslim,2026-03-10 18:04:25,2026-03-15 18:04:25
TR103557,ANK,South Ozansüville,15.87,iade,2026-04-25 17:53:08,
TR103558,IZM,Zenginburgh,21.52,teslim,2026-07-10 06:02:18,2026-07-15 06:02:18
TR103559,IST,Muktedirhaven,17.26,iade,2026-07-18 07:42:26,
TR103560,BUR,Lake Necilalstad,20.5,iade,2026-02-19 02:12:03,
TR103561,IZM,Karadenizchester,24.42,yolda,2026-04-13 18:42:49,
TR103562,IST,Lake Diricanview,24.1,teslim,2026-06-22 19:59:29,2026-06-24 19:59:29
TR103563,IST,Safurahaven,29.71,yolda,2026-04-27 04:57:28,
TR103564,IST,Ülkerview,3.81,yolda,2026-05-17 18:37:06,
TR103565,IZM,North Derkayfort,17.78,teslim,2026-05-28 14:01:41,2026-06-02 14:01:41
TR103566,IST,Bilginshire,8.62,teslim,2026-04-14 08:14:38,2026-04-19 08:14:38
TR103567,ANT,Dincerfort,29.64,iade,2026-06-27 12:42:20,
TR103568,IZM,Tevetoğluhaven,4.02,yolda,2026-08-15 19:32:02,
TR103569,IST,New Doğanşahshire,26.89,yolda,2026-06-07 15:40:31,
TR103570,IST,North Nevsalstad,10.19,iade,2026-02-17 08:30:20,
TR103571,BUR,Alemdarfurt,2.94,teslim,2026-08-23 08:50:00,2026-08-24 08:50:00
TR103572,IZM,Sefermouth,8.31,yolda,2026-01-25 13:16:18,
TR103573,BUR,South Pürçekchester,2.49,yolda,2026-07-08 00:08:22,
TR103574,BUR,New Işıkay,18.41,yolda,2026-01-20 00:41:28,
TR103575,IZM,Demirizport,20.92,yolda,2026-01-19 10:44:46,
TR103576,BUR,Lake Açılayview,25.48,yolda,2026-06-19 03:09:48,
TR103577,IZM,Yalazabaybury,28.14,teslim,2026-05-29 07:59:41,2026-06-05 07:59:41
TR103578,ANK,Çetinton,1.53,teslim,2026-04-27 12:06:19,2026-04-28 12:06:19
TR103579,IST,Sezerview,29.81,teslim,2026-05-16 02:22:43,2026-05-18 02:22:43
TR103580,BUR,New Havse,6.87,iade,2026-03-13 10:31:51,
TR103581,IZM,İnönüstad,24.5,teslim,2026-05-15 01:51:13,2026-05-17 01:51:13
TR103582,IST,Akdenizland,28.03,iade,2026-03-17 21:24:02,
TR103583,IST,Nurgilside,3.41,teslim,2026-05-19 16:36:10,2026-05-17 16:36:10
TR103584,IST,Tanpınarville,7.99,yolda,2026-04-08 10:49:07,
TR103585,ANT,Hayrioğlufort,23.77,iade,2026-02-14 04:35:44,
TR103586,IZM,Akarview,20.99,yolda,2026-03-23 09:08:25,
TR103587,BUR,Uludağmouth,3.69,teslim,2026-07-17 14:20:18,2026-07-22 14:20:18
TR103588,ANK,East Tonguç,22.62,yolda,2026-05-30 10:47:06,
TR103589,BUR,,20.08,yolda,2026-01-16 06:09:26,
TR103590,ANT,Kandefside,7.29,iade,2026-07-25 15:04:38,
TR103591,BUR,Mansızland,29.29,yolda,2026-03-20 03:55:39,
TR103592,BUR,North Özlemfurt,6.85,yolda,2026-03-28 04:58:22,
TR103593,IZM,Lake Uraltay,21.37,yolda,2026-04-22 08:29:26,
TR103594,ANT,Özkutluberg,25.08,yolda,2026-08-05 00:01:06,
TR103595,ANK,Port Şöhretport,20.88,teslim,2026-06-08 16:24:08,2026-06-14 16:24:08
TR103596,IST,West Muktedirmouth,6.45,teslim,2026-09-05 07:11:34,2026-09-09 07:11:34
TR103597,ANK,New Gönen,14.1,iade,2026-01-25 21:44:03,
TR103598,ANK,South Muhyettinbury,14.68,yolda,2026-04-26 09:35:44,
TR103599,ANK,South Sehel,24.44,yolda,2026-04-15 08:32:52,
TR103600,ANT,North Sunel,25.77,iade,2026-04-03 22:40:20,
TR103601,BUR,Port Nilcanfort,19.69,yolda,2026-04-14 16:58:04,
TR103602,IST,Durmuşside,27.43,iade,2026-06-29 13:00:48,
TR103603,BUR,South Karaca,29.25,teslim,2026-08-18 16:38:47,2026-08-21 16:38:47
TR103604,ANT,Şenershire,6.17,iade,2026-07-30 11:08:22,
TR103605,ANK,Çolpanstad,2.15,yolda,2026-06-09 09:46:21,
TR103606,ANK,Arsoystad,20.62,yolda,2026-04-22 10:14:10,
TR103607,IST,Hacilestad,4.5,iade,2026-04-11 05:19:14,
TR103608,IST,West Zülbiye,7.29,teslim,2026-02-08 23:46:22,2026-02-14 23:46:22
TR103609,ANK,North Ferinaz,8.08,yolda,2026-04-15 22:56:07,
TR103610,ANT,Dinçsübury,13.63,yolda,2026-07-13 19:54:02,
TR103611,IST,South Sahir,27.82,yolda,2026-05-25 08:29:38,
TR103612,BUR,South Nursermouth,6.44,teslim,2026-08-21 02:11:13,2026-08-24 02:11:13
TR103613,ANT,Erdoğanburgh,12.98,yolda,2026-07-22 03:19:07,
TR103614,IST,Durmuşton,13.3,yolda,2026-01-18 15:49:56,
TR103615,IST,Bilgeberg,1.57,yolda,2026-05-25 01:35:58,
TR103616,BUR,Bedriview,5.9,yolda,2026-02-03 20:08:49,
TR103617,ANK,Şahıgültown,17.86,teslim,2026-08-19 08:11:33,2026-08-23 08:11:33
TR103618,ANT,Şafakberg,14.86,iade,2026-08-30 05:01:50,
TR103619,IST,Lake Aysuna,20.47,yolda,2026-06-12 22:59:04,
TR103620,ANK,Tuğrulhanbury,28.77,iade,2026-05-10 09:29:05,
TR103621,IST,Mançoside,26.86,teslim,2026-08-19 09:09:34,2026-08-20 09:09:34
TR103622,IZM,Abidton,7.24,iade,2026-08-25 23:45:06,
TR103623,IST,Port Besinland,8.34,iade,2026-05-29 05:45:48,
TR103624,BUR,Gülburgh,11.82,iade,2026-08-03 19:32:11,
TR103625,IZM,New Idık,14.91,teslim,2026-03-26 15:41:02,2026-03-28 15:41:02
TR103626,ANK,Lake Emişville,10.49,teslim,2026-03-21 10:57:55,2026-03-28 10:57:55
TR103627,ANT,North Ünekshire,8.71,yolda,2026-05-18 22:12:42,
TR103628,ANK,Kısakürekfort,15.15,teslim,2026-06-09 13:00:36,2026-06-10 13:00:36
TR103629,ANT,Kahirville,14.36,iade,2026-03-04 20:42:21,
TR103630,ANK,Hürdoğanchester,5.19,yolda,2026-05-10 22:15:18,
TR103631,IST,Çorluburgh,5.08,iade,2026-04-17 22:38:45,
TR103632,BUR,Akarbury,-1.2,yolda,2026-04-21 05:47:30,
TR103633,BUR,West Aysunaville,12.89,teslim,2026-05-26 11:07:53,2026-06-01 11:07:53
TR103634,IZM,Akçasuton,26.45,teslim,2026-08-01 12:30:02,2026-08-03 12:30:02
TR103635,IST,Lake Çakarville,17.86,teslim,2026-08-14 10:31:00,2026-08-20 10:31:00
TR103636,ANT,New Akartown,0.13,yolda,2026-03-16 12:21:35,
TR103637,IST,Hançertown,1.45,teslim,2026-05-17 00:15:24,2026-05-21 00:15:24
TR103638,IZM,Berkiburgh,25.08,teslim,2026-08-18 16:34:50,2026-08-23 16:34:50
TR103639,ANT,Akçayside,5.1,iade,2026-03-24 06:29:03,
TR103640,IST,Dayarberg,3.09,teslim,2026-04-04 21:05:44,2026-04-11 21:05:44
TR103641,IZM,Maynurburgh,13.63,iade,2026-08-30 23:29:01,
TR103642,IZM,New Gencaslan,29.69,iade,2026-06-30 05:18:11,
TR103643,BUR,New Asaletside,7.68,yolda,2026-07-01 22:23:48,
TR103644,IST,Sidkiville,24.85,yolda,2026-02-25 18:49:24,
TR103645,IZM,New Gülay,26.75,yolda,2026-05-25 15:07:23,
TR103646,ANT,South Kelâmiberg,14.58,iade,2026-03-16 01:50:52,
TR103647,ANT,Ayşeanaside,21.87,yolda,2026-09-05 05:03:50,
TR103648,BUR,Akçaville,25.7,teslim,2026-06-10 02:00:35,2026-06-12 02:00:35
TR103649,ANK,West Okgüçlüstad,10.78,iade,2026-08-13 09:39:46,
TR103650,ANT,Port Efil,22.26,teslim,2026-03-05 23:28:25,2026-03-07 23:28:25
TR103651,IZM,Türkstad,6.27,yolda,2026-03-24 05:09:41,
TR103652,BUR,Sezginshire,19.2,teslim,2026-02-01 20:07:15,2026-02-03 20:07:15
TR103653,ANT,Lake Servinazmouth,26.99,yolda,2026-02-17 10:24:13,
TR103654,ANT,İnönüside,5.33,yolda,2026-08-02 20:50:43,
TR103655,IZM,Tiğinberg,26.65,iade,2026-03-29 02:31:36,
TR103656,ANT,West Perinur,12.58,yolda,2026-07-03 00:28:37,
TR103657,IZM,Şafakfurt,-1.2,yolda,2026-06-24 15:17:12,
TR103658,ANT,Yıldırımfort,21.08,iade,2026-02-11 01:37:26,
TR103659,IST,Kefserfort,13.06,iade,2026-02-19 14:01:22,
TR103660,ANT,Hançerfort,29.05,yolda,2026-09-03 20:10:37,
TR103661,IZM,New Atatöreborough,3.39,yolda,2026-05-01 14:32:43,
TR103662,ANK,Mufideshire,14.04,teslim,2026-02-13 16:59:29,2026-02-17 16:59:29
TR103663,IZM,Lake Tekbay,18.75,teslim,2026-08-08 20:50:44,2026-08-13 20:50:44
TR103664,ANK,North Talifurt,9.18,iade,2026-01-28 16:41:11,
TR103665,IST,Gürcüyeton,24.01,yolda,2026-03-24 04:13:07,
TR103666,IST,New Ziyaettin,6.6,teslim,2026-06-27 13:03:02,2026-07-01 13:03:02
TR103667,IST,North Ağbegim,1.69,iade,2026-01-27 10:31:51,
TR103668,IST,Lake Timurtaş,12.97,yolda,2026-03-23 04:36:12,
TR103669,IST,South Kırgız,1.59,iade,2026-02-07 09:46:22,
TR103670,IZM,North Çokanborough,23.58,teslim,2026-08-19 21:09:51,2026-08-22 21:09:51
TR103671,ANT,Abdülhadibury,4.74,iade,2026-02-24 05:59:15,
TR103672,IZM,South Mücellib,4.37,teslim,2026-05-18 12:31:25,2026-05-24 12:31:25
TR103673,ANK,Türkberg,13.02,iade,2026-06-03 10:58:47,
TR103674,ANK,New Süleyla,1.06,teslim,2026-03-06 02:09:30,2026-03-09 02:09:30
TR103675,ANK,Tarhanshire,24.37,yolda,2026-04-20 08:09:54,
TR103676,BUR,Kürşadview,12.73,iade,2026-09-10 06:13:17,
TR103677,IZM,South İmamfurt,17.95,teslim,2026-06-17 23:45:21,2026-06-20 23:45:21
TR103678,BUR,Port Dursadiye,20.4,teslim,2026-04-28 01:39:34,2026-05-03 01:39:34
TR103679,ANT,Lake Yosmafurt,4.26,yolda,2026-04-18 11:48:02,
TR103680,ANK,Yamanbury,12.55,teslim,2026-01-26 07:18:07,2026-01-29 07:18:07
TR103681,IZM,North Gülşahinfort,2.66,teslim,2026-02-06 11:02:18,2026-02-09 11:02:18
TR103682,BUR,New Tunçkılıç,16.42,iade,2026-02-04 21:31:54,
TR103683,BUR,Tülinfurt,2.97,yolda,2026-03-16 01:40:29,
TR103684,BUR,Serdashire,20.85,iade,2026-04-30 16:17:43,
TR103685,IZM,Port Enesfurt,14.1,iade,2026-04-21 15:03:10,
TR103686,BUR,New Ervaniyeborough,12.67,yolda,2026-03-29 13:39:20,
TR103687,BUR,South Cevaleville,0.93,yolda,2026-02-28 10:30:06,
TR103688,IST,North Örik,28.73,iade,2026-02-22 08:05:20,
TR103689,IST,Port Yurtsevenland,22.7,yolda,2026-03-22 17:09:59,
TR103690,IZM,Mansızstad,23.62,iade,2026-04-13 22:59:39,
TR103691,ANT,South Nafile,11.26,iade,2026-06-29 05:10:17,
TR103692,ANT,Port Mahir,27.01,iade,2026-01-26 00:20:07,
TR103693,IST,New Akcivanberg,22.68,yolda,2026-05-13 12:56:43,
TR103694,ANK,Hudaventstad,12.15,yolda,2026-05-22 15:17:35,
TR103695,ANT,Lake Barak,13.86,teslim,2026-07-08 12:11:10,2026-07-12 12:11:10
TR103696,IST,Mançoport,8.18,teslim,2026-06-11 00:59:41,2026-06-12 00:59:41
TR103697,IST,East Kamarborough,10.07,iade,2026-07-25 10:11:13,
TR103698,IZM,Yıldırımmouth,17.01,teslim,2026-05-20 12:24:46,2026-05-27 12:24:46
TR103699,IZM,New Gülper,25.94,iade,2026-02-06 00:23:57,
TR103700,ANT,East Havse,20.26,teslim,2026-05-01 20:15:18,2026-05-07 20:15:18
TR103701,IST,North Uğurland,21.08,iade,2026-05-13 09:31:03,
TR103702,ANK,New İlklimaburgh,16.91,iade,2026-06-18 06:28:26,
TR103703,ANK,Arısoyberg,6.78,yolda,2026-05-14 23:45:27,
TR103704,ANK,North Çinerk,9.1,iade,2026-02-19 09:07:15,
TR103705,IST,Port Önsalshire,24.19,yolda,2026-01-11 09:35:22,
TR103706,ANK,Port Pürçek,3.53,iade,2026-02-25 12:50:56,
TR103707,ANT,North Selcenfort,26.41,teslim,2026-01-23 17:44:49,2026-01-25 17:44:49
TR103708,IST,Arslanfurt,7.49,iade,2026-08-20 00:23:39,
TR103709,IST,Lake Edaviye,25.0,teslim,2026-07-03 16:56:35,2026-07-07 16:56:35
TR103710,BUR,Uğanmouth,1.76,yolda,2026-09-04 23:37:44,
TR103711,BUR,South Güngören,14.56,teslim,2026-07-15 03:30:38,2026-07-18 03:30:38
TR103712,ANK,East Server,25.27,teslim,2026-05-29 22:24:24,2026-06-05 22:24:24
TR103713,IZM,Eraslanburgh,24.67,iade,2026-03-18 18:47:35,
TR103714,BUR,South Süvariberg,25.79,iade,2026-06-02 00:26:25,
TR103715,IST,Sevenside,13.03,iade,2026-01-26 14:20:39,
TR103716,IST,Yamanstad,5.63,iade,2026-04-08 05:21:47,
TR103717,ANK,Sevenchester,5.21,iade,2026-03-31 21:20:42,
TR103718,ANT,Dumanlıfurt,6.09,iade,2026-07-07 22:38:05,
TR103719,IZM,Ulumanmouth,8.75,yolda,2026-07-09 01:59:48,
TR103720,BUR,Lake Gülseren,11.08,teslim,2026-06-13 23:33:48,2026-06-18 23:33:48
TR103721,BUR,East Özyurt,11.64,yolda,2026-03-31 00:58:17,
TR103722,BUR,Port Şazime,24.42,teslim,2026-03-25 05:37:38,2026-03-29 05:37:38
TR103723,IZM,Belgizarside,13.77,teslim,2026-09-07 10:02:55,2026-09-08 10:02:55
TR103724,BUR,Saryaport,0.43,iade,2026-06-17 14:28:44,
TR103725,IST,Mançofort,19.39,yolda,2026-04-02 23:47:44,
TR103726,ANT,Hançerchester,13.39,iade,2026-02-21 06:23:49,
TR103727,ANK,East Uluman,14.09,yolda,2026-01-29 19:59:35,
TR103728,BUR,Lake Ökkaş,8.38,iade,2026-08-12 07:51:21,
TR103729,ANT,Akçaymouth,25.69,teslim,2026-07-30 01:09:41,2026-08-02 01:09:41
TR103730,ANK,South Laze,10.53,iade,2026-01-19 07:51:57,
TR103731,ANT,Tuğçeshire,11.78,iade,2026-03-18 00:02:11,
TR103732,ANK,Durduborough,10.62,teslim,2026-03-11 14:23:02,2026-03-13 14:23:02
TR103733,ANT,Hayrioğlumouth,10.24,iade,2026-03-09 14:10:25,
TR103734,ANK,Port Doğannur,8.42,iade,2026-04-15 11:46:46,
TR103735,IZM,Lake Dayarland,27.71,iade,2026-05-12 21:02:15,
TR103736,BUR,North Babamouth,11.36,teslim,2026-02-12 08:57:08,2026-02-19 08:57:08
TR103737,ANT,Yayakborough,19.8,yolda,2026-02-14 00:04:13,
TR103738,ANT,West Bekbay,23.28,iade,2026-03-09 13:25:29,
TR103739,IZM,Meyhanimmouth,3.97,iade,2026-05-31 00:33:01,
TR103740,ANT,Zümreburgh,28.66,yolda,2026-07-13 13:50:19,
TR103741,ANT,Derkayside,18.56,yolda,2026-05-02 14:17:10,
TR103742,IST,East İntihap,1.44,yolda,2026-03-13 03:15:48,
TR103743,ANK,Aksuside,7.03,iade,2026-02-25 01:38:56,
TR103744,IST,Sezerview,15.03,iade,2026-08-12 13:42:38,
TR103745,BUR,Lake Filitmouth,9.78,iade,2026-04-16 22:11:06,
TR103746,ANK,East Çinerkfort,3.25,teslim,2026-02-16 18:27:06,2026-02-23 18:27:06
TR103747,BUR,Aksutown,22.7,teslim,2026-06-06 09:41:10,2026-06-12 09:41:10
TR103748,IST,Armahanshire,1.95,yolda,2026-08-25 17:15:15,
TR103749,IST,South Akçabay,1.22,yolda,2026-08-20 04:17:37,
TR103750,IST,Umutcanland,13.3,iade,2026-07-20 01:18:17,
TR103751,ANT,East Erözport,18.98,yolda,2026-06-02 18:03:25,
TR103752,IZM,North Süleyla,-3.5,teslim,2026-06-11 22:28:06,2026-06-13 22:28:06
TR103753,BUR,Sittikland,4.08,yolda,2026-03-27 15:06:20,
TR103754,ANT,Yıldırımshire,16.74,iade,2026-05-27 19:51:28,
TR103755,BUR,West Oranlı,13.18,teslim,2026-06-21 07:18:37,2026-06-24 07:18:37
TR103756,ANK,Gülcegüntown,6.12,yolda,2026-03-25 15:29:21,
TR103757,ANT,Güçyeterton,24.28,teslim,2026-07-19 05:11:27,2026-07-23 05:11:27
TR103758,ANT,Remazanmouth,0.82,teslim,2026-04-12 19:31:04,2026-04-13 19:31:04
TR103759,IST,Atagünview,6.19,iade,2026-06-27 05:05:14,
TR103760,IZM,West Hinetton,23.25,teslim,2026-07-06 23:23:20,2026-07-07 23:23:20
TR103761,ANT,Lake Masumetown,25.95,iade,2026-03-01 19:26:55,
TR103762,ANK,Akarfort,20.5,yolda,2026-05-07 15:10:11,
TR103763,ANT,Türkview,14.94,iade,2026-06-06 15:43:06,
TR103764,BUR,Yıldırhaven,15.08,teslim,2026-06-04 18:16:49,2026-06-09 18:16:49
TR103765,ANT,Demirelmouth,27.0,yolda,2026-06-23 22:27:47,
TR103766,IST,İklimview,13.22,teslim,2026-03-02 11:12:11,2026-03-09 11:12:11
TR103767,BUR,South Selatin,26.23,iade,2026-08-12 14:17:00,
TR103768,IST,South Tagangülland,3.9,iade,2026-04-23 15:16:19,
TR103769,IZM,North Erkanville,3.12,iade,2026-05-13 19:24:03,
TR103770,ANK,East Çakarland,1.64,yolda,2026-04-14 10:15:53,
TR103771,IZM,Port Cangür,0.77,iade,2026-03-10 21:08:42,
TR103772,IZM,Lake Akbaşmouth,11.77,yolda,2026-02-08 08:35:25,
TR103773,IST,East Mevlüdiyemouth,26.19,yolda,2026-09-06 20:51:16,
TR103774,IST,New Erbilton,16.08,teslim,2026-05-18 13:55:16,2026-05-21 13:55:16
TR103775,ANT,Lake Buhari,27.96,teslim,2026-03-04 22:37:15,2026-03-11 22:37:15
TR103776,IZM,Lake Cercistown,12.04,iade,2026-03-23 03:23:11,
TR103777,IST,East Ayşan,17.52,teslim,2026-06-27 05:16:15,2026-07-02 05:16:15
TR103778,IST,Hayrioğluhaven,1.07,yolda,2026-02-09 21:52:37,
TR103779,IZM,Alemdarborough,6.1,yolda,2026-03-25 21:13:32,
TR103780,ANK,South Sevindik,16.46,teslim,2026-07-21 10:14:16,2026-07-23 10:14:16
TR103781,IZM,South Kanpulathaven,27.73,iade,2026-08-27 21:47:31,
TR103782,IST,East Konguralpview,7.14,iade,2026-01-12 12:32:56,
TR103783,ANT,Lake Erdogan,27.14,teslim,2026-03-06 22:52:54,2026-03-13 22:52:54
TR103784,IST,East Toktuğ,10.44,iade,2026-02-08 12:01:20,
TR103785,ANT,South Ruhide,22.2,teslim,2026-04-08 12:09:59,2026-04-12 12:09:59
TR103786,BUR,Nazimetchester,28.4,teslim,2026-08-28 02:24:59,2026-09-02 02:24:59
TR103787,IST,Merzukchester,3.21,yolda,2026-07-25 20:03:56,
TR103788,ANT,Şirivanbury,6.83,yolda,2026-04-17 12:43:31,
TR103789,BUR,Lake Ummahaniview,14.38,yolda,2026-08-04 02:47:46,
TR103790,IST,North Baytal,0.89,teslim,2026-04-29 08:59:59,2026-04-30 08:59:59
TR103791,ANT,Ergülton,25.82,teslim,2026-02-03 10:53:01,2026-02-08 10:53:01
TR103792,IST,Çorlumouth,16.62,iade,2026-09-07 19:04:53,
TR103793,BUR,West Muhiyestad,20.89,teslim,2026-01-14 17:32:31,2026-01-18 17:32:31
TR103794,BUR,New Refikmouth,16.53,yolda,2026-09-02 05:26:12,
TR103795,IST,Cuheynastad,26.92,teslim,2026-07-04 03:20:34,2026-07-08 03:20:34
TR103796,IZM,Dönermouth,5.89,yolda,2026-07-23 03:11:53,
TR103797,IST,East Muarra,7.22,yolda,2026-08-10 02:01:05,
TR103798,IST,Lake Yalgınchester,6.89,teslim,2026-03-17 07:22:21,2026-03-22 07:22:21
TR103799,ANT,Hayrioğlufurt,17.08,iade,2026-07-09 15:18:13,
TR103800,ANK,Dumanlıberg,24.4,teslim,2026-07-09 02:59:29,2026-07-16 02:59:29
TR103801,ANK,Seventown,13.21,teslim,2026-03-06 06:00:44,2026-03-07 06:00:44
TR103802,IST,Çokanberg,9.49,yolda,2026-03-05 05:18:16,
TR103803,ANK,Akboğachester,29.94,iade,2026-06-14 04:33:06,
TR103804,BUR,New Kamar,14.41,teslim,2026-03-18 04:07:47,2026-03-23 04:07:47
TR103805,IST,North Özbilekfort,2.38,teslim,2026-04-04 08:13:57,2026-04-10 08:13:57
TR103806,ANK,Uludağborough,14.9,iade,2026-03-09 06:52:17,
TR103807,IZM,Gülenburgh,26.94,iade,2026-01-18 11:46:56,
TR103808,IZM,Möhsimborough,28.25,teslim,2026-05-07 22:44:06,2026-05-11 22:44:06
TR103809,IZM,Şafakchester,26.08,iade,2026-07-18 00:32:11,
TR103810,IZM,Ülkerton,9.63,teslim,2026-03-13 03:20:25,2026-03-18 03:20:25
TR103811,ANT,North Topuzfort,3.22,iade,2026-05-27 07:20:43,
TR103812,BUR,Fazulbury,21.19,yolda,2026-09-03 02:58:30,
TR103813,BUR,Sezginborough,8.47,iade,2026-07-30 12:55:21,
TR103814,ANT,Yılmazport,6.99,teslim,2026-06-20 18:19:27,2026-06-22 18:19:27
TR103815,ANT,Ranaport,6.4,iade,2026-03-12 15:59:07,
TR103816,ANK,Mansızville,1.17,yolda,2026-09-07 06:21:25,
TR103817,BUR,New Seler,19.53,teslim,2026-08-30 17:52:05,2026-09-05 17:52:05
TR103818,IST,Yahşiberg,0.74,yolda,2026-05-22 12:57:38,
TR103819,IZM, Istanbul ,17.69,teslim,2026-06-02 14:19:22,2026-06-05 14:19:22
TR103820,IST,İyiyürekbury,1.89,yolda,2026-07-02 16:46:29,
TR103821,BUR,Vildanebury,14.91,iade,2026-04-01 09:58:30,
TR103822,BUR,Çetinview,13.38,yolda,2026-05-11 10:45:36,
TR103823,BUR,Meleknurmouth,5.61,teslim,2026-08-13 14:38:21,2026-08-15 14:38:21
TR103824,ANT,West Rehime,1.66,yolda,2026-03-26 13:26:09,
TR103825,IST,Lake Mümtaze,16.29,yolda,2026-08-20 07:41:35,
TR103826,IST,Port Oliver,27.31,yolda,2026-09-03 17:36:12,
TR103827,IZM,Akgündüztown,24.33,yolda,2026-07-18 19:40:24,
TR103828,ANK,South Gazelmouth,22.74,iade,2026-05-11 19:21:47,
TR103829,ANT,Ertaşview,13.08,yolda,2026-02-10 15:32:46,
TR103830,IST,Kısakürekborough,24.24,yolda,2026-02-05 01:29:39,
TR103831,BUR,West Baturay,28.58,iade,2026-04-27 08:10:15,
TR103832,IZM,East Rengül,25.77,iade,2026-07-13 01:20:43,
TR103833,BUR,Yavuzfort,12.77,iade,2026-01-11 06:09:43,
TR103834,ANT,Port Sancak,23.09,iade,2026-08-16 06:47:07,
TR103835,ANK,Hayrioğluside,28.81,yolda,2026-05-14 08:39:09,
TR103836,ANK,New Nejdet,4.04,yolda,2026-03-28 18:22:57,
TR103837,IZM,Şermanton,2.66,teslim,2026-02-25 19:33:46,2026-02-28 19:33:46
TR103838,ANT,Olcafurt,8.95,teslim,2026-03-26 18:42:18,2026-04-02 18:42:18
TR103839,BUR,West Rasulborough,1.25,iade,2026-06-23 08:16:07,
TR103840,IZM,Aliihsantown,8.14,yolda,2026-03-07 00:26:12,
TR103841,ANT,West Berayberg,0.47,yolda,2026-06-22 17:39:11,
TR103842,ANT,Durmuşburgh,19.86,yolda,2026-07-02 13:06:38,
TR103843,ANK,İnönümouth,13.37,yolda,2026-08-28 16:44:27,
TR103844,IST,Azadeview,14.05,teslim,2026-02-20 21:57:31,2026-02-24 21:57:31
TR103845,BUR,Arslanburgh,19.17,yolda,2026-03-27 21:09:12,
TR103846,ANK,West Akkerman,12.32,iade,2026-08-25 20:05:48,
TR103847,IST,Port Tunguçside,8.37,iade,2026-02-27 04:40:29,
TR103848,ANT,Fehimmouth,9.49,iade,2026-07-14 08:36:44,
TR103849,ANK,Lake Akyıldızmouth,7.81,teslim,2026-06-04 17:13:40,2026-06-08 17:13:40
TR103850,IZM,West Nirgül,26.08,yolda,2026-06-12 16:22:56,
TR103851,ANK,Torhanshire,4.49,teslim,2026-01-23 11:35:02,2026-01-25 11:35:02
TR103852,IST,New Baltaşberg,7.06,iade,2026-08-18 20:47:02,
TR103853,IST,North Fahrullahberg,5.61,iade,2026-07-21 23:03:55,
TR103854,BUR,Lake Nazlim,17.44,iade,2026-02-18 18:46:22,
TR103855,ANK,Yazganalpmouth,1.92,teslim,2026-02-14 17:53:44,2026-02-19 17:53:44
TR103856,IZM,Şamaland,29.26,iade,2026-02-10 14:09:28,
TR103857,IZM,Duranton,16.26,teslim,2026-07-20 07:43:25,2026-07-26 07:43:25
TR103858,ANK,Şensoyfurt,10.56,teslim,2026-08-01 20:04:11,2026-08-06 20:04:11
TR103859,BUR,Port Kıvılcımmouth,3.48,teslim,2026-03-11 06:15:34,2026-03-16 06:15:34
TR103860,ANK,Port Rasulbury,9.84,teslim,2026-03-12 20:15:17,2026-03-14 20:15:17
TR103861,BUR,Lake Ummahaniside,2.23,yolda,2026-04-12 23:49:07,
TR103862,IZM,Lake Zemzembury,4.38,yolda,2026-01-19 11:29:56,
TR103863,ANT,North Metinkayabury,23.67,yolda,2026-07-14 23:26:53,
TR103864,BUR,New Tezol,26.93,yolda,2026-03-10 08:19:31,
TR103865,BUR,İnönüfurt,28.28,yolda,2026-05-15 11:49:06,
TR103866,ANT,Elgintown,1.03,yolda,2026-01-17 13:10:49,
TR103867,IST,North Kotuzshire,8.8,yolda,2026-06-20 05:12:46,
TR103868,IST,East Mevlüdiye,3.28,teslim,2026-01-24 01:18:01,2026-01-29 01:18:01
TR103869,IZM,West Züheylaland,15.37,teslim,2026-07-19 22:29:24,2026-07-26 22:29:24
TR103870,ANT,Feyhaburgh,23.53,iade,2026-08-23 22:27:08,
TR103871,IZM,East Güngören,28.2,iade,2026-06-13 07:42:13,
TR103872,ANT,Rüknettinside,1.07,yolda,2026-01-12 22:12:37,
TR103873,ANK,Aksuborough,11.49,iade,2026-06-04 10:26:17,
TR103874,IST,Tüzeerborough,28.66,iade,2026-09-03 01:07:08,
TR103875,ANT,Özdoğduville,29.93,teslim,2026-05-17 02:06:22,2026-05-22 02:06:22
TR103876,ANT,Yıldırımmouth,22.05,iade,2026-04-30 21:39:15,
TR103877,IST,Bilirburgh,25.44,iade,2026-09-01 09:29:59,
TR103878,IST,South Dorukhanborough,18.25,iade,2026-02-22 20:05:00,
TR103879,ANT,Yasemenborough,15.66,iade,2026-03-28 19:10:06,
TR103880,IZM,Yetişalmouth,5.93,yolda,2026-08-28 11:16:14,
TR103881,IZM,New Onursu,27.34,iade,2026-01-31 04:26:46,
TR103882,ANK,West Akarborough,23.99,yolda,2026-04-04 06:28:58,
TR103883,ANK,Kıratfort,13.73,yolda,2026-03-21 07:59:33,
TR103884,IST,Aşhanfurt,20.82,iade,2026-06-09 23:27:17,
TR103885,BUR,South Cuheyna,10.92,yolda,2026-08-31 19:00:26,
TR103886,ANT,Susambury,15.22,yolda,2026-08-15 21:01:01,
TR103887,BUR,North Altınışınton,18.2,yolda,2026-02-09 05:40:45,
TR103888,BUR,Abdişport,6.97,yolda,2026-01-14 10:12:23,
TR103889,ANK,Gülshire,23.32,teslim,2026-07-01 21:58:10,2026-07-06 21:58:10
TR103890,ANT,North Zahidborough,20.01,yolda,2026-03-13 00:13:56,
TR103891,IZM,Korutürkstad,23.9,iade,2026-03-25 03:57:11,
TR103892,IZM,İzgütown,3.63,yolda,2026-02-08 15:00:09,
TR103893,BUR,North Tahirberg,15.2,yolda,2026-05-05 14:19:28,
TR103894,BUR,İhsanoğluborough,19.02,teslim,2026-04-22 02:29:04,2026-04-27 02:29:04
TR103895,BUR,South Hindaltown,0.56,teslim,2026-02-25 19:12:51,2026-02-27 19:12:51
TR103896,IZM,Lake Nayilmouth,22.99,teslim,2026-02-22 19:05:19,2026-02-20 19:05:19
TR103897,BUR,Salamitown,22.31,iade,2026-08-23 05:37:02,
TR103898,IST,Erdoğanberg,25.03,teslim,2026-08-16 19:23:38,2026-08-23 19:23:38
TR103899,ANK,South Ticenfurt,29.7,teslim,2026-04-03 18:04:54,2026-04-09 18:04:54
TR103900,ANT,South Akgüneşmouth,27.57,teslim,2026-01-21 16:22:28,2026-01-26 16:22:28
TR103901,IZM,North Melaha,3.91,yolda,2026-06-19 05:46:35,
TR103902,ANT,Port Selaheddinport,7.32,iade,2026-01-27 04:07:40,
TR103903,IST,Port Sabih,10.17,yolda,2026-07-15 03:54:10,
TR103904,ANT,Karataşbury,18.3,yolda,2026-01-19 13:14:54,
TR103905,IST,Lake Avşinshire,2.31,teslim,2026-07-03 01:15:54,2026-07-09 01:15:54
TR103906,BUR,Çetinbury,27.33,yolda,2026-06-28 03:24:31,
TR103907,BUR,Yurdanurland,22.25,iade,2026-01-28 10:31:15,
TR103908,IZM,Azizefort,22.75,yolda,2026-08-30 07:55:31,
TR103909,ANK,West Sevla,22.03,iade,2026-08-09 13:39:27,
TR103910,ANT,West Şilan,27.5,iade,2026-06-03 06:12:44,
TR103911,IST,Akçayshire,4.65,iade,2026-05-24 17:59:59,
TR103912,ANT,Bestestad,11.16,teslim,2026-06-15 02:33:26,2026-06-20 02:33:26
TR103913,BUR,Port Tan,11.44,iade,2026-05-03 15:31:52,
TR103914,ANK,Arsoychester,15.31,yolda,2026-07-21 02:52:38,
TR103915,IZM,Evcimenmouth,28.35,iade,2026-02-12 15:26:05,
TR103916,IZM,Dumanlıside,14.85,teslim,2026-05-29 08:44:18,2026-05-31 08:44:18
TR103917,ANT,West Ferayeberg,26.93,teslim,2026-03-14 20:52:06,2026-03-19 20:52:06
TR103918,ANT,Hacileburgh,25.34,iade,2026-08-30 14:51:17,
TR103919,IZM,Port Kınel,9.75,yolda,2026-08-20 20:54:23,
TR103920,ANK,Port Şafiiville,28.61,yolda,2026-06-12 23:57:19,
TR103921,ANK,New Dincershire,12.97,teslim,2026-07-23 18:56:17,2026-07-30 18:56:17
TR103922,ANT,Hezniyeburgh,26.4,yolda,2026-01-11 15:21:50,
TR103923,IST,Dönerville,10.49,yolda,2026-04-08 03:28:06,
TR103924,IZM,Hazinefurt,8.29,teslim,2026-05-16 11:27:55,2026-05-17 11:27:55
TR103925,ANK,Bilginshire,26.57,yolda,2026-08-01 05:32:42,
TR103926,IZM,Sezerville,29.67,yolda,2026-05-26 10:30:47,
TR103927,IZM,Mançoborough,4.32,teslim,2026-04-07 18:27:01,2026-04-09 18:27:01
TR103928,ANT,South Fersanland,22.67,teslim,2026-01-10 07:15:36,2026-01-15 07:15:36
TR103929,IST,Port Üsame,28.8,teslim,2026-05-09 03:00:44,2026-05-14 03:00:44
TR103930,ANT,New Sabır,23.99,iade,2026-05-07 16:32:28,
TR103931,IST,North Akif,11.15,teslim,2026-02-16 13:57:43,2026-02-20 13:57:43
TR103932,ANT,Eralborough,12.85,yolda,2026-01-22 03:33:11,
TR103933,ANT,North Ortakmouth,3.87,yolda,2026-03-23 04:41:05,
TR103934,IZM,Akçastad,27.55,yolda,2026-02-25 06:25:32,
TR103935,IST,Lake Naideport,13.39,iade,2026-06-15 13:56:37,
TR103936,BUR,Arsoyborough,7.97,yolda,2026-05-23 08:16:34,
TR103937,IST,Mansızshire,29.06,teslim,2026-05-08 01:12:01,2026-05-11 01:12:01
TR103938,ANK,Lake Egenurton,21.85,teslim,2026-07-14 21:04:59,2026-07-20 21:04:59
TR103939,ANK,Yadigartown,15.26,yolda,2026-07-23 05:59:37,
TR103940,BUR,Bilgefurt,18.96,yolda,2026-04-19 09:45:59,
TR103941,IST,South Yahşishire,21.23,iade,2026-08-07 09:42:33,
TR103942,IST,Uğurfort,13.06,yolda,2026-09-07 22:40:57,
TR103943,ANT,Türkfort,9.59,iade,2026-01-20 16:25:13,
TR103944,IST,Eraslanside,28.48,iade,2026-02-12 19:00:19,
TR103945,IST,East İsraville,7.45,iade,2026-02-14 19:39:40,
TR103946,BUR,Korutürkmouth,26.18,iade,2026-07-05 15:41:11,
TR103947,ANK,Türkmouth,8.03,teslim,2026-04-13 19:30:57,2026-04-19 19:30:57
TR103948,ANK,Bilirchester,22.03,teslim,2026-05-10 09:22:32,2026-05-14 09:22:32
TR103949,ANK,Lake Erinçershire,6.04,yolda,2026-02-15 22:44:13,
TR103950,ANK,Erdoğanhaven,0.2,teslim,2026-01-21 00:52:48,2026-01-26 00:52:48
TR103951,ANT,Aslanshire,18.38,teslim,2026-03-21 10:55:13,2026-03-25 10:55:13
TR103952,ANK,West Mirayville,1.26,iade,2026-06-09 19:47:09,
TR103953,IZM,Akçaymouth,18.44,iade,2026-07-29 18:02:07,
TR103954,ANT,North Sezginbaş,7.12,iade,2026-05-04 00:17:31,
TR103955,BUR,Şideville,15.96,yolda,2026-08-31 12:33:05,
TR103956,ANK,East Deryanurfort,26.26,teslim,2026-03-11 04:30:32,2026-03-14 04:30:32
TR103957,BUR,South Sermaburgh,14.76,iade,2026-04-16 18:56:59,
TR103958,BUR,West Kahirbury,17.98,iade,2026-06-05 08:59:06,
TR103959,BUR,Bilginmouth,8.93,iade,2026-05-22 03:23:23,
TR103960,IZM,East Eşrefberg,12.65,teslim,2026-02-24 03:44:12,2026-02-25 03:44:12
TR103961,IZM,South Eremstad,7.5,yolda,2026-09-02 02:37:56,
TR103962,IST,Lake Gülgüzelstad,5.37,yolda,2026-06-26 01:20:49,
TR103963,IST,South Buşraton,10.49,yolda,2026-08-09 03:20:52,
TR103964,ANK,Durmuşchester,23.23,yolda,2026-04-28 09:15:39,
TR103965,BUR,North Remazanstad,18.07,yolda,2026-02-05 01:36:59,
TR103966,ANK,Zorlubury,0.97,iade,2026-07-13 09:32:03,
TR103967,ANT,North Güngördüland,6.53,yolda,2026-03-04 11:33:03,
TR103968,IST,Lake Kocabaş,16.91,yolda,2026-08-19 14:24:34,
TR103969,IZM,Işinview,20.28,yolda,2026-07-02 07:40:37,
TR103970,BUR,Port Sevgenburgh,24.29,yolda,2026-07-14 15:51:57,
TR103971,BUR,Demirside,7.89,yolda,2026-08-24 03:27:37,
TR103972,BUR,East Fuzuli,21.87,teslim,2026-01-25 12:15:16,2026-01-28 12:15:16
TR103973,IST,Lake Zöhrehan,9.32,yolda,2026-05-06 17:06:16,
TR103974,ANK,West Bayduhaven,17.22,yolda,2026-06-10 19:22:58,
TR103975,ANK,New Subutiyeview,23.41,teslim,2026-01-14 19:05:37,2026-01-19 19:05:37
TR103976,ANT,West Eskinalpmouth,9.96,teslim,2026-08-25 11:38:18,2026-08-30 11:38:18
TR103977,ANT,Sezginborough,0.7,iade,2026-04-14 16:55:48,
TR103978,IST,Güçlüfort,24.09,iade,2026-03-24 08:12:28,
TR103979,IZM,East Örikside,27.38,teslim,2026-04-03 05:28:12,2026-04-10 05:28:12
TR103980,IST,East Susamberg,19.68,iade,2026-08-08 07:56:38,
TR103981,ANK,Port Benol,10.93,iade,2026-07-27 02:01:01,
TR103982,ANT,New Gürelcembury,11.93,teslim,2026-07-14 14:04:56,2026-07-16 14:04:56
TR103983,ANK,Muratcanview,8.78,iade,2026-06-19 15:53:00,
TR103984,IZM,Port Akayton,12.46,teslim,2026-06-16 21:32:48,2026-06-19 21:32:48
TR103985,ANK,Yıldırımborough,28.21,iade,2026-05-14 12:51:52,
TR103986,IST,Dumanlıbury,22.68,teslim,2026-06-04 04:40:29,2026-06-11 04:40:29
TR103987,IST,Mansızhaven,15.09,iade,2026-02-28 12:28:17,
TR103988,IST,East Nasiba,4.79,yolda,2026-06-16 22:51:18,
TR103989,IST,Erişland,6.98,yolda,2026-07-31 12:11:06,
TR103990,ANK,South Bekbayside,1.11,iade,2026-06-27 03:08:50,
TR103991,IST,Port Saire,24.41,iade,2026-02-12 00:29:41,
TR103992,BUR,Sayrakfurt,4.02,yolda,2026-01-25 14:03:04,
TR103993,IZM,Şensoymouth,25.87,iade,2026-04-29 03:15:41,
TR103994,ANT,Tarancıfort,21.69,teslim,2026-05-07 22:29:59,2026-05-08 22:29:59
TR103995,BUR,Kısakürekshire,0.7,iade,2026-07-27 16:40:11,
TR103996,ANT,South Uludağ,18.19,iade,2026-08-15 15:01:53,
TR103997,ANT,Şamaside,23.8,teslim,2026-02-14 09:46:14,2026-02-15 09:46:14
TR103998,ANT,West Rafiaview,25.79,teslim,2026-07-29 20:28:14,2026-08-05 20:28:14
TR103999,BUR,Müsemmahaven,15.42,yolda,2026-04-25 09:56:53,
TR104000,IZM,Torhanbury,13.82,teslim,2026-04-08 13:20:50,2026-04-11 13:20:50
TR104001,ANT,West Tansev,-3.5,teslim,2026-08-17 21:20:43,2026-08-20 21:20:43
TR104002,BUR,,2.88,yolda,2026-03-25 13:50:35,
TR104003,ANT,Nalânchester,8.43,yolda,2026-04-28 05:43:06,
TR104004,ANT,Port Vildane,15.25,yolda,2026-03-24 05:16:44,
TR104005,IST,Lake Varlık,29.8,yolda,2026-05-04 15:26:44,
TR104006,BUR,Kösemenmouth,28.55,iade,2026-05-30 11:00:22,
TR104007,IST,North İsra,13.62,iade,2026-08-23 23:59:52,
TR104008,IST,East Nalân,11.98,iade,2026-05-03 06:19:06,
TR104009,IZM,Lake Ergül,14.36,teslim,2026-05-21 02:14:22,2026-05-25 02:14:22
TR104010,IZM,South Dilfeza,10.04,teslim,2026-06-04 16:56:39,2026-06-10 16:56:39
TR104011,IST,Duranmouth,2.95,iade,2026-04-25 05:11:17,
TR104012,BUR,Neribanland,17.84,teslim,2026-03-07 21:41:26,2026-03-09 21:41:26
TR104013,BUR,South Hezniyefurt,18.53,teslim,2026-04-18 03:30:25,2026-04-20 03:30:25
TR104014,ANT,East Otayfort,21.72,yolda,2026-01-11 08:09:18,
TR104015,ANK,Firdevisshire,1.86,iade,2026-07-05 16:22:46,
TR104016,IZM,West Açıkel,12.41,yolda,2026-06-22 08:59:04,
TR104017,IZM,Tevetoğluville,25.05,iade,2026-06-25 04:13:29,
TR104018,ANT,Kısakürekmouth,18.0,teslim,2026-07-14 01:46:36,2026-07-17 01:46:36
TR104019,ANK,East Erdemer,22.68,teslim,2026-02-25 11:00:35,2026-02-28 11:00:35
TR104020,ANT,North Berksayview,15.04,yolda,2026-05-30 09:35:22,
TR104021,ANK,Ergünville,9.72,iade,2026-02-20 19:19:07,
TR104022,BUR,North Sezen,15.48,iade,2026-06-23 10:48:33,
TR104023,IST,North Dündaralpmouth,27.64,iade,2026-08-18 02:29:39,
TR104024,IST,Seracettinchester,11.33,yolda,2026-09-09 13:09:39,
TR104025,ANT,East Nurseda,22.47,teslim,2026-04-13 13:00:23,2026-04-15 13:00:23
TR104026,BUR,Hubanstad,26.11,teslim,2026-09-01 12:14:05,2026-09-03 12:14:05
TR104027,BUR,North Hurşide,14.91,teslim,2026-04-11 20:45:37,2026-04-12 20:45:37
TR104028,ANT,Meşhurburgh,14.67,iade,2026-08-24 22:05:49,
TR104029,ANT,New Nurgil,12.6,iade,2026-06-07 22:03:28,
TR104030,IST,North Macide,13.12,teslim,2026-01-16 20:15:42,2026-01-19 20:15:42
TR104031,IZM,Divanville,15.72,yolda,2026-09-05 13:49:53,
TR104032,IZM,Port Üstün,16.96,iade,2026-02-16 05:32:24,
TR104033,IZM,South Neyran,15.75,teslim,2026-04-05 21:19:33,2026-04-07 21:19:33
TR104034,ANT,East Sebattin,28.56,teslim,2026-03-15 09:36:15,2026-03-22 09:36:15
TR104035,ANT,East Sırriyeport,18.18,yolda,2026-02-20 18:37:20,
TR104036,BUR,Dumanlıborough,6.4,yolda,2026-06-28 01:59:57,
TR104037,ANK,Port Bulunçchester,5.01,yolda,2026-04-10 05:47:06,
TR104038,BUR,Mançofurt,0.39,iade,2026-07-01 13:19:26,
TR104039,ANK,Yıldırımside,4.6,yolda,2026-09-05 22:24:45,
TR104040,IZM,Lake Egenur,21.07,teslim,2026-04-25 14:20:55,2026-04-26 14:20:55
TR104041,IST,Toköztown,16.18,teslim,2026-06-28 15:34:46,2026-07-04 15:34:46
TR104042,IST,Karadenizmouth,1.93,yolda,2026-07-22 21:01:14,
TR104043,ANT,West Fersan,4.78,yolda,2026-09-02 15:11:46,
TR104044,ANT,Aksufurt,26.51,yolda,2026-02-09 02:43:22,
TR104045,IST,West Yaltırak,27.84,yolda,2026-03-31 12:18:14,
TR104046,IZM,Oldağport,24.64,yolda,2026-06-16 09:31:51,
TR104047,ANT,Tevetoğlufort,21.91,yolda,2026-04-09 17:48:20,
TR104048,ANT,Lake Zemzem,23.03,yolda,2026-01-19 11:58:20,
TR104049,ANT,Demireltown,16.28,yolda,2026-02-04 04:42:16,
TR104050,ANK,Yelesenfurt,2.42,iade,2026-06-10 02:14:01,
TR104051,ANK,Şafakmouth,8.47,teslim,2026-01-18 00:43:22,2026-01-19 00:43:22
TR104052,ANT,South Oymakstad,3.16,yolda,2026-06-23 18:57:17,
TR104053,ANT,Yümunview,19.38,iade,2026-04-08 20:00:28,
TR104054,IZM,East Metinkaya,17.31,yolda,2026-07-14 21:56:01,
TR104055,ANT,Port Artan,8.39,iade,2026-08-25 10:54:32,
TR104056,ANT,Aysoybury,20.09,iade,2026-06-07 05:01:13,
TR104057,ANK,North Nurdeniz,5.13,yolda,2026-02-14 00:18:30,
TR104058,IST,West Bozbağhaven,27.89,teslim,2026-08-12 18:23:50,2026-08-14 18:23:50
TR104059,ANK,Mançoport,4.39,iade,2026-04-19 03:49:50,
TR104060,IST,Aslanburgh,9.77,yolda,2026-03-06 01:49:43,
TR104061,ANT,Hançerburgh,24.24,teslim,2026-04-09 00:57:54,2026-04-11 00:57:54
TR104062,BUR,East Cevheriton,9.88,yolda,2026-07-31 05:11:23,
TR104063,IST,West Hayrünnisa,7.3,iade,2026-08-20 10:48:25,
TR104064,BUR,Akçayburgh,23.24,yolda,2026-07-11 16:44:10,
TR104065,BUR,Port Kiramettinland,10.71,iade,2026-04-11 19:40:08,
TR104066,IZM,West Hıfzullahside,15.97,iade,2026-02-05 05:45:02,
TR104067,ANK,Durmuşstad,28.67,iade,2026-02-27 06:44:49,
TR104068,IZM,New Karaer,21.37,iade,2026-03-20 13:23:46,
TR104069,ANT,West Hayaliview,13.31,yolda,2026-04-15 11:17:44,
TR104070,IZM,New Fayizeton,20.59,iade,2026-07-28 09:30:08,
TR104071,BUR,East Aytek,19.6,iade,2026-06-12 00:14:19,
TR104072,IZM,Port Erseç,25.68,teslim,2026-07-11 05:43:27,2026-07-12 05:43:27
TR104073,IZM,Maynurview,21.88,iade,2026-04-14 00:36:48,
TR104074,ANT,South Hiçsönmez,26.3,teslim,2026-07-08 15:37:58,2026-07-13 15:37:58
TR104075,IZM,East Safinaz,5.45,teslim,2026-02-21 17:49:26,2026-02-25 17:49:26
TR104076,IST,North Çağlasınberg,5.96,iade,2026-09-02 10:08:00,
TR104077,ANT,Basriyehaven,5.93,yolda,2026-01-10 07:02:53,
TR104078,IZM,Durmuşside,9.92,iade,2026-07-19 08:25:46,
TR104079,IZM,Şensoyhaven,15.13,yolda,2026-06-15 22:18:37,
TR104080,IZM,İnönüview,1.1,teslim,2026-05-27 12:37:18,2026-06-01 12:37:18
TR104081,BUR,Aksuhaven,12.01,yolda,2026-08-01 08:48:06,
TR104082,IZM,Port Artan,8.3,iade,2026-07-23 03:29:39,
TR104083,IST,New Yılmaport,25.91,teslim,2026-03-31 10:05:11,2026-04-05 10:05:11
TR104084,ANT,Kısakürekfurt,19.0,yolda,2026-02-23 22:34:45,
TR104085,ANK,Alcanmouth,14.26,yolda,2026-05-06 09:24:49,
TR104086,ANT,Port Akgöl,24.24,iade,2026-07-18 06:56:17,
TR104087,IST,Öcalanberg,18.43,teslim,2026-04-03 18:57:57,2026-04-06 18:57:57
TR104088,ANK,Lake Tahir,21.2,iade,2026-07-03 19:27:09,
TR104089,ANK,East Akif,2.58,teslim,2026-06-13 00:03:14,2026-06-20 00:03:14
TR104090,BUR,Eraslanfort,19.16,teslim,2026-04-08 06:09:48,2026-04-09 06:09:48
TR104091,IST,Demirelmouth,25.75,teslim,2026-06-14 02:52:58,2026-06-17 02:52:58
TR104092,ANK,South Ermutlu,19.69,yolda,2026-06-03 08:57:37,
TR104093,IST,East Feyruzville,10.05,iade,2026-06-20 13:14:27,
TR104094,IZM,Babastad,26.94,iade,2026-05-04 19:12:00,
TR104095,IZM,Akgündüzchester,15.54,teslim,2026-07-09 16:39:05,2026-07-14 16:39:05
TR104096,BUR,Yankıhaven,12.55,iade,2026-02-09 09:52:02,
TR104097,IST,Türkfort,2.04,iade,2026-08-12 07:03:04,
TR104098,ANK,istanbul,21.9,iade,2026-02-05 09:13:56,
TR104099,BUR,North Derkay,1.43,teslim,2026-05-10 14:17:55,2026-05-12 14:17:55
TR104100,ANK,Baydutown,20.69,iade,2026-03-07 17:57:15,
TR104101,ANK,Lake Gülder,19.1,yolda,2026-07-26 22:39:02,
TR104102,IZM,South Ünekmouth,16.86,teslim,2026-06-03 06:09:28,2026-06-06 06:09:28
TR104103,BUR,Ergülmouth,17.09,teslim,2026-09-05 02:35:19,2026-09-08 02:35:19
TR104104,IST,Açıkelhaven,17.03,iade,2026-04-30 17:25:03,
TR104105,IST,South Durgadinchester,3.58,yolda,2026-08-25 12:05:19,
TR104106,IST, Istanbul ,5.65,teslim,2026-07-28 16:16:00,2026-07-30 16:16:00
TR104107,IST,East Çağverenmouth,23.03,iade,2026-07-25 13:28:43,
TR104108,IZM,Ferihanberg,13.86,teslim,2026-06-29 21:30:35,2026-07-01 21:30:35
TR104109,ANK,New Ögeview,9.3,iade,2026-03-27 07:40:18,
TR104110,ANK,North Avşin,22.45,iade,2026-06-12 05:46:22,
TR104111,ANK,East Ketechester,,iade,2026-05-07 17:01:56,
TR104112,IZM,South Gökbudun,5.42,yolda,2026-08-19 03:55:00,
TR104113,IZM,Mahsuntown,12.48,teslim,2026-06-24 20:48:26,2026-06-29 20:48:26
TR104114,ANK,Port Arıel,5.4,teslim,2026-02-04 18:59:45,2026-02-07 18:59:45
TR104115,IZM,Çetinland,20.96,yolda,2026-04-23 04:24:53,
TR104116,IST,Çamurcuoğluburgh,0.0,yolda,2026-04-05 03:48:43,
TR104117,IZM,North Sümeryamouth,10.53,iade,2026-07-20 17:17:30,
TR104118,ANT,Bidayetview,13.55,iade,2026-05-23 04:14:43,
TR104119,ANK,Rebihatmouth,1.2,iade,2026-08-22 04:08:19,
TR104120,BUR,Lake Türknur,4.76,iade,2026-08-02 14:59:20,
TR104121,ANK,Müretbury,29.81,iade,2026-08-27 02:50:52,
TR104122,IZM,South Dilaraview,19.42,yolda,2026-04-07 22:01:49,
TR104123,IZM,Esmanperifurt,6.3,iade,2026-05-17 12:19:02,
TR104124,ANT,Pakerville,16.59,iade,2026-01-29 23:43:45,
TR104125,IZM,Port Metinkaya,2.81,iade,2026-03-08 12:54:09,
TR104126,ANK,Akçayberg,14.08,teslim,2026-04-16 16:06:36,2026-04-19 16:06:36
TR104127,ANT,İlsufurt,19.78,teslim,2026-02-17 08:41:48,2026-02-18 08:41:48
TR104128,ANK,Sühaland,14.07,teslim,2026-06-21 21:47:03,2026-06-25 21:47:03
TR104129,IZM,New Deha,16.96,yolda,2026-04-14 05:54:48,
TR104130,ANT,Barişchester,27.05,iade,2026-02-04 19:51:23,
TR104131,IST,Mançochester,18.92,yolda,2026-06-16 17:11:46,
TR104132,BUR,West Zihniville,14.32,teslim,2026-07-12 20:00:23,2026-07-14 20:00:23
TR104133,IST,South Elamiye,5.69,yolda,2026-05-09 16:32:27,
TR104134,IZM,South Adila,4.97,yolda,2026-06-12 23:54:14,
TR104135,ANK,Nuyanburgh,22.59,iade,2026-04-11 09:06:01,
TR104136,ANT,New Tunçboğa,13.75,yolda,2026-05-20 14:29:17,
TR104137,BUR,Akdenizland,21.96,iade,2026-08-28 13:01:18,
TR104138,ANK,North Adakberg,7.65,yolda,2026-02-18 03:55:17,
TR104139,ANT,Soyluland,10.2,yolda,2026-08-07 22:19:17,
TR104140,BUR,North Birbenburgh,9.08,iade,2026-03-10 01:23:58,
TR104141,ANT,West Yıldır,3.32,teslim,2026-01-22 18:20:48,2026-01-29 18:20:48
TR104142,IZM,North Gürsalport,28.62,yolda,2026-05-28 19:31:11,
TR104143,ANT,North Mevlüdiyeland,0.95,yolda,2026-05-18 06:50:52,
TR104144,ANK,Port Kayıtburgh,27.68,iade,2026-01-25 09:59:54,
TR104145,ANT,Sakaryaview,6.03,iade,2026-06-10 20:49:18,
TR104146,ANK,Nurdenizhaven,3.98,iade,2026-08-28 12:18:52,
TR104147,IST,Eyyüpland,29.11,yolda,2026-02-06 21:50:26,
TR104148,ANK,Gülağahaven,24.06,yolda,2026-07-08 14:59:34,
TR104149,BUR,İSTANBUL,5.04,yolda,2026-02-16 09:36:32,
TR104150,ANK,South Uluğbeyburgh,6.09,teslim,2026-04-30 05:57:06,2026-05-06 05:57:06
TR104151,IZM,Ergülhaven,2.5,teslim,2026-07-12 15:13:02,2026-07-15 15:13:02
TR104152,ANK,Serfinazfurt,13.15,teslim,2026-05-09 01:32:50,2026-05-16 01:32:50
TR104153,ANK,Port Tatu,4.71,iade,2026-06-21 09:27:46,
TR104154,IZM,East Bağdat,0.25,iade,2026-05-16 21:55:35,
TR104155,IST,North Bozbağ,14.18,teslim,2026-03-08 19:52:59,2026-03-11 19:52:59
TR104156,BUR,East Doğanşahmouth,20.99,iade,2026-02-01 21:16:32,
TR104157,BUR,Lake Bilender,24.96,yolda,2026-02-28 01:07:54,
TR104158,ANK,Vezrifemouth,22.92,iade,2026-04-29 18:33:50,
TR104159,ANK,Lake Deniz,9.62,teslim,2026-08-23 00:53:40,2026-08-27 00:53:40
TR104160,IZM,Demirside,26.95,teslim,2026-06-28 03:19:07,2026-07-02 03:19:07
TR104161,BUR,Özayborough,17.95,iade,2026-08-26 07:11:33,
TR104162,IST,West Gözelfurt,10.47,iade,2026-07-12 20:30:40,
TR104163,ANT,Bekbayton,0.9,iade,2026-03-25 10:30:25,
TR104164,ANK,Özakanburgh,23.06,iade,2026-01-22 06:10:55,
TR104165,IZM,Ülkerfurt,10.26,yolda,2026-07-22 07:49:47,
TR104166,ANT,Yamanmouth,22.58,teslim,2026-05-15 17:41:03,2026-05-20 17:41:03
TR104167,ANK,Kısmetburgh,4.23,teslim,2026-06-23 02:16:34,2026-06-29 02:16:34
TR104168,ANK,West İsak,9.13,teslim,2026-01-12 23:02:15,2026-01-13 23:02:15
TR104169,BUR,Akgündüzmouth,19.66,teslim,2026-02-15 06:32:35,2026-02-18 06:32:35
TR104170,ANK,East Niyazihaven,8.62,yolda,2026-03-08 14:43:39,
TR104171,BUR,Aslanborough,1.14,yolda,2026-09-01 14:39:48,
TR104172,ANK,Türktown,4.99,yolda,2026-03-21 04:12:22,
TR104173,ANT,Nurdastad,25.04,iade,2026-05-30 03:55:41,
TR104174,IST,North Değerhaven,10.45,yolda,2026-05-21 00:26:51,
TR104175,IST,East Tümer,19.71,iade,2026-03-29 09:48:26,
TR104176,IST,Gülsiyefurt,4.91,yolda,2026-07-25 04:28:09,
TR104177,ANT,South Şelâle,11.58,teslim,2026-08-03 09:52:21,2026-08-08 09:52:21
TR104178,IST,Gülshire,14.64,yolda,2026-01-25 09:10:25,
TR104179,BUR,Güverçinmouth,12.73,iade,2026-08-10 13:15:41,
TR104180,BUR,Tümkurttown,7.83,teslim,2026-01-27 08:36:04,2026-01-30 08:36:04
TR104181,IST,South İyiyürekmouth,18.15,iade,2026-06-17 06:21:12,
TR104182,ANT,West Mücevher,11.25,yolda,2026-09-03 11:45:45,
TR104183,IZM,Eraslanport,25.34,yolda,2026-04-06 15:16:41,
TR104184,IST,Lake Menişan,23.59,yolda,2026-01-25 02:30:41,
TR104185,ANT,Eraslantown,22.81,yolda,2026-04-18 18:28:41,
TR104186,IST,North Mishat,4.6,iade,2026-08-04 04:35:07,
TR104187,ANT,South Abdulmenaf,7.81,yolda,2026-07-03 13:01:00,
TR104188,ANT,North Sargınside,21.86,iade,2026-06-26 01:41:40,
TR104189,BUR,Yıldırımhaven,1.55,yolda,2026-08-10 07:52:52,
TR104190,IST,South Merimborough,3.73,yolda,2026-05-08 23:43:59,
TR104191,BUR,Ekmelbury,-1.2,yolda,2026-08-05 11:47:00,
TR104192,IZM,Hükümdarside,7.64,iade,2026-06-10 03:41:37,
TR104193,IZM,Lake Adalland,23.03,yolda,2026-03-28 20:14:06,
TR104194,IZM,South Aköz,5.44,teslim,2026-05-17 18:06:26,2026-05-22 18:06:26
TR104195,BUR,Lake Şelâle,0.62,yolda,2026-02-17 16:44:15,
TR104196,IZM,Lake Sittik,19.12,yolda,2026-04-20 08:14:20,
TR104197,IST,Aksuchester,10.78,iade,2026-04-19 21:58:46,
TR104198,BUR,West Dağistan,7.53,teslim,2026-03-30 07:59:29,2026-04-04 07:59:29
TR104199,IST,Haliyeside,3.87,teslim,2026-05-02 05:18:52,2026-05-07 05:18:52
TR104200,BUR,East Eraycantown,12.99,teslim,2026-02-05 17:00:24,2026-02-11 17:00:24
TR104201,IZM,Port Salamiburgh,29.16,yolda,2026-04-13 02:29:05,
TR104202,ANT,Şamaville,7.4,iade,2026-02-23 02:23:45,
TR104203,ANT,Zorluville,17.12,iade,2026-07-23 10:21:28,
TR104204,IZM,Buyrukhanstad,11.25,teslim,2026-07-15 23:12:11,2026-07-16 23:12:11
TR104205,IST,Huzurifurt,11.52,teslim,2026-02-14 19:29:11,2026-02-19 19:29:11
TR104206,IST,İçimbiketown,10.2,iade,2026-03-24 14:06:33,
TR104207,IZM,North Günkurtberg,12.73,iade,2026-09-07 23:42:36,
TR104208,IZM,New Yasemen,21.68,teslim,2026-05-22 22:19:05,2026-05-24 22:19:05
TR104209,IST,South Rebihat,25.12,iade,2026-08-05 18:29:13,
TR104210,IST,West Özakanchester,23.83,yolda,2026-05-26 12:49:37,
TR104211,IZM,Bilirburgh,29.85,iade,2026-02-19 07:02:25,
TR104212,ANT,Öcalanshire,16.22,iade,2026-03-24 21:58:17,
TR104213,IST,Port Sevginur,11.29,teslim,2026-02-05 01:15:44,2026-02-11 01:15:44
TR104214,ANK,Kısakürekmouth,22.85,yolda,2026-07-21 01:36:52,
TR104215,IZM,North Artan,22.43,yolda,2026-06-02 07:49:44,
TR104216,ANT,North Macide,20.18,teslim,2026-07-04 23:07:32,2026-07-07 23:07:32
TR104217,BUR,Lake Zülgarnimouth,27.3,iade,2026-05-28 02:28:19,
TR104218,IZM,West Belkizeland,8.25,iade,2026-06-20 10:45:30,
TR104219,ANK,New Güldamside,0.66,yolda,2026-03-03 03:24:59,
TR104220,ANK,South Emine.,8.32,yolda,2026-02-24 07:30:20,
TR104221,ANT,Enginizton,23.73,yolda,2026-08-13 01:29:26,
TR104222,IZM,West Günsel,3.0,iade,2026-05-13 04:58:54,
TR104223,IZM,Asaletville,6.71,teslim,2026-06-24 08:57:42,2026-06-25 08:57:42
TR104224,IZM,Sonnurberg,21.87,iade,2026-01-31 09:31:48,
TR104225,BUR,Mançoview,17.68,iade,2026-04-20 09:03:39,
TR104226,ANT,Erdoğanhaven,9.93,iade,2026-05-22 02:11:07,
TR104227,BUR,South Tarancıport,27.9,yolda,2026-05-31 08:25:41,
TR104228,IZM,North Serdamouth,9.66,teslim,2026-06-17 02:00:55,2026-06-20 02:00:55
TR104229,ANK,Port Evcimenhaven,13.91,yolda,2026-03-22 19:56:32,
TR104230,BUR,West Edgübayville,6.4,iade,2026-09-01 05:11:56,
TR104231,ANK,Terlanville,20.22,iade,2026-04-22 16:13:29,
TR104232,BUR,New Boynak,1.06,teslim,2026-03-21 23:50:09,2026-03-19 23:50:09
TR104233,IST,West Tayyipside,18.98,iade,2026-04-09 23:37:15,
TR104234,IZM,Port Özyurtside,2.58,iade,2026-08-08 07:02:40,
TR104235,ANT,Hubanport,11.14,iade,2026-08-22 07:06:23,
TR104236,IZM,İnönüton,13.6,yolda,2026-02-18 01:49:57,
TR104237,IST,Çorlumouth,4.76,yolda,2026-05-11 04:44:59,
TR104238,ANK,East Berenville,18.77,iade,2026-04-24 13:24:53,
TR104239,BUR,North Canseventon,12.52,iade,2026-08-26 13:05:49,
TR104240,IZM,Üsameside,16.74,teslim,2026-07-11 07:10:49,2026-07-18 07:10:49
TR104241,ANK,Gülşahinshire,11.32,yolda,2026-02-20 13:59:58,
TR104242,ANK,North Türkmen,11.42,iade,2026-08-16 00:22:41,
TR104243,BUR,Lake Lezize,6.63,teslim,2026-03-16 11:07:02,2026-03-17 11:07:02
TR104244,IZM,South Mesturberg,5.44,teslim,2026-02-19 09:52:40,2026-02-24 09:52:40
TR104245,BUR,South Abdülkerim,16.55,teslim,2026-03-16 20:20:34,2026-03-23 20:20:34
TR104246,ANK,Melahaborough,12.6,yolda,2026-08-01 04:11:07,
TR104247,IZM,North Adila,9.65,iade,2026-07-20 09:33:39,
TR104248,IST,Akarhaven,19.96,yolda,2026-04-02 00:26:11,
TR104249,IZM,Esenbayfurt,15.12,iade,2026-05-03 17:55:27,
TR104250,BUR,Çamurcuoğlushire,6.83,iade,2026-08-27 12:04:50,
TR104251,BUR,Oliverville,22.73,yolda,2026-05-01 18:54:54,
TR104252,BUR,Sejdafort,4.79,yolda,2026-06-22 06:28:37,
TR104253,IZM,South Mübetcelborough,0.2,teslim,2026-01-10 15:14:36,2026-01-14 15:14:36
TR104254,BUR,New Kanak,19.72,yolda,2026-04-18 07:14:24,
TR104255,IST,Lake Oldağberg,11.56,iade,2026-08-23 09:35:53,
TR104256,BUR,East Aygutalp,29.23,iade,2026-01-25 16:27:10,
TR104257,ANK,Yamanborough,19.13,yolda,2026-02-07 02:38:58,
TR104258,ANK,New Abdulsemetborough,4.24,iade,2026-04-27 11:19:40,
TR104259,ANT,South Doğanalpmouth,29.97,iade,2026-02-22 02:11:43,
TR104260,ANT,Mançoberg,21.99,iade,2026-03-31 04:52:15,
TR104261,ANT,Toğanchester,7.57,teslim,2026-02-26 22:25:21,2026-03-01 22:25:21
TR104262,BUR,Asuborough,20.56,iade,2026-06-06 03:40:24,
TR104263,IST,South Yaltırak,22.31,yolda,2026-03-07 17:44:05,
TR104264,BUR,South Döner,16.61,iade,2026-03-24 01:59:50,
TR104265,ANK,Yorulmazview,13.79,teslim,2026-04-26 10:36:47,2026-05-03 10:36:47
TR104266,ANK,Ertaşburgh,5.34,iade,2026-01-11 06:12:03,
TR104267,ANK,Lake Bahtinurhaven,,iade,2026-02-02 22:02:10,
TR104268,IST,South Duruöz,26.84,yolda,2026-05-02 08:03:31,
TR104269,BUR,West Sebattin,13.83,teslim,2026-05-01 14:41:40,2026-05-06 14:41:40
TR104270,ANT,Öcalantown,13.37,iade,2026-03-19 20:01:24,
TR104271,ANK,New Ayülkerstad,29.19,teslim,2026-07-12 20:33:50,2026-07-19 20:33:50
TR104272,IST,South Koçkan,24.13,iade,2026-05-07 19:41:33,
TR104273,ANK,Kısakürekview,7.42,yolda,2026-04-27 02:37:37,
TR104274,IST,Bilginmouth,0.31,iade,2026-03-13 09:17:00,
TR104275,BUR,Port Nayilfort,26.03,teslim,2026-03-02 21:53:25,2026-03-08 21:53:25
TR104276,BUR,New Feyzin,2.2,yolda,2026-06-08 10:15:52,
TR104277,IZM,West İmgestad,26.51,yolda,2026-03-07 06:19:57,
TR104278,IST,Yasemenville,21.5,iade,2026-07-31 19:21:34,
TR104279,ANT,Ünektown,21.47,iade,2026-04-25 15:10:34,
TR104280,BUR,East Selâtinview,24.85,yolda,2026-02-03 12:36:21,
TR104281,BUR,Lake Ergül,24.87,teslim,2026-04-14 22:41:26,2026-04-17 22:41:26
TR104282,IST,East Akçabaymouth,10.96,iade,2026-08-03 06:04:33,
TR104283,ANT,Durdumouth,18.92,iade,2026-08-13 04:10:07,
TR104284,BUR,Akarburgh,23.64,yolda,2026-01-10 15:19:00,
TR104285,IZM,İlperchester,22.76,teslim,2026-02-21 04:40:56,2026-02-23 04:40:56
TR104286,IST,Misraborough,21.69,iade,2026-04-17 14:45:23,
TR104287,BUR,Dalkılıçfurt,19.73,yolda,2026-06-15 04:11:01,
TR104288,BUR,East Toğan,6.38,teslim,2026-07-12 07:42:22,2026-07-14 07:42:22
TR104289,IST,,13.8,teslim,2026-01-27 20:37:22,2026-01-30 20:37:22
TR104290,BUR,Elifnurbury,22.6,iade,2026-04-13 17:32:40,
TR104291,IZM,Lake Birgitville,8.93,yolda,2026-06-26 09:16:01,
TR104292,IZM,East İlgi,23.64,yolda,2026-08-17 13:22:01,
TR104293,IZM,South İlmafer,17.09,iade,2026-01-27 02:39:53,
TR104294,IST,North Tülinside,22.86,iade,2026-08-05 20:05:07,
TR104295,IZM,East Mehmetzahir,0.88,teslim,2026-06-30 10:44:33,2026-07-05 10:44:33
TR104296,ANT,Dayarton,10.95,yolda,2026-04-04 21:59:46,
TR104297,IZM,New İkizville,28.35,yolda,2026-04-19 16:03:07,
TR104298,IZM,Akçayborough,14.31,teslim,2026-04-28 23:19:22,2026-05-03 23:19:22
TR104299,IZM,Necmettinville,4.72,yolda,2026-02-15 09:01:41,
TR104300,ANK,Narhanimside,4.48,iade,2026-02-15 09:16:54,
TR104301,BUR,South Yalınview,7.79,yolda,2026-04-13 17:56:38,
TR104302,ANK,Lake Zebirce,17.54,teslim,2026-08-08 04:53:23,2026-08-09 04:53:23
TR104303,IST,Alemdarborough,7.86,teslim,2026-01-12 12:57:06,2026-01-17 12:57:06
TR104304,ANT,Demiryürekland,22.39,iade,2026-06-19 00:02:30,
TR104305,BUR,New Sayrak,14.36,iade,2026-07-24 16:31:56,
TR104306,ANK,Sezerstad,17.66,teslim,2026-01-10 02:34:11,2026-01-13 02:34:11
TR104307,IZM,Durmuşburgh,15.75,iade,2026-05-28 16:14:59,
TR104308,BUR,Lake Mahigültown,19.49,yolda,2026-01-20 12:25:27,
TR104309,BUR,East Gücal,5.34,iade,2026-04-26 23:17:37,
TR104310,IST,Lake Idıkborough,20.1,yolda,2026-04-11 00:47:18,
TR104311,ANK,East Suat,9.35,teslim,2026-04-01 06:23:10,2026-04-04 06:23:10
TR104312,IZM,Lake Aylilbury,18.3,teslim,2026-07-08 01:11:05,2026-07-10 01:11:05
TR104313,IST,North Emin,19.53,iade,2026-09-07 07:54:16,
TR104314,BUR,Pesentport,13.83,yolda,2026-03-30 08:38:47,
TR104315,IST,Lake Başay,25.22,iade,2026-06-26 18:34:53,
TR104316,ANK,Kısakürektown,22.27,iade,2026-03-12 20:19:59,
TR104317,IST,Arifcanside,12.01,yolda,2026-03-17 15:02:09,
TR104318,ANT,Sakaryaland,2.11,teslim,2026-03-19 01:42:52,2026-03-22 01:42:52
TR104319,ANT,North Gökten,25.41,iade,2026-03-12 06:01:48,
TR104320,IST,South Mükraminburgh,29.12,iade,2026-06-20 06:16:36,
TR104321,ANT,Aytözburgh,15.74,teslim,2026-04-23 10:18:33,2026-04-27 10:18:33
TR104322,ANK,South Şenkal,20.72,teslim,2026-08-28 20:41:52,2026-08-31 20:41:52
TR104323,ANK,Aslanmouth,6.93,iade,2026-03-17 22:07:06,
TR104324,BUR,Lake Akçasu,5.41,iade,2026-04-21 03:12:39,
TR104325,IZM,Arslanfurt,16.6,iade,2026-03-27 07:04:10,
TR104326,ANK,İhsanoğluland,22.03,teslim,2026-08-06 00:26:18,2026-08-12 00:26:18
TR104327,ANT,Port Yıldızberg,9.15,teslim,2026-08-23 20:46:05,2026-08-25 20:46:05
TR104328,ANK,Lake Zinnure,17.61,teslim,2026-01-30 23:05:00,2026-02-01 23:05:00
TR104329,BUR,New Ceyhunfurt,13.98,iade,2026-08-05 06:41:02,
TR104330,IST,North Gül,9.63,iade,2026-08-23 13:52:08,
TR104331,IST,Port Erginel,5.97,iade,2026-03-20 21:29:32,
TR104332,IST,New Nesfeside,14.33,teslim,2026-04-13 11:10:01,2026-04-17 11:10:01
TR104333,ANT,New Huban,6.53,teslim,2026-02-07 21:02:44,2026-02-12 21:02:44
TR104334,IZM,Gülgüzelside,17.12,yolda,2026-02-11 12:36:46,
TR104335,BUR,Rasulmouth,25.85,iade,2026-02-15 09:31:39,
TR104336,BUR,Port Hüsmen,23.34,teslim,2026-08-11 05:53:31,2026-08-17 05:53:31
TR104337,ANT,Soyluborough,22.69,teslim,2026-01-27 03:59:11,2026-02-01 03:59:11
TR104338,BUR,Lake Rumeysa,18.08,teslim,2026-03-05 07:55:05,2026-03-08 07:55:05
TR104339,ANK,New Arıpınar,9.93,yolda,2026-02-13 18:48:52,
TR104340,ANT,Gülside,8.58,yolda,2026-02-06 19:31:42,
TR104341,IZM,Basriyeburgh,8.0,iade,2026-02-10 04:49:12,
TR104342,ANK,Altuğton,-0.5,iade,2026-04-27 09:06:41,
TR104343,ANT,Port Sonnurtown,15.14,iade,2026-01-14 13:10:03,
TR104344,BUR,West Gürelcemshire,3.43,iade,2026-01-21 20:33:44,
TR104345,IST,Lake Kavurtfort,9.64,teslim,2026-02-10 13:16:03,2026-02-14 13:16:03
TR104346,BUR,Çetinside,14.92,iade,2026-02-17 05:33:32,
TR104347,BUR,Port Ranatown,20.22,teslim,2026-06-03 08:42:10,2026-06-04 08:42:10
TR104348,BUR,Teberfurt,10.34,teslim,2026-03-09 05:42:37,2026-03-16 05:42:37
TR104349,ANT,Sittikview,24.69,iade,2026-02-23 19:03:00,
TR104350,IST,New Galipshire,22.91,teslim,2026-03-12 22:14:57,2026-03-19 22:14:57
TR104351,ANT,,9.23,teslim,2026-08-07 18:59:35,2026-08-10 18:59:35
TR104352,BUR,East Hudaventport,3.18,iade,2026-07-31 21:10:01,
TR104353,ANT,West Çerçifort,6.39,yolda,2026-07-23 19:14:03,
TR104354,ANK,Ertaştown,9.78,iade,2026-01-25 18:06:08,
TR104355,BUR,North Silanurview,23.6,teslim,2026-01-27 05:10:41,2026-02-03 05:10:41
TR104356,ANK,Ergülmouth,9.84,teslim,2026-04-15 10:58:53,2026-04-20 10:58:53
TR104357,BUR,İslimehaven,19.64,iade,2026-02-13 12:20:28,
TR104358,IZM,South Çağveren,6.94,yolda,2026-04-26 21:37:44,
TR104359,BUR,East İlsuberg,28.04,yolda,2026-08-16 17:15:29,
TR104360,IZM,West Zennun,4.44,yolda,2026-04-24 16:46:49,
TR104361,IZM,Tayganburgh,24.89,yolda,2026-01-29 02:23:51,
TR104362,BUR,Gülton,9.31,yolda,2026-08-22 02:06:15,
TR104363,BUR,Lake Bilginurton,22.9,iade,2026-08-12 15:46:51,
TR104364,BUR,East İldem,1.75,teslim,2026-06-17 00:43:12,2026-06-24 00:43:12
TR104365,IZM,Mansızstad,19.41,yolda,2026-08-31 21:42:21,
TR104366,IZM,East Bedi,0.68,teslim,2026-01-16 16:06:10,2026-01-20 16:06:10
TR104367,ANK,Aykutalpville,6.34,iade,2026-02-02 15:34:42,
TR104368,IZM,Gülperville,8.91,iade,2026-06-11 04:23:38,
TR104369,IST,West Perenview,9.72,yolda,2026-08-13 22:04:27,
TR104370,IZM,Soylubury,16.79,yolda,2026-03-19 23:36:42,
TR104371,ANK,South İde,23.94,iade,2026-07-29 08:02:04,
TR104372,ANT,South Sadatbury,13.26,iade,2026-03-23 23:02:44,
TR104373,IST,East Zehranurfurt,2.33,yolda,2026-03-11 05:06:44,
TR104374,BUR,Şadımanburgh,28.25,teslim,2026-09-07 11:53:53,2026-09-10 11:53:53
TR104375,BUR,Ğanimport,28.57,iade,2026-07-31 16:31:08,
TR104376,BUR,East Şahatberg,20.67,teslim,2026-03-12 15:53:47,2026-03-19 15:53:47
TR104377,BUR,Bilirville,7.57,iade,2026-06-02 02:06:12,
TR104378,ANT,Burakhanmouth,11.31,iade,2026-05-10 07:14:43,
TR104379,IZM,Arslanfurt,8.35,teslim,2026-01-25 21:47:25,2026-01-26 21:47:25
TR104380,BUR,Çakırcaport,27.72,yolda,2026-03-11 21:59:34,
TR104381,ANK,South Mükramin,26.44,teslim,2026-01-26 12:08:50,2026-01-24 12:08:50
TR104382,BUR,Hanimburgh,24.75,teslim,2026-06-02 09:28:37,2026-06-05 09:28:37
TR104383,IZM,Port Şazime,17.27,teslim,2026-05-04 04:25:36,2026-05-09 04:25:36
TR104384,IST,South Çağlasınport,13.2,iade,2026-01-19 02:32:27,
TR104385,ANT,Seçmehaven,16.44,yolda,2026-06-18 18:17:15,
TR104386,IZM,Port Musafetville,16.74,iade,2026-08-21 15:42:16,
TR104387,IST,New Zemzem,4.3,yolda,2026-06-02 03:10:40,
TR104388,IZM,Port Savak,28.72,teslim,2026-07-23 15:04:52,2026-07-30 15:04:52
TR104389,BUR,South Nezengül,22.44,yolda,2026-05-18 19:59:07,
TR104390,IZM,Arıelport,14.1,teslim,2026-02-02 23:12:20,2026-02-04 23:12:20
TR104391,IZM,Nezihiborough,10.06,yolda,2026-02-01 09:51:39,
TR104392,IZM,Port Yargı,7.74,iade,2026-04-04 00:12:49,
TR104393,IST,Muarramouth,4.29,iade,2026-03-26 12:58:50,
TR104394,BUR,Gülbury,12.88,iade,2026-02-26 12:30:28,
TR104395,IST,North Cumanmouth,24.97,yolda,2026-03-05 23:47:50,
TR104396,IZM,Gülville,0.58,teslim,2026-08-02 10:20:59,2026-08-07 10:20:59
TR104397,IST,New Koraybury,28.8,yolda,2026-08-09 11:40:25,
TR104398,ANT,Lake Tuleborough,14.81,yolda,2026-08-28 11:49:32,
TR104399,IZM,East Ünübol,19.07,iade,2026-07-20 08:53:31,
TR104400,IST,North Üstün,17.0,iade,2026-05-15 12:28:12,
TR104401,IST,North Nilcanhaven,16.0,iade,2026-01-23 13:40:01,
TR104402,IST,Özakanville,17.26,iade,2026-07-21 22:58:12,
TR104403,ANT,Öcalanside,19.54,yolda,2026-07-08 09:10:55,
TR104404,IST,North Kanpulatborough,23.04,teslim,2026-08-01 18:09:23,2026-08-08 18:09:23
TR104405,IZM,New Dorukhanmouth,14.02,yolda,2026-01-20 09:20:50,
TR104406,ANK,New Erikhaven,19.55,iade,2026-06-20 05:59:44,
TR104407,ANT,Lake Çağlasın,10.26,teslim,2026-01-15 03:59:34,2026-01-17 03:59:34
TR104408,BUR,Şenerfort,26.69,iade,2026-05-19 17:25:46,
TR104409,ANT,Müşüreville,8.89,yolda,2026-04-22 13:18:37,
TR104410,BUR,New Tutkucanborough,0.66,iade,2026-06-20 10:32:46,
TR104411,BUR,Neyranstad,4.6,teslim,2026-06-11 05:11:05,2026-06-14 05:11:05
TR104412,IZM,North Tayyipland,16.02,teslim,2026-03-03 01:59:14,2026-03-08 01:59:14
TR104413,ANK,Duracanside,23.12,iade,2026-02-26 21:45:55,
TR104414,IZM,East Özlü,26.81,iade,2026-05-03 13:36:38,
TR104415,ANT,Şamatown,4.66,iade,2026-08-03 20:37:22,
TR104416,IZM,Port Ğanim,5.53,teslim,2026-08-25 20:48:43,2026-08-27 20:48:43
TR104417,ANT,Port İnsaf,28.34,teslim,2026-03-26 16:29:40,2026-03-31 16:29:40
TR104418,ANK,New Nazlihan,16.25,teslim,2026-03-12 07:22:13,2026-03-19 07:22:13
TR104419,IZM,North Niyazi,27.86,teslim,2026-07-25 12:35:30,2026-07-28 12:35:30
TR104420,ANK,Tınalmouth,6.13,iade,2026-07-04 08:02:58,
TR104421,IZM,North Oymakton,7.07,teslim,2026-06-21 12:15:12,2026-06-25 12:15:12
TR104422,IZM,New Günebakan,0.92,teslim,2026-05-04 05:30:05,2026-05-11 05:30:05
TR104423,IST,Port Yıldırtown,25.04,yolda,2026-06-17 05:31:46,
TR104424,IST,South Özgür,13.37,yolda,2026-05-21 03:21:20,
TR104425,ANK,Çetinton,11.47,iade,2026-06-25 13:11:36,
TR104426,BUR,North Erkanchester,12.04,yolda,2026-07-30 18:17:47,
TR104427,BUR,East Balihaven,17.75,teslim,2026-01-17 01:11:07,2026-01-24 01:11:07
TR104428,ANK,Özaslanfurt,15.25,teslim,2026-03-29 23:29:57,2026-03-30 23:29:57
TR104429,ANT,Port Alparslanfurt,3.74,iade,2026-09-02 23:20:15,
TR104430,BUR,Erdoğanmouth,22.25,teslim,2026-03-10 21:00:41,2026-03-11 21:00:41
TR104431,IZM,East Mesturview,12.51,yolda,2026-04-02 17:38:30,
TR104432,ANT,Ağmurchester,10.86,teslim,2026-05-22 07:42:18,2026-05-23 07:42:18
TR104433,ANT,South Mahnaz,3.45,yolda,2026-07-26 18:38:03,
TR104434,IST,Şenerfort,0.32,yolda,2026-02-21 07:32:53,
TR104435,BUR,New Mahsun,28.85,yolda,2026-06-23 22:05:03,
TR104436,IZM,Sezginbaşton,28.38,teslim,2026-08-01 18:19:29,2026-08-04 18:19:29
TR104437,IZM,West Hümeyra,6.96,teslim,2026-02-24 01:18:15,2026-02-28 01:18:15
TR104438,IST,Öcalanborough,19.55,iade,2026-01-11 23:55:30,
TR104439,BUR,Nerimfort,0.57,yolda,2026-05-23 03:03:13,
TR104440,IZM,South Aydınbey,1.46,yolda,2026-08-11 18:45:42,
TR104441,ANT,,0.38,teslim,2026-04-02 09:19:16,2026-04-04 09:19:16
TR104442,ANK,North Değmeerstad,4.29,iade,2026-09-05 17:20:19,
TR104443,IST,New Ayparhaven,1.93,yolda,2026-07-04 10:18:17,
TR104444,IZM,Port Seyithanport,11.21,teslim,2026-06-02 01:58:32,2026-06-09 01:58:32
TR104445,ANK,North Ümmahan,12.64,yolda,2026-08-21 00:35:13,
TR104446,ANK,Mevlüdiyeburgh,22.28,teslim,2026-07-05 00:58:33,2026-07-10 00:58:33
TR104447,ANK,Öcalanshire,11.02,iade,2026-06-15 12:35:06,
TR104448,ANK,Hubanmouth,1.0,teslim,2026-06-05 01:02:51,2026-06-12 01:02:51
TR104449,BUR,Fetullahside,18.8,teslim,2026-02-13 21:20:45,2026-02-16 21:20:45
TR104450,ANT,Şenershire,9.7,yolda,2026-06-01 06:45:12,
TR104451,IST,West Kutun,26.68,teslim,2026-04-16 11:06:11,2026-04-19 11:06:11
TR104452,ANK,Akınalhaven,27.42,teslim,2026-02-19 01:12:40,2026-02-25 01:12:40
TR104453,BUR,East Kavurt,22.9,teslim,2026-05-10 07:19:21,2026-05-15 07:19:21
TR104454,ANT,Port Mucahit,5.18,iade,2026-02-21 03:38:40,
TR104455,IZM,Port Adila,26.93,teslim,2026-05-04 10:00:20,2026-05-05 10:00:20
TR104456,IST,South Oguştown,3.46,teslim,2026-06-16 01:14:03,2026-06-20 01:14:03
TR104457,BUR,Mançofurt,29.5,yolda,2026-08-14 17:47:18,
TR104458,BUR,İnönüchester,4.12,iade,2026-02-24 18:54:09,
TR104459,IST,Akçayborough,9.41,iade,2026-01-21 22:10:26,
TR104460,IZM,New Nesfe,3.93,yolda,2026-05-10 06:28:09,
TR104461,ANT,Süsenstad,11.03,iade,2026-04-05 15:57:21,
TR104462,IST,Lake Kefser,14.39,iade,2026-04-14 19:35:33,
TR104463,ANT,Abdurrahmanstad,5.97,iade,2026-01-16 20:48:32,
TR104464,ANK,East Zahfershire,24.18,teslim,2026-06-17 07:37:11,2026-06-22 07:37:11
TR104465,IST,Şamatown,22.32,teslim,2026-09-03 23:22:52,2026-09-05 23:22:52
TR104466,BUR,South Mübetcel,8.54,iade,2026-08-11 09:06:19,
TR104467,IST,South Seçgül,7.57,iade,2026-05-29 09:14:13,
TR104468,ANK,Port Hezniyefurt,21.93,yolda,2026-04-23 09:21:46,
TR104469,IZM,Ergülchester,21.34,yolda,2026-08-20 13:38:33,
TR104470,ANT,North Kerime,15.65,yolda,2026-02-07 08:17:16,
TR104471,IZM,Sakaryaberg,22.82,iade,2026-07-16 05:36:30,
TR104472,BUR,Mahigülmouth,11.31,teslim,2026-03-24 23:18:13,2026-03-27 23:18:13
TR104473,IST,Kayıtview,22.46,teslim,2026-02-25 17:55:04,2026-03-02 17:55:04
TR104474,IST,East Mufide,23.85,teslim,2026-06-13 21:34:55,2026-06-11 21:34:55
TR104475,ANK,Perinurton,19.08,teslim,2026-05-10 18:02:08,2026-05-11 18:02:08
TR104476,BUR,South Muhip,9.74,teslim,2026-01-21 12:14:09,2026-01-23 12:14:09
TR104477,BUR,Lake Gilmanchester,14.57,iade,2026-01-10 10:49:16,
TR104478,ANK,Çamurcuoğlufurt,18.9,yolda,2026-08-31 05:46:01,
TR104479,BUR,North Öngenhaven,13.62,iade,2026-02-03 09:13:27,
TR104480,ANT,North Süheydaborough,7.96,teslim,2026-03-29 13:01:38,2026-04-02 13:01:38
TR104481,IST,Aliseyditon,22.37,yolda,2026-09-04 16:55:50,
TR104482,ANT,Fıratton,27.72,iade,2026-02-04 18:56:30,
TR104483,ANK,Boztaşport,7.73,yolda,2026-09-04 18:35:15,
TR104484,ANT,Port Toktuğton,13.74,yolda,2026-09-02 15:00:27,
TR104485,IZM,Öcalanburgh,22.92,teslim,2026-07-05 01:14:45,2026-07-11 01:14:45
TR104486,IST,Port Meveddet,23.48,yolda,2026-07-31 17:18:15,
TR104487,IST,Şenerberg,28.95,yolda,2026-07-01 05:41:10,
TR104488,ANK,Mihinview,29.26,teslim,2026-01-29 14:31:34,2026-01-30 14:31:34
TR104489,ANT,South Aralmouth,21.41,teslim,2026-04-24 23:25:07,2026-04-25 23:25:07
TR104490,IZM,Özbayburgh,9.28,teslim,2026-08-30 15:15:26,2026-09-06 15:15:26
TR104491,ANT,Akgündüzberg,29.53,yolda,2026-02-01 15:59:57,
TR104492,ANT,Ülkerberg,5.56,teslim,2026-06-15 15:58:46,2026-06-22 15:58:46
TR104493,ANK,West Akver,4.34,iade,2026-08-29 15:44:04,
TR104494,ANK,Lake Elamiyefort,23.3,iade,2026-08-13 19:00:29,
TR104495,IZM,East Kutunland,15.81,teslim,2026-06-08 09:15:13,2026-06-14 09:15:13
TR104496,ANT,South Gülfezaside,15.8,teslim,2026-04-22 10:07:46,2026-04-27 10:07:46
TR104497,IZM,East Korayborough,16.23,iade,2026-04-22 03:10:07,
TR104498,ANT,North Ertan,5.09,iade,2026-07-05 08:02:44,
TR104499,ANK,Ümmühanburgh,19.08,teslim,2026-05-12 02:15:41,2026-05-13 02:15:41
TR104500,ANK,Öğetville,25.31,iade,2026-03-29 18:14:45,
TR104501,ANK,South Aferborough,16.27,iade,2026-07-10 12:15:22,
TR104502,BUR,North Nebihaburgh,25.76,iade,2026-03-14 20:50:16,
TR104503,IST,Demirbury,28.78,yolda,2026-01-10 06:01:58,
TR104504,IZM,Port Gelengül,11.75,yolda,2026-06-22 22:05:34,
TR104505,BUR,South Erbay,26.82,iade,2026-05-13 11:24:14,
TR104506,IZM,Çağaville,4.17,yolda,2026-08-10 03:50:38,
TR104507,IST,South Bilgütay,2.34,yolda,2026-03-25 00:14:28,
TR104508,ANT,Tansığview,20.08,iade,2026-08-09 19:13:54,
TR104509,ANT,Lake Halukshire,17.86,teslim,2026-08-28 04:43:01,2026-09-03 04:43:01
TR104510,BUR,East Özinalport,4.3,teslim,2026-05-15 12:29:36,2026-05-16 12:29:36
TR104511,ANK,Port Cumanchester,22.96,yolda,2026-07-27 05:45:07,
TR104512,ANK,Bababury,19.42,teslim,2026-04-27 00:32:28,2026-05-01 00:32:28
TR104513,ANT,Lake Onat,5.88,yolda,2026-07-04 12:12:47,
TR104514,IST,Güçlüside,6.87,yolda,2026-02-18 12:49:42,
TR104515,ANK,South Evde,26.79,yolda,2026-02-21 02:58:15,
TR104516,ANT,East Biltaş,28.34,teslim,2026-07-28 10:51:10,2026-08-03 10:51:10
TR104517,BUR,Lake Cevheri,4.36,teslim,2026-01-15 12:19:09,2026-01-17 12:19:09
TR104518,IZM,,0.42,yolda,2026-07-19 23:31:04,
TR104519,IZM,Gülbeyanchester,15.77,teslim,2026-03-26 04:11:11,2026-03-31 04:11:11
TR104520,ANT,Şeydafort,14.19,iade,2026-03-17 17:18:52,
TR104521,BUR,Bilginchester,9.03,iade,2026-09-02 14:38:18,
TR104522,ANT,North Gökperi,13.69,teslim,2026-04-10 00:38:26,2026-04-15 00:38:26
TR104523,IZM,İdiristown,26.27,teslim,2026-03-19 21:28:56,2026-03-26 21:28:56
TR104524,IZM,New Aylil,3.47,teslim,2026-05-21 12:29:05,2026-05-25 12:29:05
TR104525,BUR,Çetinshire,17.59,yolda,2026-01-18 23:19:17,
TR104526,BUR,Gülenville,22.78,iade,2026-08-09 13:43:42,
TR104527,IST,Sezerton,2.75,teslim,2026-07-05 05:19:02,2026-07-10 05:19:02
TR104528,ANT,Yükselfurt,28.8,iade,2026-06-15 10:45:39,
TR104529,ANK,Port Akdurmuş,26.09,yolda,2026-07-30 08:23:56,
TR104530,BUR,South Hadreyberg,25.12,iade,2026-05-31 20:33:17,
TR104531,BUR,East Muhip,1.79,yolda,2026-02-11 19:55:34,
TR104532,IZM,Tanyuburgh,25.29,teslim,2026-05-25 17:27:05,2026-06-01 17:27:05
TR104533,IZM,Tarhanstad,27.15,iade,2026-02-12 13:02:41,
TR104534,ANT,Güzeymouth,9.93,iade,2026-01-15 19:56:58,
TR104535,IZM,Ünübolshire,29.49,iade,2026-02-19 19:27:04,
TR104536,IST,New Sematburgh,21.42,teslim,2026-03-09 10:58:44,2026-03-10 10:58:44
TR104537,ANK,West Laze,17.61,yolda,2026-02-07 07:48:48,
TR104538,BUR,İnönüton,20.0,teslim,2026-06-13 14:41:03,2026-06-18 14:41:03
TR104539,BUR,Nazlimchester,16.86,teslim,2026-08-14 14:13:36,2026-08-21 14:13:36
TR104540,BUR,Havalitown,18.24,iade,2026-09-09 04:33:28,
TR104541,BUR,North Tuğtaş,1.36,iade,2026-03-12 13:30:40,
TR104542,IST,Lake Haliye,17.31,teslim,2026-01-23 05:46:39,2026-01-28 05:46:39
TR104543,ANK,Ferinazport,10.88,teslim,2026-06-27 06:57:45,2026-07-04 06:57:45
TR104544,ANT,Neptünmouth,12.71,iade,2026-03-01 13:16:53,
TR104545,IST,Lake Bügetport,10.48,yolda,2026-09-03 20:47:56,
TR104546,BUR,Şenerside,17.24,yolda,2026-05-24 17:55:18,
TR104547,IST,Sezginton,28.21,iade,2026-07-26 04:16:19,
TR104548,BUR,West Hıfzullahbury,20.11,iade,2026-06-30 11:54:06,
TR104549,ANT,Dumanlıfurt,5.5,teslim,2026-08-09 07:51:41,2026-08-11 07:51:41
TR104550,IZM,New Sevgen,3.05,iade,2026-07-14 13:16:18,
TR104551,IST,New Aysunaview,21.9,yolda,2026-03-23 14:26:34,
TR104552,IZM,New Başhanmouth,24.57,yolda,2026-06-06 19:44:20,
TR104553,IZM,Kısakürekside,29.21,yolda,2026-07-21 06:29:23,
TR104554,BUR,Zorlufort,23.53,teslim,2026-03-09 07:01:56,2026-03-12 07:01:56
TR104555,BUR,West Göli,21.0,yolda,2026-03-10 20:17:55,
TR104556,IZM,South Arısoy,23.08,iade,2026-08-22 01:54:33,
TR104557,ANT,Türcanhaven,23.15,teslim,2026-08-04 17:36:51,2026-08-06 17:36:51
TR104558,IZM,Şensoyburgh,22.25,iade,2026-01-10 07:48:19,
TR104559,ANK,West Ağmur,25.36,yolda,2026-09-09 20:59:30,
TR104560,IZM,Lake Yertanfurt,18.53,teslim,2026-04-24 16:00:55,2026-04-27 16:00:55
TR104561,ANK,Varlıkmouth,9.56,iade,2026-06-07 00:18:52,
TR104562,IST,North Tangülville,27.43,yolda,2026-08-19 02:58:18,
TR104563,BUR,Halenurburgh,9.46,teslim,2026-03-16 06:49:42,2026-03-22 06:49:42
TR104564,ANK,Sadittinview,22.72,yolda,2026-05-23 03:15:38,
TR104565,BUR,Ertaşshire,10.58,teslim,2026-03-21 23:14:58,2026-03-24 23:14:58
TR104566,IZM,East Yalgın,22.67,yolda,2026-06-12 02:40:28,
TR104567,IST,Karabaşbury,3.43,teslim,2026-09-04 12:14:51,2026-09-07 12:14:51
TR104568,IZM,Özbilekbury,27.27,iade,2026-03-02 18:15:58,
TR104569,ANT,West Ünübolburgh,8.96,iade,2026-03-26 15:12:26,
TR104570,ANT,Lake Tuğçemouth,5.42,iade,2026-04-21 07:52:07,
TR104571,IST,İncifirfort,6.04,iade,2026-03-23 12:57:31,
TR104572,ANT,Överburgh,27.45,teslim,2026-03-20 03:50:19,2026-03-26 03:50:19
TR104573,BUR,South Mukbile,25.58,iade,2026-08-21 13:13:39,
TR104574,IZM,West Gülselin,16.03,teslim,2026-04-06 03:39:05,2026-04-12 03:39:05
TR104575,ANK,Değmeerbury,27.65,yolda,2026-09-03 04:05:33,
TR104576,IZM,New Özgefurt,18.44,teslim,2026-07-24 23:48:35,2026-07-31 23:48:35
TR104577,ANK,Aliseydifort,13.33,teslim,2026-06-02 11:11:24,2026-06-05 11:11:24
TR104578,ANT,Önelside,4.73,teslim,2026-07-30 14:31:42,2026-08-01 14:31:42
TR104579,IST,New Tiğinfort,14.89,yolda,2026-05-16 01:06:38,
TR104580,ANK,Muhyettintown,7.44,iade,2026-05-01 15:34:41,
TR104581,ANK,Pürçekville,4.45,teslim,2026-03-26 11:24:07,2026-03-30 11:24:07
TR104582,ANK,Port Ecemişfort,28.94,yolda,2026-07-28 00:46:51,
TR104583,BUR,Aksuton,25.15,iade,2026-08-30 16:47:53,
TR104584,ANT,Mesudebury,16.58,yolda,2026-03-28 09:53:45,
TR104585,ANK,North Yurdanurborough,12.43,iade,2026-04-24 14:12:45,
TR104586,ANT,Cansinmouth,12.05,iade,2026-06-12 06:59:49,
TR104587,BUR,Sakaryamouth,22.43,iade,2026-05-04 02:43:12,
TR104588,IZM,North Mengüç,24.12,iade,2026-05-17 08:42:20,
TR104589,BUR,Nursimborough,11.17,yolda,2026-03-18 10:55:52,
TR104590,ANT,Gülhaven,10.78,teslim,2026-06-21 23:34:31,2026-06-24 23:34:31
TR104591,ANK,Port Şevket,9.72,iade,2026-02-16 21:19:53,
TR104592,ANK,Aydinçtown,23.89,iade,2026-07-02 19:05:32,
TR104593,ANK,Gerayville,2.99,iade,2026-09-08 03:42:25,
TR104594,BUR,North Yalınburgh,16.11,iade,2026-04-30 03:55:04,
TR104595,ANT,Mansızhaven,6.91,teslim,2026-07-06 09:49:54,2026-07-13 09:49:54
TR104596,ANT,Durmuşton,24.65,yolda,2026-02-26 10:57:14,
TR104597,IZM,Port Cedide,17.27,teslim,2026-09-02 01:22:53,2026-09-06 01:22:53
TR104598,ANT,Yetişalberg,13.19,teslim,2026-01-12 16:23:58,2026-01-16 16:23:58
TR104599,BUR,Ülfetburgh,2.03,iade,2026-04-11 08:09:18,
TR104600,ANT,Işinchester,13.51,teslim,2026-03-04 05:14:10,2026-03-05 05:14:10
TR104601,IST,West Mezidehaven,26.89,iade,2026-06-20 15:52:46,
TR104602,ANK,Duranmouth,2.01,yolda,2026-06-20 10:33:45,
TR104603,IST,Hakikatberg,28.65,yolda,2026-04-28 15:11:15,
TR104604,ANT,Fidayemouth,7.64,yolda,2026-07-20 10:06:40,
TR104605,IST,Şennurshire,21.44,iade,2026-04-28 15:53:34,
TR104606,BUR,Temuçinport,21.16,yolda,2026-06-22 22:41:57,
TR104607,ANK,West Nurbanu,19.89,teslim,2026-03-20 02:41:16,2026-03-24 02:41:16
TR104608,ANT,Port Yurdaserchester,20.95,yolda,2026-02-25 03:40:28,
TR104609,IZM,East Abdürreşitton,7.05,yolda,2026-05-19 02:54:56,
TR104610,BUR,Port Tansığ,4.41,iade,2026-01-26 17:19:38,
TR104611,ANT,New Sefer,9.5,iade,2026-06-03 17:41:20,
TR104612,IST,East Eroğulville,21.39,teslim,2026-04-10 04:56:07,2026-04-15 04:56:07
TR104613,ANT,Berkalborough,3.68,yolda,2026-05-16 16:02:43,
TR104614,IST,Uraltayfort,15.94,teslim,2026-01-12 05:37:02,2026-01-17 05:37:02
TR104615,ANK,Lake Rengül,22.0,iade,2026-01-23 04:38:34,
TR104616,ANK,Lake Denizalp,25.09,teslim,2026-06-24 09:21:19,2026-06-29 09:21:19
TR104617,BUR,Seracettinhaven,21.89,teslim,2026-04-30 07:55:55,2026-05-06 07:55:55
TR104618,IST,Kısakürekshire,2.92,yolda,2026-08-01 21:07:07,
TR104619,ANT,Mançofort,21.06,yolda,2026-09-07 20:10:15,
TR104620,BUR,Dumanlımouth,24.17,iade,2026-04-06 07:41:27,
TR104621,BUR,Mançotown,4.24,yolda,2026-05-03 17:34:08,
TR104622,ANK,Gökperiburgh,2.97,yolda,2026-03-01 10:56:10,
TR104623,ANK,Lutfiland,21.25,yolda,2026-06-02 07:29:20,
TR104624,BUR,Port Hekmet,2.81,yolda,2026-08-02 06:46:22,
TR104625,BUR,Lake Ertuncayborough,6.1,yolda,2026-08-09 02:13:48,
TR104626,IST,East Nesfe,10.26,yolda,2026-02-03 12:07:10,
TR104627,IZM,Lake Tandoğduland,0.71,teslim,2026-03-06 16:32:31,2026-03-11 16:32:31
TR104628,IST,Korutürktown,29.46,iade,2026-02-01 23:28:45,
TR104629,IZM,South Refik,2.96,teslim,2026-02-13 23:10:32,2026-02-19 23:10:32
TR104630,IST,East Üçgül,0.24,teslim,2026-07-19 04:31:38,2026-07-24 04:31:38
TR104631,IZM,Ergültown,0.93,yolda,2026-08-12 17:40:11,
TR104632,ANT,Port Birben,11.31,iade,2026-08-04 21:05:09,
TR104633,ANK,Lake Azadeburgh,19.13,teslim,2026-06-15 23:29:35,2026-06-17 23:29:35
TR104634,ANK,Cuheynamouth,16.1,yolda,2026-03-21 05:37:32,
TR104635,IST,Yoruçside,26.18,yolda,2026-05-14 16:13:55,
TR104636,IZM,Yamanfurt,17.26,teslim,2026-04-23 05:33:28,2026-04-28 05:33:28
TR104637,ANK,West Fenniland,15.27,yolda,2026-03-11 04:07:27,
TR104638,IST,Kısakürekside,18.7,yolda,2026-07-27 11:53:58,
TR104639,IST,South Babaside,24.24,iade,2026-04-13 16:48:56,
TR104640,IZM,Demirfort,3.32,yolda,2026-03-21 14:49:40,
TR104641,ANK,South Verdeborough,17.74,iade,2026-03-19 05:56:20,
TR104642,BUR,Çetinborough,5.88,teslim,2026-03-28 02:11:28,2026-03-29 02:11:28
TR104643,IZM,Port Alsoy,28.14,teslim,2026-08-17 07:05:02,2026-08-22 07:05:02
TR104644,ANT,East Gönen,24.97,iade,2026-05-16 14:35:26,
TR104645,IST,Lake İlkim,20.09,yolda,2026-08-22 00:27:12,
TR104646,ANK,Lake Şinasimouth,11.03,teslim,2026-03-17 13:20:03,2026-03-20 13:20:03
TR104647,BUR,Lake Talibury,5.73,teslim,2026-08-25 07:56:47,2026-09-01 07:56:47
TR104648,IST,East Güçyeter,10.81,yolda,2026-08-12 21:18:31,
TR104649,ANT,Zülbiyebury,3.05,yolda,2026-05-16 07:52:44,
TR104650,IST,West Hüsnühâl,19.94,iade,2026-08-22 09:22:26,
TR104651,ANT,İzgüville,16.93,yolda,2026-05-09 17:02:39,
TR104652,ANT,Korutürkfort,15.7,iade,2026-07-19 00:28:34,
TR104653,ANK,Port Özel,8.55,iade,2026-04-05 01:40:59,
TR104654,ANK,North Macide,8.86,teslim,2026-05-02 15:14:04,2026-05-06 15:14:04
TR104655,BUR,Ortakshire,12.19,iade,2026-05-19 05:59:09,
TR104656,IST,East Aydarshire,14.76,yolda,2026-07-22 12:29:39,
TR104657,IST,East Macideburgh,9.71,yolda,2026-06-29 11:34:44,
TR104658,ANT,East Balimouth,11.73,yolda,2026-06-30 00:07:18,
TR104659,IZM,İnönühaven,23.15,yolda,2026-04-15 19:09:04,
TR104660,IST,East Edaviyemouth,15.87,iade,2026-07-22 08:36:45,
TR104661,IST,East Gençay,-3.5,teslim,2026-03-04 18:31:25,2026-03-06 18:31:25
TR104662,ANT,East Yurtgüvenfurt,16.33,iade,2026-01-20 23:24:47,
TR104663,IZM,East Arıkol,22.2,iade,2026-01-31 03:43:44,
TR104664,IST,Hümeyrafort,1.51,iade,2026-01-27 08:09:12,
TR104665,BUR,Fırathaven,5.73,yolda,2026-09-02 15:26:20,
TR104666,IST,Ergülborough,24.73,iade,2026-07-25 13:10:37,
TR104667,BUR,Kanpulatbury,22.18,iade,2026-06-03 14:47:34,
TR104668,ANK,İhsanoğluton,15.31,iade,2026-08-05 20:10:05,
TR104669,IST,North Sayın,27.33,iade,2026-01-25 18:36:41,
TR104670,ANK,South Saçı,26.78,teslim,2026-05-07 09:30:46,2026-05-11 09:30:46
TR104671,IZM,Durmuşalimouth,2.28,iade,2026-02-10 22:05:28,
TR104672,ANK,Günserborough,17.18,teslim,2026-02-04 20:40:31,2026-02-08 20:40:31
TR104673,IST,North Gençayshire,1.45,iade,2026-08-19 15:17:58,
TR104674,ANK,Sititown,27.02,yolda,2026-03-16 02:43:52,
TR104675,IST,Korkmazalpfort,27.14,teslim,2026-02-14 23:38:02,2026-02-17 23:38:02
TR104676,IZM,North Nilcan,29.53,iade,2026-04-27 17:14:51,
TR104677,ANK,New İsakfort,11.22,yolda,2026-03-27 07:39:23,
TR104678,IST,Lake Münezzer,4.76,yolda,2026-02-11 04:02:14,
TR104679,ANK,New Efserberg,18.69,iade,2026-07-23 04:47:08,
TR104680,BUR,Lake Gökayberg,20.44,yolda,2026-06-13 13:39:01,
TR104681,IZM,East Emin,6.23,iade,2026-02-23 22:47:50,
TR104682,IZM,Ertaşberg,12.34,iade,2026-07-07 20:25:40,
TR104683,BUR,New Tansesland,11.38,teslim,2026-01-30 20:23:32,2026-02-03 20:23:32
TR104684,BUR,South Ülküdeşville,7.68,teslim,2026-02-24 02:17:10,2026-03-03 02:17:10
TR104685,BUR,North Eral,1.35,teslim,2026-03-01 08:45:16,2026-03-07 08:45:16
TR104686,ANK,South Esenbaymouth,19.92,yolda,2026-09-06 21:17:42,
TR104687,IST,İhsanoğlubury,3.55,teslim,2026-08-03 13:47:16,2026-08-04 13:47:16
TR104688,IST,North Soydaner,5.58,yolda,2026-03-27 22:44:38,
TR104689,ANK,South Çetinsu,28.31,yolda,2026-08-20 04:02:51,
TR104690,BUR,New Akbaş,8.62,yolda,2026-05-21 01:41:26,
TR104691,IZM,Şensoyport,25.68,yolda,2026-03-20 12:35:31,
TR104692,IST,East Selerburgh,22.85,yolda,2026-07-31 09:42:28,
TR104693,ANK,West Alanalpside,28.51,yolda,2026-02-18 02:02:47,
TR104694,BUR,West Adak,6.1,iade,2026-06-12 09:21:16,
TR104695,IST,Eryıldızberg,14.12,iade,2026-08-21 22:25:00,
TR104696,ANK,Çavuldurberg,1.24,teslim,2026-08-29 15:50:22,2026-08-30 15:50:22
TR104697,ANK,Lake Yıldır,2.6,yolda,2026-01-16 17:13:34,
TR104698,IST,Karadenizland,7.33,iade,2026-05-25 23:42:37,
TR104699,IZM,Lake Sunay,13.2,iade,2026-01-10 13:13:29,
TR104700,ANT,Erinçershire,23.1,teslim,2026-08-18 23:57:26,2026-08-22 23:57:26
TR104701,ANT,Port Dağistanbury,23.03,iade,2026-07-21 21:57:37,
TR104702,ANK,East Savakborough,21.77,teslim,2026-07-05 06:48:51,2026-07-12 06:48:51
TR104703,IST,Henifemouth,28.46,teslim,2026-06-23 16:23:06,2026-06-28 16:23:06
TR104704,IZM,Önsalport,27.66,yolda,2026-08-07 15:30:25,
TR104705,BUR,Port Alparslan,6.1,yolda,2026-03-01 16:30:04,
TR104706,IST,Lake Görklütown,11.8,iade,2026-04-20 19:05:19,
TR104707,ANT,İhsanoğluton,2.0,teslim,2026-03-05 18:28:55,2026-03-08 18:28:55
TR104708,ANK,West Nuraburgh,10.14,teslim,2026-06-23 03:18:52,2026-06-29 03:18:52
TR104709,BUR,New Emiş,0.86,iade,2026-07-15 05:12:05,
TR104710,IST,East Nasibaton,25.32,yolda,2026-04-28 00:12:23,
TR104711,ANT,South Şevketshire,8.71,iade,2026-07-01 03:49:51,
TR104712,ANT,Bilginberg,28.93,teslim,2026-01-18 18:18:15,2026-01-20 18:18:15
TR104713,IST,Gülsiyeville,12.36,teslim,2026-02-28 04:36:31,2026-03-01 04:36:31
TR104714,IST,Rasulburgh,18.6,iade,2026-05-23 01:00:46,
TR104715,IZM,ISTANBUL,11.17,teslim,2026-01-13 00:19:51,2026-01-19 00:19:51
TR104716,ANK,East Baturayville,0.28,teslim,2026-04-30 22:20:41,2026-05-01 22:20:41
TR104717,IST,Ürfettinfort,24.43,teslim,2026-01-16 14:51:06,2026-01-21 14:51:06
TR104718,IST,İSTANBUL,25.72,iade,2026-08-17 06:33:24,
TR104719,IST,West Asimanshire,16.95,iade,2026-05-09 18:53:20,
TR104720,BUR,Serdachester,28.12,teslim,2026-05-25 05:35:54,2026-05-26 05:35:54
TR104721,BUR,West Cihan,8.55,iade,2026-03-18 01:21:26,
TR104722,BUR,Port Onuker,13.55,iade,2026-02-20 09:39:25,
TR104723,ANK,Yılmazville,20.52,iade,2026-07-08 09:29:14,
TR104724,IZM,Port Emirşanhaven,10.42,iade,2026-01-27 04:57:56,
TR104725,BUR,East Almuschester,14.43,iade,2026-02-26 16:45:42,
TR104726,ANT,North Aylil,26.4,teslim,2026-08-13 03:53:53,2026-08-17 03:53:53
TR104727,IZM,Celilayfort,19.15,teslim,2026-06-13 21:16:57,2026-06-15 21:16:57
TR104728,IZM,Fıratton,26.47,teslim,2026-03-13 22:28:56,2026-03-17 22:28:56
TR104729,IST,New Dağistanstad,13.01,yolda,2026-08-09 11:37:28,
TR104730,ANK,East Mükrümetown,1.37,yolda,2026-07-02 23:08:27,
TR104731,ANT,Çalımton,25.57,yolda,2026-02-21 02:01:46,
TR104732,ANK,East Feryaston,25.22,yolda,2026-07-09 01:25:14,
TR104733,ANK,Sakaryabury,28.26,yolda,2026-06-17 18:00:33,
TR104734,BUR,Demirelbury,13.87,yolda,2026-01-30 23:55:50,
TR104735,BUR,North Sevindikstad,28.58,yolda,2026-05-19 01:27:59,
TR104736,IZM,Elamiyeport,10.2,yolda,2026-08-04 04:07:54,
TR104737,BUR,Akçayville,4.08,iade,2026-03-28 13:07:39,
TR104738,ANK,North Kutunchester,7.46,iade,2026-03-27 09:42:58,
TR104739,ANK,Gülsühaven,17.09,iade,2026-03-21 15:30:42,
TR104740,ANT,Şafakchester,10.97,iade,2026-05-28 01:39:08,
TR104741,ANT,Eremtown,25.89,yolda,2026-08-29 14:19:13,
TR104742,IZM,New Abdülsamedmouth,19.36,yolda,2026-03-30 12:21:32,
TR104743,ANK,New Ülküdeş,-0.5,teslim,2026-03-28 08:11:24,2026-04-01 08:11:24
TR104744,BUR,İhsanoğluview,9.08,iade,2026-03-11 21:10:36,
TR104745,BUR,Şafakberg,1.62,iade,2026-06-28 23:15:54,
TR104746,ANT,Minibeland,26.71,teslim,2026-02-09 17:24:59,2026-02-12 17:24:59
TR104747,BUR,Port Eyyüp,28.12,iade,2026-08-01 19:28:43,
TR104748,ANK,North Barsenview,28.3,yolda,2026-07-13 13:03:23,
TR104749,ANK,Şafakville,11.64,teslim,2026-06-15 13:47:24,2026-06-21 13:47:24
TR104750,ANK,Permunshire,8.27,iade,2026-05-10 16:43:03,
TR104751,ANT,Port Elhanton,23.1,iade,2026-01-19 18:05:59,
TR104752,BUR,Ülkermouth,17.29,iade,2026-07-02 15:24:22,
TR104753,BUR,Arıeltown,9.56,teslim,2026-02-27 08:28:55,2026-03-01 08:28:55
TR104754,ANK,New Hoşkadem,22.9,teslim,2026-04-22 02:11:28,2026-04-29 02:11:28
TR104755,IZM,Maynurtown,18.35,yolda,2026-02-05 10:59:39,
TR104756,ANT,Lake Öncel,22.09,iade,2026-05-12 10:09:16,
TR104757,IST,Hayretton,23.63,teslim,2026-02-04 14:48:25,2026-02-10 14:48:25
TR104758,IST,Port Musaffaport,27.61,teslim,2026-04-19 07:20:19,2026-04-20 07:20:19
TR104759,IST,İhsanoğlufurt,9.47,teslim,2026-08-30 06:50:47,2026-09-02 06:50:47
TR104760,ANK,Şenerbury,22.33,yolda,2026-09-02 11:03:00,
TR104761,IST,South Muvahhide,10.95,teslim,2026-02-04 08:39:13,2026-02-07 08:39:13
TR104762,ANT,Port İnançlıfurt,27.15,yolda,2026-06-29 13:38:31,
TR104763,BUR,Değmeerchester,10.22,yolda,2026-09-01 05:56:59,
TR104764,IZM,East Mengifort,3.13,teslim,2026-06-07 10:14:21,2026-06-10 10:14:21
TR104765,ANK,South Cihanshire,27.03,iade,2026-05-01 09:31:20,
TR104766,BUR,East Hidir,3.64,teslim,2026-04-23 10:37:35,2026-04-25 10:37:35
TR104767,BUR,Akçayborough,4.83,iade,2026-05-15 05:56:23,
TR104768,BUR,Mevlüdiyeshire,21.03,iade,2026-07-29 05:28:09,
TR104769,ANK,Sezgintown,29.29,yolda,2026-02-23 07:41:13,
TR104770,ANK,Gürsalchester,27.28,iade,2026-02-05 02:08:53,
TR104771,IST,East Beseyton,4.15,teslim,2026-03-05 06:33:31,2026-03-12 06:33:31
TR104772,BUR,Alemdarside,11.44,yolda,2026-07-29 07:10:34,
TR104773,IST,North İlgiton,17.63,teslim,2026-03-17 16:27:44,2026-03-24 16:27:44
TR104774,BUR,Lake Sezenview,17.59,yolda,2026-03-12 13:42:42,
TR104775,IST,East Zennunshire,29.11,teslim,2026-02-15 23:53:43,2026-02-19 23:53:43
TR104776,ANT,Akçayberg,10.38,iade,2026-07-28 06:47:35,
TR104777,IST,South Alaeddinside,26.61,yolda,2026-02-22 13:12:57,
TR104778,ANK,Sidarhaven,18.76,teslim,2026-07-24 16:03:27,2026-07-26 16:03:27
TR104779,BUR,New Öztekview,27.51,iade,2026-01-21 22:19:04,
TR104780,ANK,East Ensari,28.85,teslim,2026-05-08 04:15:09,2026-05-15 04:15:09
TR104781,IZM,Güldünyahaven,21.37,yolda,2026-07-04 08:02:38,
TR104782,ANT,Zorlustad,29.51,teslim,2026-04-10 14:42:21,2026-04-13 14:42:21
TR104783,IST,New Hazratton,18.69,yolda,2026-06-29 01:03:49,
TR104784,BUR,Hacileton,29.75,iade,2026-01-20 01:10:46,
TR104785,IZM,Hayrioğlufort,5.84,yolda,2026-06-21 17:05:13,
TR104786,ANT,Port Karcan,27.14,yolda,2026-02-15 11:01:25,
TR104787,IZM,,27.18,teslim,2026-06-06 17:53:23,2026-06-10 17:53:23
TR104788,ANK,East Firdevisfort,21.05,teslim,2026-02-14 14:34:48,2026-02-20 14:34:48
TR104789,BUR,Gürsalchester,29.89,yolda,2026-08-27 08:54:35,
TR104790,IST,South Şahdiye,8.26,yolda,2026-08-15 10:22:57,
TR104791,BUR,Ülkerton,19.82,iade,2026-06-11 08:22:58,
TR104792,ANT,New Yankıbury,1.04,yolda,2026-04-23 19:34:39,
TR104793,IST,Cantezshire,22.07,iade,2026-02-24 20:44:30,
TR104794,BUR,West Şinasiton,6.07,teslim,2026-06-23 13:13:20,2026-06-26 13:13:20
TR104795,BUR,East Durgadin,11.71,yolda,2026-07-21 01:25:51,
TR104796,IZM,West İnsaf,20.94,iade,2026-04-30 09:52:14,
TR104797,IZM,Doğanalpmouth,24.11,yolda,2026-06-05 15:12:15,
TR104798,BUR,Akçayport,21.25,yolda,2026-08-23 17:19:51,
TR104799,IZM,Sezerport,16.62,teslim,2026-01-27 14:41:46,2026-01-30 14:41:46
TR104800,IZM,Kısakürekside,8.07,yolda,2026-09-03 21:40:58,
TR104801,IST,Nihanchester,24.18,yolda,2026-04-16 15:20:08,
TR104802,ANT,Aytözhaven,26.88,yolda,2026-01-20 00:30:33,
TR104803,ANK,North Atanur,24.21,teslim,2026-05-11 09:25:26,2026-05-18 09:25:26
TR104804,IST,New Ulutay,5.4,teslim,2026-01-14 13:57:57,2026-01-16 13:57:57
TR104805,ANT,Mançoburgh,24.06,teslim,2026-02-18 18:22:01,2026-02-20 18:22:01
TR104806,IST,Port Rakide,0.39,teslim,2026-05-28 03:52:09,2026-06-04 03:52:09
TR104807,IZM,Hamiyetside,26.12,teslim,2026-06-16 23:46:44,2026-06-22 23:46:44
TR104808,IST,New Maynurbury,4.77,iade,2026-02-27 15:19:34,
TR104809,BUR,Duranhaven,18.97,iade,2026-04-23 08:14:28,
TR104810,IST,South Evcimenview,18.42,yolda,2026-04-08 14:22:15,
TR104811,ANK,Mançohaven,6.07,teslim,2026-06-12 13:07:40,2026-06-18 13:07:40
TR104812,IST,South Alaeddinland,5.65,iade,2026-07-01 23:01:45,
TR104813,IST,Bilgenborough,0.21,iade,2026-02-13 16:56:20,
TR104814,ANK,West Sidar,6.39,iade,2026-02-22 22:26:19,
TR104815,IST,Port Kösemen,11.67,iade,2026-08-30 23:13:13,
TR104816,ANT,East Mecitfort,5.86,iade,2026-06-17 06:45:21,
TR104817,BUR,West Karaerbury,18.2,teslim,2026-06-17 09:06:50,2026-06-23 09:06:50
TR104818,IZM,Tokerside,21.97,teslim,2026-01-27 01:51:51,2026-01-31 01:51:51
TR104819,IST,South Tümertown,13.33,iade,2026-07-27 12:58:30,
TR104820,IST,Sağcanport,2.48,iade,2026-03-15 08:57:34,
TR104821,ANK,West Erenalp,26.36,teslim,2026-07-21 12:57:20,2026-07-24 12:57:20
TR104822,ANK,South Terlanton,21.03,iade,2026-09-06 09:50:46,
TR104823,IST,Sargıntown,5.73,iade,2026-03-26 02:54:41,
TR104824,ANK,Gülenland,4.96,yolda,2026-08-18 08:34:16,
TR104825,ANT,Akçayland,8.97,iade,2026-07-11 14:51:07,
TR104826,ANT,Lake Pirahmet,19.25,yolda,2026-07-29 09:11:21,
TR104827,IZM,istanbul,24.75,teslim,2026-08-28 23:17:07,2026-09-01 23:17:07
TR104828,ANK,Karadenizside,15.96,iade,2026-06-14 16:32:30,
TR104829,IZM,West Bozerkmouth,8.52,iade,2026-03-07 13:29:28,
TR104830,IST,Fıratville,1.98,teslim,2026-04-25 06:23:45,2026-04-26 06:23:45
TR104831,IST,Oguşburgh,18.63,yolda,2026-04-08 00:35:45,
TR104832,IST,Akçaview,20.25,yolda,2026-06-12 06:53:36,
TR104833,BUR,Mansızside,0.46,iade,2026-08-10 02:00:02,
TR104834,IST,Lake Mesude,9.62,iade,2026-09-06 20:21:03,
TR104835,ANT,Hançerhaven,20.38,yolda,2026-06-12 19:05:03,
TR104836,IZM,Yahşiland,21.84,teslim,2026-06-07 02:23:42,2026-06-12 02:23:42
TR104837,BUR,Muhiyeview,10.81,yolda,2026-05-17 04:36:32,
TR104838,IZM,,15.04,yolda,2026-05-11 20:15:16,
TR104839,IZM,North Verde,16.42,yolda,2026-08-30 17:47:47,
TR104840,ANK,Okgüçlüfurt,6.92,iade,2026-07-14 14:43:09,
TR104841,IZM,Edgübayland,12.35,teslim,2026-01-27 08:21:58,2026-01-28 08:21:58
TR104842,IZM,South Ufukayton,27.71,yolda,2026-07-13 08:11:08,
TR104843,BUR,Bilirchester,26.07,yolda,2026-04-08 06:08:32,
TR104844,BUR,South Özay,4.67,yolda,2026-05-12 04:00:45,
TR104845,BUR,New Menişanview,12.65,iade,2026-02-27 21:54:01,
TR104846,ANK,Nataliaton,23.67,teslim,2026-05-17 07:39:32,2026-05-24 07:39:32
TR104847,ANK,Yılmazton,12.04,yolda,2026-06-06 06:04:50,
TR104848,ANK,Esenbayport,4.62,teslim,2026-01-19 16:36:24,2026-01-23 16:36:24
TR104849,IST,Hıfzullahton,0.59,teslim,2026-08-04 00:57:02,2026-08-06 00:57:02
TR104850,ANK,Kısakürekview,8.2,yolda,2026-05-03 23:37:11,
TR104851,BUR,Şafakfort,11.83,teslim,2026-08-14 07:00:43,2026-08-15 07:00:43
TR104852,ANT,istanbul,8.4,yolda,2026-06-18 11:28:16,
TR104853,ANT,Port Taylakmouth,21.74,teslim,2026-03-13 22:03:43,2026-03-17 22:03:43
TR104854,BUR,Ecegülmouth,28.43,teslim,2026-06-23 13:51:18,2026-06-21 13:51:18
TR104855,IST,New Aynımahport,10.67,teslim,2026-05-22 01:57:27,2026-05-26 01:57:27
TR104856,IZM,East Feraye,21.21,teslim,2026-05-13 22:22:04,2026-05-14 22:22:04
TR104857,IZM,South Ermutlubury,4.33,iade,2026-09-03 10:22:01,
TR104858,BUR,,24.13,iade,2026-06-02 13:58:12,
TR104859,BUR,Port Şabettin,0.49,yolda,2026-03-01 20:54:19,
TR104860,ANK,Bahittinville,10.22,yolda,2026-05-20 18:10:46,
TR104861,ANT,Necvastad,12.93,yolda,2026-06-13 01:15:43,
TR104862,ANK,North Yıldızchester,15.94,teslim,2026-04-08 23:13:34,2026-04-13 23:13:34
TR104863,IZM,North Hiçsönmez,24.23,yolda,2026-03-13 07:28:26,
TR104864,ANT,Işıkaymouth,29.12,teslim,2026-03-10 03:53:56,2026-03-13 03:53:56
TR104865,BUR,Sezerfort,11.16,teslim,2026-06-25 08:38:57,2026-06-26 08:38:57
TR104866,IZM,Yamanmouth,20.68,teslim,2026-05-10 16:51:26,2026-05-12 16:51:26
TR104867,BUR,South Alpcanville,23.63,yolda,2026-09-05 05:49:25,
TR104868,IZM,West Özay,17.36,iade,2026-02-09 18:38:37,
TR104869,ANK,West Fatigülview,27.07,yolda,2026-02-17 20:58:35,
TR104870,ANT,Yorulmaztown,29.14,yolda,2026-08-05 05:26:06,
TR104871,ANT,North Büreyreshire,18.32,teslim,2026-08-06 13:30:45,2026-08-12 13:30:45
TR104872,ANT,Güçlüfort,14.15,teslim,2026-07-29 13:41:33,2026-08-02 13:41:33
TR104873,ANT,East Bozbağ,26.43,teslim,2026-08-15 02:22:16,2026-08-18 02:22:16
TR104874,ANK,Atanurtown,18.75,yolda,2026-03-18 05:08:51,
TR104875,BUR,Yamanchester,13.93,teslim,2026-04-26 04:05:08,2026-05-01 04:05:08
TR104876,IZM,Lake Şenkal,2.1,iade,2026-04-22 06:10:50,
TR104877,ANK,Lake Dölensoy,23.76,yolda,2026-02-08 15:22:38,
TR104878,ANK,East Gülperview,10.98,yolda,2026-03-15 00:06:35,
TR104879,ANK,Şamabury,6.78,teslim,2026-04-08 22:20:41,2026-04-12 22:20:41
TR104880,IZM,Zehranurshire,24.76,teslim,2026-06-26 02:22:28,2026-06-29 02:22:28
TR104881,ANT,South Hüdastad,4.47,yolda,2026-06-08 22:16:04,
TR104882,IZM,Rohathaven,14.59,yolda,2026-03-16 15:04:03,
TR104883,ANT,Erikville,26.51,yolda,2026-03-18 23:13:22,
TR104884,ANK,New Toy,28.74,teslim,2026-08-14 13:54:24,2026-08-21 13:54:24
TR104885,ANT,Sadittinton,3.7,iade,2026-04-18 09:51:53,
TR104886,IST,Eraslanport,22.09,iade,2026-01-22 06:42:15,
TR104887,ANT,Semrinmouth,8.55,teslim,2026-06-01 18:22:26,2026-06-06 18:22:26
TR104888,BUR,Port Koldan,21.05,yolda,2026-05-21 13:07:04,
TR104889,IZM,East Kenterberg,6.21,teslim,2026-02-08 20:38:06,2026-02-11 20:38:06
TR104890,IST,Günverfort,0.96,yolda,2026-07-02 20:14:04,
TR104891,BUR,South Altınçiçekfurt,2.45,iade,2026-09-08 03:53:10,
TR104892,ANK,Lake Soydaner,13.46,yolda,2026-03-31 04:22:20,
TR104893,ANT,Aksutown,4.79,yolda,2026-03-15 16:16:10,
TR104894,IZM,Tarhanburgh,3.32,yolda,2026-03-25 11:48:27,
TR104895,BUR,Ergültown,8.35,yolda,2026-02-07 08:01:30,
TR104896,ANT,Port Bellisanfurt,13.65,iade,2026-08-08 21:55:01,
TR104897,ANK,West Tutkunborough,9.75,teslim,2026-04-15 23:19:57,2026-04-20 23:19:57
TR104898,IST,Tevetoğlubury,26.05,teslim,2026-01-22 23:09:05,2026-01-23 23:09:05
TR104899,BUR,West Paye,11.13,iade,2026-05-16 06:55:14,
TR104900,BUR,Mülâyimport,16.55,yolda,2026-04-09 04:12:50,
TR104901,BUR,Port Zilfaville,19.43,iade,2026-01-14 15:49:49,
TR104902,ANK,Lake Özkentmouth,9.87,yolda,2026-07-28 23:04:34,
TR104903,IZM,Goncaferland,9.79,teslim,2026-07-13 05:17:40,2026-07-19 05:17:40
TR104904,IST,Hayretview,26.51,iade,2026-06-24 02:50:52,
TR104905,ANK,Süsenstad,14.95,teslim,2026-04-18 18:06:42,2026-04-24 18:06:42
TR104906,ANK,Şuaypton,,teslim,2026-04-21 16:29:03,2026-04-23 16:29:03
TR104907,ANK,Port Gülşeref,2.85,teslim,2026-08-04 13:51:06,2026-08-10 13:51:06
TR104908,IZM,South Nebihaborough,10.21,yolda,2026-05-30 12:21:22,
TR104909,IZM,North Salimetmouth,22.55,yolda,2026-07-03 23:08:37,
TR104910,BUR,East Günselmouth,16.4,yolda,2026-04-13 15:16:27,
TR104911,BUR,Güverçinfurt,19.29,iade,2026-07-24 03:50:41,
TR104912,ANK,Zenginhaven,16.49,yolda,2026-09-08 16:05:09,
TR104913,ANK,Port Yaşar,13.51,teslim,2026-07-28 21:07:16,2026-08-04 21:07:16
TR104914,IZM,West Tekinerfort,6.9,teslim,2026-08-30 15:23:40,2026-09-06 15:23:40
TR104915,ANT,Port Ceyhun,0.82,teslim,2026-08-22 20:16:46,2026-08-28 20:16:46
TR104916,ANK,Aylilberg,14.41,iade,2026-02-19 17:09:03,
TR104917,ANK,Bilginton,28.5,teslim,2026-04-18 15:13:37,2026-04-20 15:13:37
TR104918,IZM,Demirelview,9.76,teslim,2026-02-13 20:17:35,2026-02-18 20:17:35
TR104919,BUR,Erseçborough,0.68,iade,2026-03-19 01:05:51,
TR104920,BUR,İSTANBUL,0.8,yolda,2026-08-14 06:57:45,
TR104921,BUR,East Lerze,16.55,iade,2026-03-14 06:29:42,
TR104922,ANT,North Seblâ,1.18,teslim,2026-02-19 03:37:43,2026-02-21 03:37:43
TR104923,BUR,Yıldırımfurt,0.31,teslim,2026-08-11 13:19:54,2026-08-16 13:19:54
TR104924,IST,East Görsev,17.49,iade,2026-03-12 02:08:04,
TR104925,ANT,Lake Melikkanside,26.97,yolda,2026-07-28 22:54:21,
TR104926,ANK,East Eraycan,4.65,teslim,2026-04-02 10:32:11,2026-04-06 10:32:11
TR104927,ANT,North Kapaganbury,8.51,teslim,2026-01-27 11:06:11,2026-02-02 11:06:11
TR104928,IZM,North Başayhaven,15.38,iade,2026-03-19 07:37:05,
TR104929,ANK,Şafakfurt,22.65,teslim,2026-06-08 22:55:25,2026-06-15 22:55:25
TR104930,IZM,North Fermutaside,5.95,yolda,2026-02-23 13:59:12,
TR104931,BUR,Demirtown,3.66,yolda,2026-07-15 19:31:03,
TR104932,BUR,Port Sudiborough,0.96,yolda,2026-08-10 19:01:13,
TR104933,ANT,Çetinland,23.12,iade,2026-06-03 19:15:09,
TR104934,IST,Lake Nazlimside,1.35,teslim,2026-05-02 05:10:42,2026-05-04 05:10:42
TR104935,ANK,Selminbury,6.08,teslim,2026-05-02 10:45:44,2026-05-08 10:45:44
TR104936,IZM,Port Değerview,25.0,iade,2026-02-12 02:26:58,
TR104937,ANK,East Tekiner,26.61,iade,2026-06-22 15:00:52,
TR104938,IZM,Bilgeshire,13.97,yolda,2026-05-10 04:52:07,
TR104939,ANK,North Abdülahatborough,17.05,iade,2026-05-12 22:41:35,
TR104940,ANK,Karadenizfurt,15.38,yolda,2026-01-16 15:14:20,
TR104941,IST,West Sağıtmouth,6.57,yolda,2026-03-21 21:36:12,
TR104942,IZM,Dumanlıland,6.27,teslim,2026-08-26 13:18:08,2026-09-02 13:18:08
TR104943,BUR,Lake Aydınbeychester,21.63,iade,2026-05-18 18:38:42,
TR104944,BUR,Şafakview,18.09,yolda,2026-06-27 04:09:57,
TR104945,BUR,North Seferfurt,16.87,teslim,2026-02-14 19:27:45,2026-02-18 19:27:45
TR104946,ANK,Candenizland,2.42,yolda,2026-06-03 03:22:49,
TR104947,IST,Abdulkadirmouth,18.62,teslim,2026-04-07 08:56:57,2026-04-08 08:56:57
TR104948,IST,Denizalpfurt,9.17,teslim,2026-08-08 10:17:01,2026-08-11 10:17:01
TR104949,ANT,Nursedafort,28.84,yolda,2026-09-05 13:42:11,
TR104950,IZM,West Kerimeborough,6.54,teslim,2026-01-26 08:46:39,2026-01-27 08:46:39
TR104951,IZM,Durmuşborough,2.38,teslim,2026-06-26 00:37:47,2026-06-30 00:37:47
TR104952,IST,South Gülşa,8.99,yolda,2026-05-04 07:51:24,
TR104953,IZM,Aksufurt,4.34,teslim,2026-08-18 10:53:22,2026-08-19 10:53:22
TR104954,ANK,Çetintown,3.7,yolda,2026-09-02 18:43:54,
TR104955,IST,New Akmaral,26.42,iade,2026-08-03 02:35:46,
TR104956,ANK,South Gülsalınfort,0.53,yolda,2026-08-14 18:55:15,
TR104957,ANK,West Altınkayastad,13.71,teslim,2026-09-05 16:00:10,2026-09-11 16:00:10
TR104958,ANT,Akçaystad,8.27,iade,2026-08-27 17:35:46,
TR104959,ANT,New Ayülkerfurt,14.44,teslim,2026-07-05 04:56:59,2026-07-11 04:56:59
TR104960,ANK,East Alaeddin,6.54,iade,2026-01-19 03:33:42,
TR104961,BUR,South Zöhrehan,0.99,yolda,2026-02-12 20:22:26,
TR104962,BUR,Akdenizhaven,24.93,yolda,2026-05-29 07:13:42,
TR104963,ANK,South Akdora,29.19,yolda,2026-08-22 06:38:37,
TR104964,IST,New Abdülsamedshire,19.73,iade,2026-05-07 15:18:41,
TR104965,IZM,North Bağdat,21.59,yolda,2026-06-02 04:46:50,
TR104966,IZM,Fildanmouth,0.83,teslim,2026-05-30 08:23:46,2026-06-06 08:23:46
TR104967,ANK,Soylumouth,7.12,yolda,2026-02-24 19:28:46,
TR104968,IST,Lake Evrimerfort,29.88,yolda,2026-05-03 00:02:17,
TR104969,ANT,Tevetoğluburgh,25.08,teslim,2026-05-05 08:03:37,2026-05-12 08:03:37
TR104970,ANT,,28.57,yolda,2026-02-08 01:17:23,
TR104971,ANK,Cevherishire,21.5,yolda,2026-03-07 05:58:17,
TR104972,IST,South Rüşen,8.67,iade,2026-06-15 12:11:33,
TR104973,IZM,East Necilal,13.74,teslim,2026-03-19 19:42:26,2026-03-24 19:42:26
TR104974,ANT,Gabelshire,5.0,yolda,2026-07-14 12:35:12,
TR104975,IZM,Yorulmazview,21.81,iade,2026-02-07 23:36:38,
TR104976,ANK,Erseçville,9.69,iade,2026-06-01 09:11:05,
TR104977,IZM,Tülinport,12.27,iade,2026-08-13 01:11:00,
TR104978,BUR,Karadenizton,11.23,iade,2026-06-03 20:54:10,
TR104979,IZM,Öcalanhaven,4.51,yolda,2026-05-13 22:37:50,
TR104980,BUR,Port Melikkanberg,20.3,iade,2026-02-28 04:00:53,
TR104981,IZM,Ergültown,28.85,yolda,2026-02-28 03:10:16,
TR104982,IZM,Lake Ayvasland,26.55,teslim,2026-08-21 04:38:34,2026-08-26 04:38:34
TR104983,IZM,Lake Utkucan,19.4,yolda,2026-06-14 03:26:06,
TR104984,ANT,Babamouth,25.87,yolda,2026-06-18 07:15:44,
TR104985,IZM,Port Esenbay,15.24,teslim,2026-03-17 17:51:00,2026-03-18 17:51:00
TR104986,ANK,Akçayhaven,18.0,iade,2026-04-28 05:00:35,
TR104987,ANK,İlperview,25.55,iade,2026-03-14 08:33:16,
TR104988,ANK,North Dilşathaven,29.32,iade,2026-01-12 00:50:14,
TR104989,BUR,East Yahşi,2.54,teslim,2026-07-29 17:47:29,2026-08-05 17:47:29
TR104990,IST,Yükselland,29.72,yolda,2026-04-21 18:01:13,
TR104991,IST,Erdoğanfurt,15.64,iade,2026-03-03 23:38:35,
TR104992,IST,Abdürreşitfort,7.72,iade,2026-08-08 15:47:34,
TR104993,ANK,Port Yadigarside,22.22,iade,2026-02-04 16:02:23,
TR104994,IZM,North Maşidestad,14.73,iade,2026-02-01 23:38:27,
TR104995,IZM,Port Belkize,16.5,yolda,2026-01-10 11:15:50,
TR104996,ANT,West Karabaşchester,19.74,yolda,2026-02-21 11:35:22,
TR104997,ANK,Lake Yolalbury,17.35,yolda,2026-02-10 11:28:28,
TR104998,BUR,Port Limonberg,20.67,iade,2026-06-30 04:17:24,
TR104999,BUR,North Begimland,4.76,teslim,2026-03-28 14:11:59,2026-03-30 14:11:59
TR101501,IZM,Akçayville,28.42,iade,2026-03-15 12:39:05,
TR102586,IZM,Arsoyberg,27.66,iade,2026-04-10 01:31:12,
TR102653,IZM,North Zoral,15.54,teslim,2026-06-06 19:56:30,2026-06-07 19:56:30
TR101055,BUR,Züheylaville,21.05,yolda,2026-08-10 18:33:00,
TR100705,IST,West Ayaydınville,9.99,teslim,2026-05-13 22:09:20,2026-05-20 22:09:20
TR100106,ANT,Tarhanside,14.71,yolda,2026-07-26 21:42:32,
TR100589,IST,Karcanville,24.33,yolda,2026-03-11 07:32:23,
TR102468,IZM,South Azize,22.42,yolda,2026-06-07 08:10:22,
TR102413,ANT,Durdutown,9.01,teslim,2026-05-11 18:32:43,2026-05-14 18:32:43
TR101600,ANK,West Aykutfurt,29.38,iade,2026-06-27 21:43:17,
TR102464,ANK,Melihcanberg,28.42,yolda,2026-03-06 02:08:20,
TR100228,BUR,,14.71,iade,2026-07-28 22:05:18,
TR100915,IST,Hafızachester,20.2,iade,2026-02-12 08:33:14,
TR100794,IZM,Özbayshire,4.66,yolda,2026-08-06 09:13:21,
TR103021,BUR,Emişberg,17.62,iade,2026-04-27 07:33:20,
TR103543,IZM,West Örfiyeside,18.73,yolda,2026-01-10 04:59:59,
TR101073,IST,Özdeşville,0.75,yolda,2026-03-20 03:02:18,
TR103351,IST,West Bedi,17.47,teslim,2026-05-15 09:42:41,2026-05-19 09:42:41
TR101744,ANT,Görklütown,17.16,iade,2026-07-06 22:57:10,
TR101084,BUR,North Onukerborough,4.2,yolda,2026-05-11 11:51:00,
TR100926,BUR,Savnihaven,12.33,iade,2026-08-12 11:13:18,
TR103049,ANT,South Şabettin,3.77,teslim,2026-09-02 02:44:59,2026-09-03 02:44:59
TR101117,ANK,Lake İlklimaland,5.41,yolda,2026-02-25 00:23:36,
TR100642,IZM,Kısakürekfurt,22.94,yolda,2026-02-15 09:11:30,
TR104767,BUR,Akçayborough,4.83,iade,2026-05-15 05:56:23,
TR100501,IZM,South Ertünview,5.49,teslim,2026-01-13 05:55:22,2026-01-16 05:55:22
TR104066,IZM,West Hıfzullahside,15.97,iade,2026-02-05 05:45:02,
TR100333,ANT,Port Acarkan,4.38,yolda,2026-08-21 00:42:13,
TR104684,BUR,South Ülküdeşville,7.68,teslim,2026-02-24 02:17:10,2026-03-03 02:17:10
TR100486,ANK,Ayyarukland,21.26,teslim,2026-06-16 18:45:38,2026-06-17 18:45:38
TR101962,BUR,New Abdülcemal,14.68,yolda,2026-04-26 00:18:19,
TR100393,ANK,East Evcimen,17.71,yolda,2026-07-17 22:04:38,
TR104842,IZM,South Ufukayton,27.71,yolda,2026-07-13 08:11:08,
TR104866,IZM,Yamanmouth,20.68,teslim,2026-05-10 16:51:26,2026-05-12 16:51:26
TR101755,IZM,Lake Yetişalfurt,10.5,teslim,2026-05-13 11:25:16,2026-05-20 11:25:16
TR102515,IST,Akarland,19.72,yolda,2026-06-26 09:05:11,
TR103585,ANT,Hayrioğlufort,23.77,iade,2026-02-14 04:35:44,
TR104315,IST,Lake Başay,25.22,iade,2026-06-26 18:34:53,
TR104966,IZM,Fildanmouth,0.83,teslim,2026-05-30 08:23:46,2026-06-06 08:23:46
TR102099,ANK,Port Şahıgül,0.86,teslim,2026-07-03 11:23:01,2026-07-04 11:23:01
TR103599,ANK,South Sehel,24.44,yolda,2026-04-15 08:32:52,
TR104121,ANK,Müretbury,29.81,iade,2026-08-27 02:50:52,
TR100029,BUR,Lake Günaydin,4.37,yolda,2026-02-21 15:42:28,
TR100065,BUR,South Abdulmenaf,12.39,yolda,2026-02-01 20:13:31,
TR100838,BUR,East Turabiberg,6.92,yolda,2026-05-08 05:11:34,
TR103906,BUR,Çetinbury,27.33,yolda,2026-06-28 03:24:31,
TR103773,IST,East Mevlüdiyemouth,26.19,yolda,2026-09-06 20:51:16,
TR104635,IST,Yoruçside,26.18,yolda,2026-05-14 16:13:55,
TR103161,BUR,South Enfesburgh,0.87,yolda,2026-02-23 05:08:04,
TR102659,ANT,West Cabir,23.39,iade,2026-01-22 15:23:03,
